licence_profile_name,document_type,title,leap_url,document_date,compliance_status,compliance_date,profilenumber,licenceprofileid,document_url
PDM Timber Treatment Limited - P0325,Complaint,"P0325-02, 20/06/25, Odour",https://leap.epa.ie/licence-profile/P0325/compliance/complaint/082041a5-e64d-f011-a373-0050568a2d1a,2025-06-20T00:00:00+00:00,Closed,2025-06-20T00:00:00,P0325,9a5dfee4-003a-4c50-9ade-d074dff60ab8,https://data.epa.ie/leap/api/v1/Complaint/byid?complaint_id=082041a5-e64d-f011-a373-0050568a2d1a
PDM Timber Treatment Limited - P0325,Complaint,"P0325-02, 20/06/25, Odour",https://leap.epa.ie/licence-profile/P0325/compliance/complaint/1322cfbe-cc4d-f011-a373-0050568a2d1a,2025-06-20T00:00:00+00:00,Closed,2025-06-20T00:00:00,P0325,9a5dfee4-003a-4c50-9ade-d074dff60ab8,https://data.epa.ie/leap/api/v1/Complaint/byid?complaint_id=1322cfbe-cc4d-f011-a373-0050568a2d1a
Irish Cement Limited (Limerick) - P0029,Complaint,"P0029-06, 20/06/25, Noise Complaint",https://leap.epa.ie/licence-profile/P0029/compliance/complaint/65b8c316-1251-f011-a373-0050568a2d1a,2025-06-20T00:00:00+00:00,Open,2025-06-20T00:00:00,P0029,a20c2008-1c83-446a-957a-1d1c34b9b5f2,https://data.epa.ie/leap/api/v1/Complaint/byid?complaint_id=65b8c316-1251-f011-a373-0050568a2d1a
ERAS ECO Ltd - W0211,Complaint,COM021121 - Web Submission,https://leap.epa.ie/licence-profile/W0211/compliance/complaint/71f2536d-bb4d-f011-a373-0050568a2d1a,2025-06-20T00:00:00+00:00,Open,2025-06-20T00:00:00,W0211,8851c993-adac-4688-93b4-13c9820afc14,https://data.epa.ie/leap/api/v1/Complaint/byid?complaint_id=71f2536d-bb4d-f011-a373-0050568a2d1a
Swords - D0024,Complaint,Smell of sewage from Swords WWTP,https://leap.epa.ie/licence-profile/D0024/compliance/complaint/84049b45-e950-f011-a373-0050568a2d1a,2025-06-20T00:00:00+00:00,Open,2025-06-20T00:00:00,D0024,b6f6a05d-2001-434b-bbf5-49e2a3c8e6c2,https://data.epa.ie/leap/api/v1/Complaint/byid?complaint_id=84049b45-e950-f011-a373-0050568a2d1a
Tirlán Limited - P0799,Complaint,"P0799-01, 22/05/2025, Odour complaint",https://leap.epa.ie/licence-profile/P0799/compliance/complaint/8de8b75e-c737-f011-a373-0050568a2d1a,2025-06-20T00:00:00+00:00,Closed,2025-05-23T00:00:00,P0799,0a5e1eb7-ebba-47fb-90b9-8038cc0439c7,https://data.epa.ie/leap/api/v1/Complaint/byid?complaint_id=8de8b75e-c737-f011-a373-0050568a2d1a
PDM Timber Treatment Limited - P0325,Complaint,"P0325-02, 20/06/25, Odour",https://leap.epa.ie/licence-profile/P0325/compliance/complaint/a47c752f-cb4d-f011-a373-0050568a2d1a,2025-06-20T00:00:00+00:00,Closed,2025-06-20T00:00:00,P0325,9a5dfee4-003a-4c50-9ade-d074dff60ab8,https://data.epa.ie/leap/api/v1/Complaint/byid?complaint_id=a47c752f-cb4d-f011-a373-0050568a2d1a
GP Wood Ltd - P0594,Complaint,"P0594-02, 20/06/2025, Air Quality",https://leap.epa.ie/licence-profile/P0594/compliance/complaint/aeccfaf4-1e4e-f011-a373-0050568a2d1a,2025-06-20T00:00:00+00:00,Open,2025-06-20T00:00:00,P0594,a8bf7e16-caba-4137-a7d7-d34c1df05886,https://data.epa.ie/leap/api/v1/Complaint/byid?complaint_id=aeccfaf4-1e4e-f011-a373-0050568a2d1a
Derryclure Landfill - W0029,Incident,Breach of ELV,https://leap.epa.ie/licence-profile/W0029/compliance/incident/00ca3d83-ce4d-f011-a373-0050568a2d1a,2025-06-20T00:00:00+00:00,Closed,2025-06-20T00:00:00,W0029,a3148361-f26a-4d49-b615-f37a0a243e7b,https://data.epa.ie/leap/api/v1/Incident/byid?incident_id=00ca3d83-ce4d-f011-a373-0050568a2d1a
Enva Ireland Limited (Portlaoise) - W0184,Incident,Trigger Level Reached,https://leap.epa.ie/licence-profile/W0184/compliance/incident/044504a1-e34d-f011-a373-0050568a2d1a,2025-06-20T00:00:00+00:00,Open,2025-06-20T00:00:00,W0184,312183f0-4244-4492-bc6c-7c511d9b55d4,https://data.epa.ie/leap/api/v1/Incident/byid?incident_id=044504a1-e34d-f011-a373-0050568a2d1a
Shanganagh-Bray - D0038,Incident,Issue with electrical transformers,https://leap.epa.ie/licence-profile/D0038/compliance/incident/30139214-e94d-f011-a373-0050568a2d1a,2025-06-20T00:00:00+00:00,Open,2025-06-20T00:00:00,D0038,55a0db98-f5e3-4eea-b4b0-1d2fb1cf1469,https://data.epa.ie/leap/api/v1/Incident/byid?incident_id=30139214-e94d-f011-a373-0050568a2d1a
Allenwood - D0493,Incident,Uncontrolled Release,https://leap.epa.ie/licence-profile/D0493/compliance/incident/39ce6085-c14d-f011-a373-0050568a2d1a,2025-06-20T00:00:00+00:00,Closed,2025-06-20T00:00:00,D0493,9cb217c7-9726-4cd7-9274-180b04867c84,https://data.epa.ie/leap/api/v1/Incident/byid?incident_id=39ce6085-c14d-f011-a373-0050568a2d1a
Medtronic Vascular Galway Unlimited Company - P0264,Incident,Spillage,https://leap.epa.ie/licence-profile/P0264/compliance/incident/61c2fea1-ea4d-f011-a373-0050568a2d1a,2025-06-20T00:00:00+00:00,Open,2025-06-20T00:00:00,P0264,e4bef1a4-ba28-44db-8dfb-95f810f30f55,https://data.epa.ie/leap/api/v1/Incident/byid?incident_id=61c2fea1-ea4d-f011-a373-0050568a2d1a
Pelagia Feed (Ireland) Limited - P0416,Incident,Odour,https://leap.epa.ie/licence-profile/P0416/compliance/incident/637036de-c64d-f011-a373-0050568a2d1a,2025-06-20T00:00:00+00:00,Open,2025-06-20T00:00:00,P0416,f1a9cb44-5def-4927-8bf8-9fd9602a6ef8,https://data.epa.ie/leap/api/v1/Incident/byid?incident_id=637036de-c64d-f011-a373-0050568a2d1a
Tullow Wastewater Treatment Plant - D0091,Incident,Monitoring Equipment Issues,https://leap.epa.ie/licence-profile/D0091/compliance/incident/6be9dc52-ca4d-f011-a373-0050568a2d1a,2025-06-20T00:00:00+00:00,Open,2025-06-20T00:00:00,D0091,c42bf6c8-9101-48a3-8f9c-62cdbfd157a5,https://data.epa.ie/leap/api/v1/Incident/byid?incident_id=6be9dc52-ca4d-f011-a373-0050568a2d1a
Aughinish Alumina Limited - P0035,Incident,Uncontrolled Release,https://leap.epa.ie/licence-profile/P0035/compliance/incident/809070c6-8935-f011-a373-0050568a2d1a,2025-06-20T00:00:00+00:00,Closed,2025-05-20T00:00:00,P0035,d1e6c8d5-9eb1-4ef3-80ca-36749fa01321,https://data.epa.ie/leap/api/v1/Incident/byid?incident_id=809070c6-8935-f011-a373-0050568a2d1a
Mohill - D0277,Incident,Uncontrolled Release,https://leap.epa.ie/licence-profile/D0277/compliance/incident/94b5a7f4-ca4d-f011-a373-0050568a2d1a,2025-06-20T00:00:00+00:00,Open,2025-06-20T00:00:00,D0277,b482cf38-9857-44a4-8e2b-34ce69da11e4,https://data.epa.ie/leap/api/v1/Incident/byid?incident_id=94b5a7f4-ca4d-f011-a373-0050568a2d1a
Waste Recovery Services (Fermoy) Limited - W0107,Requests for Approval and Site Reports,Waste Outlet.,https://leap.epa.ie/licence-profile/W0107/compliance/return/034b1eea-e2df-ef11-a372-0050568a2d1a,2025-06-20T00:00:00+00:00,Closed,2025-01-31T00:00:00,W0107,88b52f89-872b-4046-a2ab-d219d6985f1e,https://data.epa.ie/leap/api/v1/LicenseeReturns/byid?lr_id=034b1eea-e2df-ef11-a372-0050568a2d1a
Mondelez Ireland Production Limited (Coolock) - P0809,Site Updates/Notifications,2025 Roof Cleaning Record,https://leap.epa.ie/licence-profile/P0809/compliance/return/0a4a7b8f-a447-f011-a373-0050568a2d1a,2025-06-20T00:00:00+00:00,Closed,2025-06-12T00:00:00,P0809,424e2cce-c667-4fd9-9b74-a2f41ac6f4e9,https://data.epa.ie/leap/api/v1/LicenseeReturns/byid?lr_id=0a4a7b8f-a447-f011-a373-0050568a2d1a
City Bin Co Ltd - W0148,Site Updates/Notifications,One-Week Extension Request for CRAMP & ELRA,https://leap.epa.ie/licence-profile/W0148/compliance/return/1451d9c4-e84d-f011-a373-0050568a2d1a,2025-06-20T00:00:00+00:00,Open,2025-06-20T00:00:00,W0148,4d7c5b02-166b-4b08-872b-8f89f1e94849,https://data.epa.ie/leap/api/v1/LicenseeReturns/byid?lr_id=1451d9c4-e84d-f011-a373-0050568a2d1a
Forest Laboratories Ireland Limited - P0306,Site Updates/Notifications,QUARTERLY RTO EMISSION REPORT,https://leap.epa.ie/licence-profile/P0306/compliance/return/1797df8d-e330-f011-a373-0050568a2d1a,2025-06-20T00:00:00+00:00,Closed,2025-05-14T00:00:00,P0306,cc43e214-bf6b-48f5-8cc5-fa67457b2e25,https://data.epa.ie/leap/api/v1/LicenseeReturns/byid?lr_id=1797df8d-e330-f011-a373-0050568a2d1a
Thorntons Recycling Centre (Ballyfermot) - W0044,Site Updates/Notifications,Site Visit Follow Up Information,https://leap.epa.ie/licence-profile/W0044/compliance/return/19c2e4dc-a546-f011-a373-0050568a2d1a,2025-06-20T00:00:00+00:00,Closed,2025-06-11T00:00:00,W0044,f6bad764-903c-42ee-a586-7d517000d5a1,https://data.epa.ie/leap/api/v1/LicenseeReturns/byid?lr_id=19c2e4dc-a546-f011-a373-0050568a2d1a
Clarochem Ireland Limited - P0125,Site Updates/Notifications,Site Visit Reference No. SV31772,https://leap.epa.ie/licence-profile/P0125/compliance/return/314e12f6-113b-f011-a373-0050568a2d1a,2025-06-20T00:00:00+00:00,Closed,2025-05-27T00:00:00,P0125,582c502f-08c7-4351-8a3e-f35bf25777c1,https://data.epa.ie/leap/api/v1/LicenseeReturns/byid?lr_id=314e12f6-113b-f011-a373-0050568a2d1a
Adhesives Research Ireland Limited - P0452,Requests for Approval and Site Reports,ODS and F-Gas Maintenance and Leak Check Record,https://leap.epa.ie/licence-profile/P0452/compliance/return/4a6a2901-4915-f011-a373-0050568a2d1a,2025-06-20T00:00:00+00:00,Closed,2025-04-09T00:00:00,P0452,24b741b8-3179-48f7-b055-bdf4d7f1eedd,https://data.epa.ie/leap/api/v1/LicenseeReturns/byid?lr_id=4a6a2901-4915-f011-a373-0050568a2d1a
Ipsen Manufacturing Limited - P0117,Site Updates/Notifications,SV31851 Action - Bunding,https://leap.epa.ie/licence-profile/P0117/compliance/return/4fd932cd-d242-f011-a373-0050568a2d1a,2025-06-20T00:00:00+00:00,Closed,2025-06-06T00:00:00,P0117,0251c65c-5ad5-49cf-a86f-e1a3404bf003,https://data.epa.ie/leap/api/v1/LicenseeReturns/byid?lr_id=4fd932cd-d242-f011-a373-0050568a2d1a
Boliden Tara Mines Limited - P0516,Requests for Approval and Site Reports,RFA groundwater monitoring frequency at selected locations at TSF in line with Condition 6.8,https://leap.epa.ie/licence-profile/P0516/compliance/return/52032970-7f1f-f011-a373-0050568a2d1a,2025-06-20T00:00:00+00:00,Closed,2025-04-22T00:00:00,P0516,87b64801-f4eb-4205-9197-0233586a0f2e,https://data.epa.ie/leap/api/v1/LicenseeReturns/byid?lr_id=52032970-7f1f-f011-a373-0050568a2d1a
Mondelez Ireland Production Limited (Coolock) - P0809,Site Updates/Notifications,Bund Hydrostatic Tests and Inspections,https://leap.epa.ie/licence-profile/P0809/compliance/return/649d8233-0c3c-f011-a373-0050568a2d1a,2025-06-20T00:00:00+00:00,Closed,2025-05-28T00:00:00,P0809,424e2cce-c667-4fd9-9b74-a2f41ac6f4e9,https://data.epa.ie/leap/api/v1/LicenseeReturns/byid?lr_id=649d8233-0c3c-f011-a373-0050568a2d1a
Upjohn Manufacturing Ireland Unlimited Company - P0136,Site Updates/Notifications,Shut Down Notification 2025,https://leap.epa.ie/licence-profile/P0136/compliance/return/6b19fd3a-134d-f011-a373-0050568a2d1a,2025-06-20T00:00:00+00:00,Closed,2025-06-19T00:00:00,P0136,6ed808bd-bcb9-4113-a492-5fa5c46e02d3,https://data.epa.ie/leap/api/v1/LicenseeReturns/byid?lr_id=6b19fd3a-134d-f011-a373-0050568a2d1a
Socomore Ireland Limited - P0983,Monitoring Returns,Soil Monitoring Report,https://leap.epa.ie/licence-profile/P0983/compliance/return/6f5484c2-da2f-f011-a373-0050568a2d1a,2025-06-20T00:00:00+00:00,Closed,2025-05-13T00:00:00,P0983,5a524c30-0fa4-e511-987f-0050568a69e2,https://data.epa.ie/leap/api/v1/LicenseeReturns/byid?lr_id=6f5484c2-da2f-f011-a373-0050568a2d1a
Forest Laboratories Ireland Limited - P0306,Monitoring Returns,QUARTERLY VOLUMETRIC FLOW RATE,https://leap.epa.ie/licence-profile/P0306/compliance/return/7d0c7868-d730-f011-a373-0050568a2d1a,2025-06-20T00:00:00+00:00,Closed,2025-05-14T00:00:00,P0306,cc43e214-bf6b-48f5-8cc5-fa67457b2e25,https://data.epa.ie/leap/api/v1/LicenseeReturns/byid?lr_id=7d0c7868-d730-f011-a373-0050568a2d1a
Forest Laboratories Ireland Limited - P0306,Site Updates/Notifications,RTO LOGIC DESCRIPTION AND CHEMICAL CABINET CERTS,https://leap.epa.ie/licence-profile/P0306/compliance/return/7f1e9ed2-8740-f011-a373-0050568a2d1a,2025-06-20T00:00:00+00:00,Closed,2025-06-03T00:00:00,P0306,cc43e214-bf6b-48f5-8cc5-fa67457b2e25,https://data.epa.ie/leap/api/v1/LicenseeReturns/byid?lr_id=7f1e9ed2-8740-f011-a373-0050568a2d1a
Irish Cement Limited (Limerick) - P0029,Site Updates/Notifications,ICL Limerick 2025 - Blast 8 29th May,https://leap.epa.ie/licence-profile/P0029/compliance/return/7f804b44-a437-f011-a373-0050568a2d1a,2025-06-20T00:00:00+00:00,Closed,2025-05-23T00:00:00,P0029,a20c2008-1c83-446a-957a-1d1c34b9b5f2,https://data.epa.ie/leap/api/v1/LicenseeReturns/byid?lr_id=7f804b44-a437-f011-a373-0050568a2d1a
Derryclure Landfill - W0029,Site Updates/Notifications,Response to NCO 32080,https://leap.epa.ie/licence-profile/W0029/compliance/return/8489f39b-de4d-f011-a373-0050568a2d1a,2025-06-20T00:00:00+00:00,Open,2025-06-20T00:00:00,W0029,a3148361-f26a-4d49-b615-f37a0a243e7b,https://data.epa.ie/leap/api/v1/LicenseeReturns/byid?lr_id=8489f39b-de4d-f011-a373-0050568a2d1a
Carton Bros - P1021,Site Updates/Notifications,Progress Photos,https://leap.epa.ie/licence-profile/P1021/compliance/return/855110c7-eb35-f011-a373-0050568a2d1a,2025-06-20T00:00:00+00:00,Closed,2025-05-21T00:00:00,P1021,6e5dd59e-48ab-e611-8d41-0050568a69e2,https://data.epa.ie/leap/api/v1/LicenseeReturns/byid?lr_id=855110c7-eb35-f011-a373-0050568a2d1a
GP Wood Ltd - P0594,Monitoring Returns,May 2025 Surface Water Report,https://leap.epa.ie/licence-profile/P0594/compliance/return/858b00c5-e54d-f011-a373-0050568a2d1a,2025-06-20T00:00:00+00:00,Open,2025-06-20T00:00:00,P0594,a8bf7e16-caba-4137-a7d7-d34c1df05886,https://data.epa.ie/leap/api/v1/LicenseeReturns/byid?lr_id=858b00c5-e54d-f011-a373-0050568a2d1a
Forest Laboratories Ireland Limited - P0306,Site Updates/Notifications,MAY 2025 ACTIVE AIR EMISSION POINTS,https://leap.epa.ie/licence-profile/P0306/compliance/return/993848bd-c830-f011-a373-0050568a2d1a,2025-06-20T00:00:00+00:00,Closed,2025-05-14T00:00:00,P0306,cc43e214-bf6b-48f5-8cc5-fa67457b2e25,https://data.epa.ie/leap/api/v1/LicenseeReturns/byid?lr_id=993848bd-c830-f011-a373-0050568a2d1a
Chemifloc Limited - P0076,Monitoring Returns,"SW1, SW2 & SW3 Monitoring for February 2025",https://leap.epa.ie/licence-profile/P0076/compliance/return/a20e9fad-d22c-f011-a373-0050568a2d1a,2025-06-20T00:00:00+00:00,Closed,2025-05-09T00:00:00,P0076,55500f73-0ba0-4716-8d23-365670e0dc31,https://data.epa.ie/leap/api/v1/LicenseeReturns/byid?lr_id=a20e9fad-d22c-f011-a373-0050568a2d1a
Great Northern Distillery Ltd - P0996,Site Updates/Notifications,Maintenance shutdown,https://leap.epa.ie/licence-profile/P0996/compliance/return/a5f9162c-254d-f011-a373-0050568a2d1a,2025-06-20T00:00:00+00:00,Closed,2025-06-19T00:00:00,P0996,6eba8e7c-11fb-e411-a5db-0050568a69e2,https://data.epa.ie/leap/api/v1/LicenseeReturns/byid?lr_id=a5f9162c-254d-f011-a373-0050568a2d1a
Oled Material Manufacturing Limited - P0020,Monitoring Returns,2024 Noise Monitoring,https://leap.epa.ie/licence-profile/P0020/compliance/return/a816220e-c84a-f011-a373-0050568a2d1a,2025-06-20T00:00:00+00:00,Closed,2025-06-16T00:00:00,P0020,1b3d43b2-2b13-4bab-a61a-ea698de8889a,https://data.epa.ie/leap/api/v1/LicenseeReturns/byid?lr_id=a816220e-c84a-f011-a373-0050568a2d1a
ERAS ECO Ltd - W0211,Annual Environmental Report,Wo211-02,https://leap.epa.ie/licence-profile/W0211/compliance/return/b17b6315-e74d-f011-a373-0050568a2d1a,2025-06-20T00:00:00+00:00,Open,2025-06-20T00:00:00,W0211,8851c993-adac-4688-93b4-13c9820afc14,https://data.epa.ie/leap/api/v1/LicenseeReturns/byid?lr_id=b17b6315-e74d-f011-a373-0050568a2d1a
Oled Material Manufacturing Limited - P0020,Site Updates/Notifications,Groundwater well labelling,https://leap.epa.ie/licence-profile/P0020/compliance/return/b38cb70c-c64a-f011-a373-0050568a2d1a,2025-06-20T00:00:00+00:00,Closed,2025-06-16T00:00:00,P0020,1b3d43b2-2b13-4bab-a61a-ea698de8889a,https://data.epa.ie/leap/api/v1/LicenseeReturns/byid?lr_id=b38cb70c-c64a-f011-a373-0050568a2d1a
P Carney Limited - P0402,Site Updates/Notifications,EPA Response Letter Ref LR091982,https://leap.epa.ie/licence-profile/P0402/compliance/return/b62e77e9-534b-f011-a373-0050568a2d1a,2025-06-20T00:00:00+00:00,Closed,2025-06-17T00:00:00,P0402,6c657b55-341c-41dc-b4c0-6a318471dc64,https://data.epa.ie/leap/api/v1/LicenseeReturns/byid?lr_id=b62e77e9-534b-f011-a373-0050568a2d1a
Lower Liffey Valley Regional Sewerage Scheme - D0004,Site Updates/Notifications,WWBG Capital Maintenane Works- Sewer Survey and Cleaning Works U/S of Leixlip WWtP,https://leap.epa.ie/licence-profile/D0004/compliance/return/c15327e9-cf4d-f011-a373-0050568a2d1a,2025-06-20T00:00:00+00:00,Open,2025-06-20T00:00:00,D0004,7196c04b-4bd8-478e-99af-010482136e26,https://data.epa.ie/leap/api/v1/LicenseeReturns/byid?lr_id=c15327e9-cf4d-f011-a373-0050568a2d1a
Midleton - D0056,Annual Environmental Report,Correction on AER reports,https://leap.epa.ie/licence-profile/D0056/compliance/return/c3f62aec-d34d-f011-a373-0050568a2d1a,2025-06-20T00:00:00+00:00,Open,2025-06-20T00:00:00,D0056,b2c067ea-de2f-4275-8982-feb0724a0a82,https://data.epa.ie/leap/api/v1/LicenseeReturns/byid?lr_id=c3f62aec-d34d-f011-a373-0050568a2d1a
Starrus Eco Holdings Limited (Millenium Business Park) - W0183,Annual Environmental Report,2024 AER,https://leap.epa.ie/licence-profile/W0183/compliance/return/d5c28640-dc4d-f011-a373-0050568a2d1a,2025-06-20T00:00:00+00:00,Open,2025-06-20T00:00:00,W0183,cf22f339-6828-4cec-af41-c14e1aa882b4,https://data.epa.ie/leap/api/v1/LicenseeReturns/byid?lr_id=d5c28640-dc4d-f011-a373-0050568a2d1a
ZOETIS BELGIUM S.A - P0015,Site Updates/Notifications,EMCA Pit,https://leap.epa.ie/licence-profile/P0015/compliance/return/d9d0ebb9-bc4d-f011-a373-0050568a2d1a,2025-06-20T00:00:00+00:00,Closed,2025-06-20T00:00:00,P0015,4447b20a-0d78-4af0-8ceb-27fcdd0f6fe8,https://data.epa.ie/leap/api/v1/LicenseeReturns/byid?lr_id=d9d0ebb9-bc4d-f011-a373-0050568a2d1a
Chemifloc Limited - P0076,Monitoring Returns,"SW1, SW2 & SW3 Monitoring for March 2025",https://leap.epa.ie/licence-profile/P0076/compliance/return/e7024fdd-d22c-f011-a373-0050568a2d1a,2025-06-20T00:00:00+00:00,Closed,2025-05-09T00:00:00,P0076,55500f73-0ba0-4716-8d23-365670e0dc31,https://data.epa.ie/leap/api/v1/LicenseeReturns/byid?lr_id=e7024fdd-d22c-f011-a373-0050568a2d1a
Socomore Ireland Limited - P0983,Monitoring Returns,Groundwater Monitoring Report - Biannual 1 2025,https://leap.epa.ie/licence-profile/P0983/compliance/return/f4154649-0e4c-f011-a373-0050568a2d1a,2025-06-20T00:00:00+00:00,Closed,2025-06-18T00:00:00,P0983,5a524c30-0fa4-e511-987f-0050568a69e2,https://data.epa.ie/leap/api/v1/LicenseeReturns/byid?lr_id=f4154649-0e4c-f011-a373-0050568a2d1a
Walshestown Restoration Limited - W0254,EPA Initiated Correspondence,,https://leap.epa.ie/licence-profile/W0254/compliance/epa-correspondence/094f8019-b64d-f011-a373-0050568a2d1a,2025-06-20T00:00:00+00:00,Closed,2025-06-20T00:00:00,W0254,af4ef788-0ab5-4ca6-8f58-98bd88a78c59,https://data.epa.ie/leap/api/v1/MeetingCorrespondence/epainiciatedcorrespondencebyid?epainitiatedcorrespondence_id=094f8019-b64d-f011-a373-0050568a2d1a
Shanganagh-Bray - D0038,EPA Initiated Correspondence,,https://leap.epa.ie/licence-profile/D0038/compliance/epa-correspondence/18469a8c-9247-f011-a373-0050568a2d1a,2025-06-20T00:00:00+00:00,Open (Eden),2025-06-12T00:00:00,D0038,55a0db98-f5e3-4eea-b4b0-1d2fb1cf1469,https://data.epa.ie/leap/api/v1/MeetingCorrespondence/epainiciatedcorrespondencebyid?epainitiatedcorrespondence_id=18469a8c-9247-f011-a373-0050568a2d1a
MC-Building Chemicals Müller and Partners. - P0464,EPA Initiated Correspondence,,https://leap.epa.ie/licence-profile/P0464/compliance/epa-correspondence/67c8a2ac-4c4b-f011-a373-0050568a2d1a,2025-06-20T00:00:00+00:00,Closed,2025-06-20T00:00:00,P0464,de2f870e-d4c2-4c0f-b4ae-5f99e603a590,https://data.epa.ie/leap/api/v1/MeetingCorrespondence/epainiciatedcorrespondencebyid?epainitiatedcorrespondence_id=67c8a2ac-4c4b-f011-a373-0050568a2d1a
Walshestown Restoration Limited - W0254,EPA Initiated Correspondence,,https://leap.epa.ie/licence-profile/W0254/compliance/epa-correspondence/c27f47aa-b34d-f011-a373-0050568a2d1a,2025-06-20T00:00:00+00:00,Open,2025-06-20T00:00:00,W0254,af4ef788-0ab5-4ca6-8f58-98bd88a78c59,https://data.epa.ie/leap/api/v1/MeetingCorrespondence/epainiciatedcorrespondencebyid?epainitiatedcorrespondence_id=c27f47aa-b34d-f011-a373-0050568a2d1a
Clarochem Ireland Limited - P0125,Non Compliance,,https://leap.epa.ie/licence-profile/P0125/compliance/non-compliance/01040c49-3045-f011-a373-0050568a2d1a,2025-06-20T00:00:00+00:00,Issued,2025-06-20T00:00:00,P0125,582c502f-08c7-4351-8a3e-f35bf25777c1,https://data.epa.ie/leap/api/v1/NonCompliance/byid?nc_id=01040c49-3045-f011-a373-0050568a2d1a
ERAS ECO Ltd - W0211,Non Compliance,,https://leap.epa.ie/licence-profile/W0211/compliance/non-compliance/0b41914b-934b-f011-a373-0050568a2d1a,2025-06-20T00:00:00+00:00,Issued,2025-06-20T00:00:00,W0211,8851c993-adac-4688-93b4-13c9820afc14,https://data.epa.ie/leap/api/v1/NonCompliance/byid?nc_id=0b41914b-934b-f011-a373-0050568a2d1a
Clarochem Ireland Limited - P0125,Non Compliance,,https://leap.epa.ie/licence-profile/P0125/compliance/non-compliance/3df131b3-3145-f011-a373-0050568a2d1a,2025-06-20T00:00:00+00:00,Issued,2025-06-20T00:00:00,P0125,582c502f-08c7-4351-8a3e-f35bf25777c1,https://data.epa.ie/leap/api/v1/NonCompliance/byid?nc_id=3df131b3-3145-f011-a373-0050568a2d1a
Padraig Thornton Waste Disposal Ltd - W0206,Non Compliance,,https://leap.epa.ie/licence-profile/W0206/compliance/non-compliance/3e34372a-0a4d-f011-a373-0050568a2d1a,2025-06-20T00:00:00+00:00,Issued,2025-06-20T00:00:00,W0206,a3942836-5326-403b-98d0-ef21fd454fc5,https://data.epa.ie/leap/api/v1/NonCompliance/byid?nc_id=3e34372a-0a4d-f011-a373-0050568a2d1a
Cooksgrove Limited t/a Euro Farm Foods - P0822,Non Compliance,,https://leap.epa.ie/licence-profile/P0822/compliance/non-compliance/4771795f-da4d-f011-a373-0050568a2d1a,2025-06-20T00:00:00+00:00,Issued,2025-06-20T00:00:00,P0822,334cf098-0009-42c7-a753-2d5b63f39915,https://data.epa.ie/leap/api/v1/NonCompliance/byid?nc_id=4771795f-da4d-f011-a373-0050568a2d1a
Kiernan Farms (Aughafad) - P0679,Non Compliance,,https://leap.epa.ie/licence-profile/P0679/compliance/non-compliance/53520051-cb4d-f011-a373-0050568a2d1a,2025-06-20T00:00:00+00:00,Issued,2025-06-20T00:00:00,P0679,3ca5c455-5af1-4e13-995f-0f3dde550b21,https://data.epa.ie/leap/api/v1/NonCompliance/byid?nc_id=53520051-cb4d-f011-a373-0050568a2d1a
Kiernan Farms (Aughafad) - P0679,Non Compliance,,https://leap.epa.ie/licence-profile/P0679/compliance/non-compliance/67e9dc52-ca4d-f011-a373-0050568a2d1a,2025-06-20T00:00:00+00:00,Issued,2025-06-20T00:00:00,P0679,3ca5c455-5af1-4e13-995f-0f3dde550b21,https://data.epa.ie/leap/api/v1/NonCompliance/byid?nc_id=67e9dc52-ca4d-f011-a373-0050568a2d1a
Clarochem Ireland Limited - P0125,Non Compliance,,https://leap.epa.ie/licence-profile/P0125/compliance/non-compliance/710ea953-4b45-f011-a373-0050568a2d1a,2025-06-20T00:00:00+00:00,Issued,2025-06-20T00:00:00,P0125,582c502f-08c7-4351-8a3e-f35bf25777c1,https://data.epa.ie/leap/api/v1/NonCompliance/byid?nc_id=710ea953-4b45-f011-a373-0050568a2d1a
Kiernan Farms (Aughafad) - P0679,Non Compliance,,https://leap.epa.ie/licence-profile/P0679/compliance/non-compliance/7f1687e2-cb4d-f011-a373-0050568a2d1a,2025-06-20T00:00:00+00:00,Issued,2025-06-20T00:00:00,P0679,3ca5c455-5af1-4e13-995f-0f3dde550b21,https://data.epa.ie/leap/api/v1/NonCompliance/byid?nc_id=7f1687e2-cb4d-f011-a373-0050568a2d1a
Knockharley Landfill - W0146,Non Compliance,,https://leap.epa.ie/licence-profile/W0146/compliance/non-compliance/99737ae5-e44c-f011-a373-0050568a2d1a,2025-06-20T00:00:00+00:00,Issued,2025-06-20T00:00:00,W0146,8a684cb8-e7fb-4d81-b843-20ffd7f4aeeb,https://data.epa.ie/leap/api/v1/NonCompliance/byid?nc_id=99737ae5-e44c-f011-a373-0050568a2d1a
Kiernan Farms (Aughafad) - P0679,Non Compliance,,https://leap.epa.ie/licence-profile/P0679/compliance/non-compliance/9fa17ab2-cd4d-f011-a373-0050568a2d1a,2025-06-20T00:00:00+00:00,Issued,2025-06-20T00:00:00,P0679,3ca5c455-5af1-4e13-995f-0f3dde550b21,https://data.epa.ie/leap/api/v1/NonCompliance/byid?nc_id=9fa17ab2-cd4d-f011-a373-0050568a2d1a
Knockharley Landfill - W0146,Non Compliance,,https://leap.epa.ie/licence-profile/W0146/compliance/non-compliance/d9d950f4-e34c-f011-a373-0050568a2d1a,2025-06-20T00:00:00+00:00,Issued,2025-06-20T00:00:00,W0146,8a684cb8-e7fb-4d81-b843-20ffd7f4aeeb,https://data.epa.ie/leap/api/v1/NonCompliance/byid?nc_id=d9d950f4-e34c-f011-a373-0050568a2d1a
Cooksgrove Limited t/a Euro Farm Foods - P0822,Non Compliance,,https://leap.epa.ie/licence-profile/P0822/compliance/non-compliance/eb8bd7d9-db4d-f011-a373-0050568a2d1a,2025-06-20T00:00:00+00:00,Issued,2025-06-20T00:00:00,P0822,334cf098-0009-42c7-a753-2d5b63f39915,https://data.epa.ie/leap/api/v1/NonCompliance/byid?nc_id=eb8bd7d9-db4d-f011-a373-0050568a2d1a
Clarochem Ireland Limited - P0125,Non Compliance,,https://leap.epa.ie/licence-profile/P0125/compliance/non-compliance/f5ff047a-3e45-f011-a373-0050568a2d1a,2025-06-20T00:00:00+00:00,Issued,2025-06-20T00:00:00,P0125,582c502f-08c7-4351-8a3e-f35bf25777c1,https://data.epa.ie/leap/api/v1/NonCompliance/byid?nc_id=f5ff047a-3e45-f011-a373-0050568a2d1a
Kiernan Farms (Aughafad) - P0679,Site Visit,,https://leap.epa.ie/licence-profile/P0679/compliance/sitevisit/2569d1a1-2d36-f011-a373-0050568a2d1a,2025-06-20T00:00:00+00:00,Closed,2025-05-20T00:00:00,P0679,3ca5c455-5af1-4e13-995f-0f3dde550b21,https://data.epa.ie/leap/api/v1/SiteVisit/byid?sv_id=2569d1a1-2d36-f011-a373-0050568a2d1a
Dromahair - D0279,Site Visit,,https://leap.epa.ie/licence-profile/D0279/compliance/sitevisit/3de83e16-f5d3-ef11-a325-0050568a66b2,2025-06-20T00:00:00+00:00,Closed,2025-05-29T00:00:00,D0279,e9824423-69ec-494c-947d-9f99897ad39b,https://data.epa.ie/leap/api/v1/SiteVisit/byid?sv_id=3de83e16-f5d3-ef11-a325-0050568a66b2
Clarochem Ireland Limited - P0125,Site Visit,,https://leap.epa.ie/licence-profile/P0125/compliance/sitevisit/4911942b-a6d1-ef11-a325-0050568a66b2,2025-06-20T00:00:00+00:00,Closed,2025-05-20T00:00:00,P0125,582c502f-08c7-4351-8a3e-f35bf25777c1,https://data.epa.ie/leap/api/v1/SiteVisit/byid?sv_id=4911942b-a6d1-ef11-a325-0050568a66b2
Knockharley Landfill - W0146,Site Visit,,https://leap.epa.ie/licence-profile/W0146/compliance/sitevisit/4caadb58-5536-f011-a373-0050568a2d1a,2025-06-20T00:00:00+00:00,Closed,2025-05-20T00:00:00,W0146,8a684cb8-e7fb-4d81-b843-20ffd7f4aeeb,https://data.epa.ie/leap/api/v1/SiteVisit/byid?sv_id=4caadb58-5536-f011-a373-0050568a2d1a
Cooksgrove Limited t/a Euro Farm Foods - P0822,Site Visit,,https://leap.epa.ie/licence-profile/P0822/compliance/sitevisit/6110942b-a6d1-ef11-a325-0050568a66b2,2025-06-20T00:00:00+00:00,Closed,2025-05-23T00:00:00,P0822,334cf098-0009-42c7-a753-2d5b63f39915,https://data.epa.ie/leap/api/v1/SiteVisit/byid?sv_id=6110942b-a6d1-ef11-a325-0050568a66b2
Ballincollig - D0049,Site Visit,,https://leap.epa.ie/licence-profile/D0049/compliance/sitevisit/6ada70d1-742a-f011-a373-0050568a2d1a,2025-06-20T00:00:00+00:00,Closed,2025-05-15T00:00:00,D0049,d2b67f3f-cf1f-4487-96e5-993d2438a26e,https://data.epa.ie/leap/api/v1/SiteVisit/byid?sv_id=6ada70d1-742a-f011-a373-0050568a2d1a
Kerry Ingredients (Ireland) Limited (Listowel) - P0393,Site Visit,,https://leap.epa.ie/licence-profile/P0393/compliance/sitevisit/9b02f3ba-dcbd-ef11-a324-0050568a66b2,2025-06-20T00:00:00+00:00,Closed,2025-05-15T00:00:00,P0393,493a16bc-3cbb-477c-8fed-a5b907192843,https://data.epa.ie/leap/api/v1/SiteVisit/byid?sv_id=9b02f3ba-dcbd-ef11-a324-0050568a66b2
Kiernan Farms (Aughafad) - P0679,Site Visit,,https://leap.epa.ie/licence-profile/P0679/compliance/sitevisit/a41d4728-2d36-f011-a373-0050568a2d1a,2025-06-20T00:00:00+00:00,Closed,2025-05-20T00:00:00,P0679,3ca5c455-5af1-4e13-995f-0f3dde550b21,https://data.epa.ie/leap/api/v1/SiteVisit/byid?sv_id=a41d4728-2d36-f011-a373-0050568a2d1a
Padraig Thornton Waste Disposal Ltd - W0206,Site Visit,,https://leap.epa.ie/licence-profile/W0206/compliance/sitevisit/ad80b519-1941-f011-a373-0050568a2d1a,2025-06-20T00:00:00+00:00,Closed,2025-06-04T00:00:00,W0206,a3942836-5326-403b-98d0-ef21fd454fc5,https://data.epa.ie/leap/api/v1/SiteVisit/byid?sv_id=ad80b519-1941-f011-a373-0050568a2d1a
Athlone - D0007,Site Visit,,https://leap.epa.ie/licence-profile/D0007/compliance/sitevisit/b5fdfdde-03f9-ef11-a325-0050568a66b2,2025-06-20T00:00:00+00:00,Closed,2025-05-20T00:00:00,D0007,3bf57336-1449-465b-bec9-4c66436c2922,https://data.epa.ie/leap/api/v1/SiteVisit/byid?sv_id=b5fdfdde-03f9-ef11-a325-0050568a66b2
Kiernan Farms (Aughafad) - P0679,Site Visit,,https://leap.epa.ie/licence-profile/P0679/compliance/sitevisit/b9079819-a6d1-ef11-a325-0050568a66b2,2025-06-20T00:00:00+00:00,Closed,2025-05-20T00:00:00,P0679,3ca5c455-5af1-4e13-995f-0f3dde550b21,https://data.epa.ie/leap/api/v1/SiteVisit/byid?sv_id=b9079819-a6d1-ef11-a325-0050568a66b2
Blackrock - D0188,Site Visit,,https://leap.epa.ie/licence-profile/D0188/compliance/sitevisit/bbcecf7b-f32f-f011-a373-0050568a2d1a,2025-06-20T00:00:00+00:00,Closed,2025-05-14T00:00:00,D0188,02c378a0-0b5b-42a5-826e-5dc6bb2e7826,https://data.epa.ie/leap/api/v1/SiteVisit/byid?sv_id=bbcecf7b-f32f-f011-a373-0050568a2d1a
Country Clean Recycling Unlimited Company - W0257,Site Visit,,https://leap.epa.ie/licence-profile/W0257/compliance/sitevisit/c4878d98-244c-f011-a373-0050568a2d1a,2025-06-20T00:00:00+00:00,Closed,2025-06-12T00:00:00,W0257,1423fb9e-d2b2-4505-931e-ec2461c599a0,https://data.epa.ie/leap/api/v1/SiteVisit/byid?sv_id=c4878d98-244c-f011-a373-0050568a2d1a
Thorntons Recycling Centre (Ballyfermot) - W0044,Site Visit,,https://leap.epa.ie/licence-profile/W0044/compliance/sitevisit/d8747364-b442-f011-a373-0050568a2d1a,2025-06-20T00:00:00+00:00,Closed,2025-06-10T00:00:00,W0044,f6bad764-903c-42ee-a586-7d517000d5a1,https://data.epa.ie/leap/api/v1/SiteVisit/byid?sv_id=d8747364-b442-f011-a373-0050568a2d1a
Blackrock - D0188,Site Visit,,https://leap.epa.ie/licence-profile/D0188/compliance/sitevisit/ddd272c0-1bbe-ef11-a324-0050568a66b2,2025-06-20T00:00:00+00:00,Closed,2025-05-20T00:00:00,D0188,02c378a0-0b5b-42a5-826e-5dc6bb2e7826,https://data.epa.ie/leap/api/v1/SiteVisit/byid?sv_id=ddd272c0-1bbe-ef11-a324-0050568a66b2
Knockharley Landfill - W0146,Complaint,"W0146-04, 02/06/2025, Odour",https://leap.epa.ie/licence-profile/W0146/compliance/complaint/38144aeb-2842-f011-a373-0050568a2d1a,2025-06-19T00:00:00+00:00,Closed,2025-06-03T00:00:00,W0146,8a684cb8-e7fb-4d81-b843-20ffd7f4aeeb,https://data.epa.ie/leap/api/v1/Complaint/byid?complaint_id=38144aeb-2842-f011-a373-0050568a2d1a
Knockharley Landfill - W0146,Complaint,"W0146-04, 02/06/2025, Air Quality",https://leap.epa.ie/licence-profile/W0146/compliance/complaint/8951773d-6b40-f011-a373-0050568a2d1a,2025-06-19T00:00:00+00:00,Closed,2025-06-03T00:00:00,W0146,8a684cb8-e7fb-4d81-b843-20ffd7f4aeeb,https://data.epa.ie/leap/api/v1/Complaint/byid?complaint_id=8951773d-6b40-f011-a373-0050568a2d1a
ERAS ECO Ltd - W0211,Complaint,COM021105 - Web Submission,https://leap.epa.ie/licence-profile/W0211/compliance/complaint/d755d649-ed4c-f011-a373-0050568a2d1a,2025-06-19T00:00:00+00:00,Open,2025-06-19T00:00:00,W0211,8851c993-adac-4688-93b4-13c9820afc14,https://data.epa.ie/leap/api/v1/Complaint/byid?complaint_id=d755d649-ed4c-f011-a373-0050568a2d1a
Loughrea - D0194,Incident,Abatement equipment off-line,https://leap.epa.ie/licence-profile/D0194/compliance/incident/065529af-e737-f011-a373-0050568a2d1a,2025-06-19T00:00:00+00:00,Closed,2025-05-23T00:00:00,D0194,8815bae1-2366-4cab-b8a4-d08b852f1478,https://data.epa.ie/leap/api/v1/Incident/byid?incident_id=065529af-e737-f011-a373-0050568a2d1a
Adhesives Research Ireland Limited - P0452,Incident,Breach of ELV,https://leap.epa.ie/licence-profile/P0452/compliance/incident/19c67a21-194d-f011-a373-0050568a2d1a,2025-06-19T00:00:00+00:00,Open,2025-06-19T00:00:00,P0452,24b741b8-3179-48f7-b055-bdf4d7f1eedd,https://data.epa.ie/leap/api/v1/Incident/byid?incident_id=19c67a21-194d-f011-a373-0050568a2d1a
Quin - D0318,Incident,Breach of ELV,https://leap.epa.ie/licence-profile/D0318/compliance/incident/1fff6862-074d-f011-a373-0050568a2d1a,2025-06-19T00:00:00+00:00,Open,2025-06-19T00:00:00,D0318,51bc0396-73d0-47c1-bf7c-132ceffaf410,https://data.epa.ie/leap/api/v1/Incident/byid?incident_id=1fff6862-074d-f011-a373-0050568a2d1a
Mohill Landfill - W0065,Incident,Uncontrolled Release,https://leap.epa.ie/licence-profile/W0065/compliance/incident/257839ac-284d-f011-a373-0050568a2d1a,2025-06-19T00:00:00+00:00,Open,2025-06-19T00:00:00,W0065,51a1e648-d489-480e-b092-ea1735d4e7d0,https://data.epa.ie/leap/api/v1/Incident/byid?incident_id=257839ac-284d-f011-a373-0050568a2d1a
Clogherhead - D0265,Incident,Uncontrolled Release,https://leap.epa.ie/licence-profile/D0265/compliance/incident/26d19f38-744b-f011-a373-0050568a2d1a,2025-06-19T00:00:00+00:00,Closed,2025-06-17T00:00:00,D0265,14c5bf4d-016a-4651-bc5a-5cf1526373e2,https://data.epa.ie/leap/api/v1/Incident/byid?incident_id=26d19f38-744b-f011-a373-0050568a2d1a
Shannonside Building Supplies Limited - P0319,Incident,Uncontrolled Release,https://leap.epa.ie/licence-profile/P0319/compliance/incident/2a04bd09-194d-f011-a373-0050568a2d1a,2025-06-19T00:00:00+00:00,Open,2025-06-19T00:00:00,P0319,fa8aa891-8ce6-4c6d-9629-2ec87e0731a5,https://data.epa.ie/leap/api/v1/Incident/byid?incident_id=2a04bd09-194d-f011-a373-0050568a2d1a
Amazon Data Services Ireland Limited - P1171,Incident,Trigger Level Reached,https://leap.epa.ie/licence-profile/P1171/compliance/incident/33fd5e2a-294d-f011-a373-0050568a2d1a,2025-06-19T00:00:00+00:00,Open,2025-06-19T00:00:00,P1171,92aeecf7-8025-438c-8b6a-f40cdf9b68cf,https://data.epa.ie/leap/api/v1/Incident/byid?incident_id=33fd5e2a-294d-f011-a373-0050568a2d1a
Ipsen Manufacturing Limited - P0117,Incident,Abatement equipment off-line,https://leap.epa.ie/licence-profile/P0117/compliance/incident/4b484803-f445-f011-a373-0050568a2d1a,2025-06-19T00:00:00+00:00,Closed,2025-06-10T00:00:00,P0117,0251c65c-5ad5-49cf-a86f-e1a3404bf003,https://data.epa.ie/leap/api/v1/Incident/byid?incident_id=4b484803-f445-f011-a373-0050568a2d1a
Fournier Laboratories Ireland Limited T/A AbbVie - P1046,Incident,Monitoring Equipment Issues,https://leap.epa.ie/licence-profile/P1046/compliance/incident/56c0f827-9a4a-f011-a373-0050568a2d1a,2025-06-19T00:00:00+00:00,Closed,2025-06-16T00:00:00,P1046,b4e678f5-fbbe-e711-89bf-0050568a69e2,https://data.epa.ie/leap/api/v1/Incident/byid?incident_id=56c0f827-9a4a-f011-a373-0050568a2d1a
Cappamore - D0310,Incident,Breach of ELV,https://leap.epa.ie/licence-profile/D0310/compliance/incident/5aae8ebe-294d-f011-a373-0050568a2d1a,2025-06-19T00:00:00+00:00,Open,2025-06-19T00:00:00,D0310,34a31f32-31d5-453b-b88f-0fb01b87a7fc,https://data.epa.ie/leap/api/v1/Incident/byid?incident_id=5aae8ebe-294d-f011-a373-0050568a2d1a
ADSIL Drogheda - P1181,Incident,Trigger Level Reached,https://leap.epa.ie/licence-profile/P1181/compliance/incident/5ba5a040-2f4d-f011-a373-0050568a2d1a,2025-06-19T00:00:00+00:00,Open,2025-06-19T00:00:00,P1181,682299b9-9644-49fc-8562-46c60af3cd5c,https://data.epa.ie/leap/api/v1/Incident/byid?incident_id=5ba5a040-2f4d-f011-a373-0050568a2d1a
Electricity Supply Board (Poolbeg) - P0577,Incident,Uncontrolled Release,https://leap.epa.ie/licence-profile/P0577/compliance/incident/646745dd-894b-f011-a373-0050568a2d1a,2025-06-19T00:00:00+00:00,Closed,2025-06-17T00:00:00,P0577,fb942f45-1bf4-4451-b256-5c7e5bb7d814,https://data.epa.ie/leap/api/v1/Incident/byid?incident_id=646745dd-894b-f011-a373-0050568a2d1a
Mallinckrodt Pharmaceuticals Ireland Limited - P1060,Incident,Failure to take composite monthly samples for February to May 2025,https://leap.epa.ie/licence-profile/P1060/compliance/incident/69c104f5-344d-f011-a373-0050568a2d1a,2025-06-19T00:00:00+00:00,Open,2025-06-19T00:00:00,P1060,f0906e87-d97a-e811-a2d5-0050568a66b2,https://data.epa.ie/leap/api/v1/Incident/byid?incident_id=69c104f5-344d-f011-a373-0050568a2d1a
Gort - D0195,Incident,Abatement equipment off-line,https://leap.epa.ie/licence-profile/D0195/compliance/incident/7108adf7-284d-f011-a373-0050568a2d1a,2025-06-19T00:00:00+00:00,Open,2025-06-19T00:00:00,D0195,5e5eee16-8770-4850-bd7b-26dc8075b49d,https://data.epa.ie/leap/api/v1/Incident/byid?incident_id=7108adf7-284d-f011-a373-0050568a2d1a
Waddock Composting Facility Designated Activity Company - P1009,Incident,nd as a result the site is cutting back on its weekly intake.,https://leap.epa.ie/licence-profile/P1009/compliance/incident/88ce68f5-174d-f011-a373-0050568a2d1a,2025-06-19T00:00:00+00:00,Open,2025-06-19T00:00:00,P1009,e0e7e606-67b1-e611-8d41-0050568a69e2,https://data.epa.ie/leap/api/v1/Incident/byid?incident_id=88ce68f5-174d-f011-a373-0050568a2d1a
Drogheda - D0041,Incident,Uncontrolled Release,https://leap.epa.ie/licence-profile/D0041/compliance/incident/9b48a7f2-894b-f011-a373-0050568a2d1a,2025-06-19T00:00:00+00:00,Closed,2025-06-17T00:00:00,D0041,1e68c97b-dd90-4c0c-bfac-8df866b32cfe,https://data.epa.ie/leap/api/v1/Incident/byid?incident_id=9b48a7f2-894b-f011-a373-0050568a2d1a
Kilrush - D0075,Incident,Monitoring Equipment Issues,https://leap.epa.ie/licence-profile/D0075/compliance/incident/b5faab5c-f14c-f011-a373-0050568a2d1a,2025-06-19T00:00:00+00:00,Open,2025-06-19T00:00:00,D0075,cc723944-8bb3-4511-88b5-c29e42787726,https://data.epa.ie/leap/api/v1/Incident/byid?incident_id=b5faab5c-f14c-f011-a373-0050568a2d1a
Shanganagh-Bray - D0038,Incident,Uncontrolled Release,https://leap.epa.ie/licence-profile/D0038/compliance/incident/c083220a-6548-f011-a373-0050568a2d1a,2025-06-19T00:00:00+00:00,Closed,2025-06-13T00:00:00,D0038,55a0db98-f5e3-4eea-b4b0-1d2fb1cf1469,https://data.epa.ie/leap/api/v1/Incident/byid?incident_id=c083220a-6548-f011-a373-0050568a2d1a
Johnson & Johnson Vision Care Ireland Unlimited Company - P0818,Incident,Monitoring Equipment Issues,https://leap.epa.ie/licence-profile/P0818/compliance/incident/d41ba531-294d-f011-a373-0050568a2d1a,2025-06-19T00:00:00+00:00,Open,2025-06-19T00:00:00,P0818,c384e292-8ae1-44cd-a0f3-80d28c31c889,https://data.epa.ie/leap/api/v1/Incident/byid?incident_id=d41ba531-294d-f011-a373-0050568a2d1a
Ringsend - D0034,Incident,Uncontrolled Release,https://leap.epa.ie/licence-profile/D0034/compliance/incident/e7521993-564c-f011-a373-0050568a2d1a,2025-06-19T00:00:00+00:00,Closed,2025-06-18T00:00:00,D0034,188b6e9c-77a4-4dd9-895c-17080f6af298,https://data.epa.ie/leap/api/v1/Incident/byid?incident_id=e7521993-564c-f011-a373-0050568a2d1a
Starrus Eco Holdings Limited (Butlerstown) - W0116,Incident,Uncontrolled Release,https://leap.epa.ie/licence-profile/W0116/compliance/incident/ec3f3e86-154d-f011-a373-0050568a2d1a,2025-06-19T00:00:00+00:00,Open,2025-06-19T00:00:00,W0116,c662be03-85fd-4ae7-9eb3-58301d9a088d,https://data.epa.ie/leap/api/v1/Incident/byid?incident_id=ec3f3e86-154d-f011-a373-0050568a2d1a
Western Brand Group Unlimited Company - P0831,Site Updates/Notifications,Pipeline Construction Certificate,https://leap.epa.ie/licence-profile/P0831/compliance/return/0415a420-3a4c-f011-a373-0050568a2d1a,2025-06-19T00:00:00+00:00,Closed,2025-06-18T00:00:00,P0831,9eb4b5a2-706c-494b-abde-0e5f977b732f,https://data.epa.ie/leap/api/v1/LicenseeReturns/byid?lr_id=0415a420-3a4c-f011-a373-0050568a2d1a
Starrus Eco Holdings Limited (Sligo) - W0058,Site Updates/Notifications,Civic amenity waste records for Sligo,https://leap.epa.ie/licence-profile/W0058/compliance/return/07eb3f48-a034-f011-a373-0050568a2d1a,2025-06-19T00:00:00+00:00,Closed,2025-05-19T00:00:00,W0058,596c7017-578c-493a-b66b-d6f0b4bd1410,https://data.epa.ie/leap/api/v1/LicenseeReturns/byid?lr_id=07eb3f48-a034-f011-a373-0050568a2d1a
embecta Penel Limited - P0648,Site Updates/Notifications,ODS and F-Gas Inventory,https://leap.epa.ie/licence-profile/P0648/compliance/return/08a98bb6-9214-f011-a373-0050568a2d1a,2025-06-19T00:00:00+00:00,Closed,2025-04-08T00:00:00,P0648,9fe42fd4-7f61-4d91-8ab9-5e11f69582b7,https://data.epa.ie/leap/api/v1/LicenseeReturns/byid?lr_id=08a98bb6-9214-f011-a373-0050568a2d1a
Adhmaid Cill Na Martra Teoranta - P0334,Monitoring Returns,Ground water analytical reports,https://leap.epa.ie/licence-profile/P0334/compliance/return/104da00c-044d-f011-a373-0050568a2d1a,2025-06-19T00:00:00+00:00,Open,2025-06-19T00:00:00,P0334,725290b2-1795-45a8-8c12-33d8bac79274,https://data.epa.ie/leap/api/v1/LicenseeReturns/byid?lr_id=104da00c-044d-f011-a373-0050568a2d1a
Ipsen Manufacturing Limited - P0117,Site Updates/Notifications,SV31851 Action - Spillages to storm water,https://leap.epa.ie/licence-profile/P0117/compliance/return/18542932-d542-f011-a373-0050568a2d1a,2025-06-19T00:00:00+00:00,Closed,2025-06-06T00:00:00,P0117,0251c65c-5ad5-49cf-a86f-e1a3404bf003,https://data.epa.ie/leap/api/v1/LicenseeReturns/byid?lr_id=18542932-d542-f011-a373-0050568a2d1a
Unilin Insulation Ireland Limited - P0583,Monitoring Returns,Q2 Surface Water Testing,https://leap.epa.ie/licence-profile/P0583/compliance/return/27217b44-454c-f011-a373-0050568a2d1a,2025-06-19T00:00:00+00:00,Closed,2025-06-18T00:00:00,P0583,ef57424a-b5ee-4fc0-916b-7a25e329e987,https://data.epa.ie/leap/api/v1/LicenseeReturns/byid?lr_id=27217b44-454c-f011-a373-0050568a2d1a
Shannonside Building Supplies Limited - P0319,Monitoring Returns,Q2 Groundwater and May Stormwater Monitoring 2025,https://leap.epa.ie/licence-profile/P0319/compliance/return/27bcc234-174d-f011-a373-0050568a2d1a,2025-06-19T00:00:00+00:00,Open,2025-06-19T00:00:00,P0319,fa8aa891-8ce6-4c6d-9629-2ec87e0731a5,https://data.epa.ie/leap/api/v1/LicenseeReturns/byid?lr_id=27bcc234-174d-f011-a373-0050568a2d1a
Rathroeen Landfill - W0067,Site Updates/Notifications,SV31266- response 06/06/2025,https://leap.epa.ie/licence-profile/W0067/compliance/return/2c4c3f5e-e442-f011-a373-0050568a2d1a,2025-06-19T00:00:00+00:00,Closed,2025-06-06T00:00:00,W0067,3441b1da-d908-492b-b393-d77ae6e6b056,https://data.epa.ie/leap/api/v1/LicenseeReturns/byid?lr_id=2c4c3f5e-e442-f011-a373-0050568a2d1a
Johnson & Johnson Vision Care Ireland Unlimited Company - P0818,Monitoring Returns,"December 2024 Monthly Report for P0818-05, Storm Water",https://leap.epa.ie/licence-profile/P0818/compliance/return/2ed3c756-22d4-ef11-a36e-0050568a2d1a,2025-06-19T00:00:00+00:00,Closed,2025-01-16T00:00:00,P0818,c384e292-8ae1-44cd-a0f3-80d28c31c889,https://data.epa.ie/leap/api/v1/LicenseeReturns/byid?lr_id=2ed3c756-22d4-ef11-a36e-0050568a2d1a
Galco Steel Limited - P0284,Site Updates/Notifications,P0284-02_2025_SV32385_LR,https://leap.epa.ie/licence-profile/P0284/compliance/return/395f7e59-7f2a-f011-a373-0050568a2d1a,2025-06-19T00:00:00+00:00,Closed,2025-05-06T00:00:00,P0284,8876f47f-8916-43a2-b8e5-52201886c6f3,https://data.epa.ie/leap/api/v1/LicenseeReturns/byid?lr_id=395f7e59-7f2a-f011-a373-0050568a2d1a
Pfizer Ireland Pharmaceuticals Unlimited Company (Newbridge) - P0153,Site Updates/Notifications,Updated repair report for INCIO29581,https://leap.epa.ie/licence-profile/P0153/compliance/return/434f81d7-570a-f011-a373-0050568a2d1a,2025-06-19T00:00:00+00:00,Closed,2025-03-26T00:00:00,P0153,a3a54cba-adf7-4285-b057-7e331f952f80,https://data.epa.ie/leap/api/v1/LicenseeReturns/byid?lr_id=434f81d7-570a-f011-a373-0050568a2d1a
Ormonde Organics Limited (Portlaw) - W0287,Monitoring Returns,ODS and F-Gas Maintenance and Leak Check Records,https://leap.epa.ie/licence-profile/W0287/compliance/return/43c0865b-3515-f011-a373-0050568a2d1a,2025-06-19T00:00:00+00:00,Closed,2025-04-09T00:00:00,W0287,6ad3c482-80ad-e611-8d41-0050568a69e2,https://data.epa.ie/leap/api/v1/LicenseeReturns/byid?lr_id=43c0865b-3515-f011-a373-0050568a2d1a
Kepak Clonee - P0167,Monitoring Returns,Odour Monitoring,https://leap.epa.ie/licence-profile/P0167/compliance/return/49e74949-bd34-f011-a373-0050568a2d1a,2025-06-19T00:00:00+00:00,Closed,2025-05-19T00:00:00,P0167,8693cf02-9f27-4dc9-bde4-c2debd6d86df,https://data.epa.ie/leap/api/v1/LicenseeReturns/byid?lr_id=49e74949-bd34-f011-a373-0050568a2d1a
Forest Laboratories Ireland Limited - P0306,Monitoring Returns,2024 Solvent Management Plan,https://leap.epa.ie/licence-profile/P0306/compliance/return/4b72470e-c630-f011-a373-0050568a2d1a,2025-06-19T00:00:00+00:00,Closed,2025-05-14T00:00:00,P0306,cc43e214-bf6b-48f5-8cc5-fa67457b2e25,https://data.epa.ie/leap/api/v1/LicenseeReturns/byid?lr_id=4b72470e-c630-f011-a373-0050568a2d1a
Versiv Composites Limited - P0096,Requests for Approval and Site Reports,ODS and F-Gas Maintenance,https://leap.epa.ie/licence-profile/P0096/compliance/return/517a264e-3415-f011-a373-0050568a2d1a,2025-06-19T00:00:00+00:00,Closed,2025-04-09T00:00:00,P0096,2d17b56f-096e-4ab5-8d7e-d8dda37577e7,https://data.epa.ie/leap/api/v1/LicenseeReturns/byid?lr_id=517a264e-3415-f011-a373-0050568a2d1a
Fournier Laboratories Ireland Limited T/A AbbVie - P1046,Site Updates/Notifications,Notification of Site Shutdown,https://leap.epa.ie/licence-profile/P1046/compliance/return/531d5750-1c42-f011-a373-0050568a2d1a,2025-06-19T00:00:00+00:00,Closed,2025-06-05T00:00:00,P1046,b4e678f5-fbbe-e711-89bf-0050568a69e2,https://data.epa.ie/leap/api/v1/LicenseeReturns/byid?lr_id=531d5750-1c42-f011-a373-0050568a2d1a
WuXi Biologics Ireland Limited - P1122,Monitoring Returns,Annual Noise Report 2025,https://leap.epa.ie/licence-profile/P1122/compliance/return/69d206bb-9040-f011-a373-0050568a2d1a,2025-06-19T00:00:00+00:00,Closed,2025-06-03T00:00:00,P1122,24698a50-4c1e-42ac-8e5c-ea83ce4429e7,https://data.epa.ie/leap/api/v1/LicenseeReturns/byid?lr_id=69d206bb-9040-f011-a373-0050568a2d1a
Forest Laboratories Ireland Limited - P0306,Site Updates/Notifications,SITE DRAINAGE MAPS,https://leap.epa.ie/licence-profile/P0306/compliance/return/70a2a99a-c530-f011-a373-0050568a2d1a,2025-06-19T00:00:00+00:00,Closed,2025-05-14T00:00:00,P0306,cc43e214-bf6b-48f5-8cc5-fa67457b2e25,https://data.epa.ie/leap/api/v1/LicenseeReturns/byid?lr_id=70a2a99a-c530-f011-a373-0050568a2d1a
A. W. Ennis Unlimited Company - P1019,Annual Environmental Report,2024 AER,https://leap.epa.ie/licence-profile/P1019/compliance/return/7af962bc-613e-f011-a373-0050568a2d1a,2025-06-19T00:00:00+00:00,Closed,2025-05-31T00:00:00,P1019,aaff65ca-0066-e611-9a1d-0050568a69e2,https://data.epa.ie/leap/api/v1/LicenseeReturns/byid?lr_id=7af962bc-613e-f011-a373-0050568a2d1a
Starrus Eco Holdings Limited (Gorey) - W0220,Site Updates/Notifications,requested document submission,https://leap.epa.ie/licence-profile/W0220/compliance/return/a0a86663-524c-f011-a373-0050568a2d1a,2025-06-19T00:00:00+00:00,Closed,2025-06-18T00:00:00,W0220,0590f998-881d-48ac-b999-703f85ed9bf1,https://data.epa.ie/leap/api/v1/LicenseeReturns/byid?lr_id=a0a86663-524c-f011-a373-0050568a2d1a
ITW Ireland Unlimited Company - P0072,Monitoring Returns,2025 Q1 & Q2 Surface Water (SW1) Results,https://leap.epa.ie/licence-profile/P0072/compliance/return/a655d464-3b48-f011-a373-0050568a2d1a,2025-06-19T00:00:00+00:00,Closed,2025-06-13T00:00:00,P0072,ea570b93-47be-4e20-bd5f-3dbc4673bcc3,https://data.epa.ie/leap/api/v1/LicenseeReturns/byid?lr_id=a655d464-3b48-f011-a373-0050568a2d1a
Alexion Pharma International Operations Limited & Astrazeneca Ireland Limited - P1030,Monitoring Returns,Emissions to Sewer & Surface water Quarterly summary report,https://leap.epa.ie/licence-profile/P1030/compliance/return/add772cb-4732-f011-a373-0050568a2d1a,2025-06-19T00:00:00+00:00,Closed,2025-05-16T00:00:00,P1030,f89123ac-6738-e611-99f8-0050568a69e2,https://data.epa.ie/leap/api/v1/LicenseeReturns/byid?lr_id=add772cb-4732-f011-a373-0050568a2d1a
Alexion Pharma International Operations Limited & Astrazeneca Ireland Limited - P1030,Requests for Approval and Site Reports,Commencement of expansion to site attenuation pond.,https://leap.epa.ie/licence-profile/P1030/compliance/return/c6e0654a-a825-f011-a373-0050568a2d1a,2025-06-19T00:00:00+00:00,Closed,2025-04-30T00:00:00,P1030,f89123ac-6738-e611-99f8-0050568a69e2,https://data.epa.ie/leap/api/v1/LicenseeReturns/byid?lr_id=c6e0654a-a825-f011-a373-0050568a2d1a
ERAS ECO Ltd - W0211,Site Updates/Notifications,f-GAS,https://leap.epa.ie/licence-profile/W0211/compliance/return/cd4956bb-3a15-f011-a373-0050568a2d1a,2025-06-19T00:00:00+00:00,Closed,2025-04-09T00:00:00,W0211,8851c993-adac-4688-93b4-13c9820afc14,https://data.epa.ie/leap/api/v1/LicenseeReturns/byid?lr_id=cd4956bb-3a15-f011-a373-0050568a2d1a
Leprino Foods EU Limited - P1108,Requests for Approval and Site Reports,Recalculation of Storm Water Action and Warning Levels,https://leap.epa.ie/licence-profile/P1108/compliance/return/d2ff3e22-e34c-f011-a373-0050568a2d1a,2025-06-19T00:00:00+00:00,Open,2025-06-19T00:00:00,P1108,07b51f43-c9b6-4d5a-b6c9-39e5fa5f92b1,https://data.epa.ie/leap/api/v1/LicenseeReturns/byid?lr_id=d2ff3e22-e34c-f011-a373-0050568a2d1a
Pfizer Ireland Pharmaceuticals Unlimited Company (Ringaskiddy) - P0013,Requests for Approval and Site Reports,Request approval to update the site inventory of materials,https://leap.epa.ie/licence-profile/P0013/compliance/return/d35e7b1c-494c-f011-a373-0050568a2d1a,2025-06-19T00:00:00+00:00,Closed,2025-06-18T00:00:00,P0013,8e7289a5-44fc-4715-b9b6-a76e88c16c0d,https://data.epa.ie/leap/api/v1/LicenseeReturns/byid?lr_id=d35e7b1c-494c-f011-a373-0050568a2d1a
Bord Na Móna Recycling Limited - W0240,Site Updates/Notifications,Licensee Public Response - SV32617,https://leap.epa.ie/licence-profile/W0240/compliance/return/dc854725-234d-f011-a373-0050568a2d1a,2025-06-19T00:00:00+00:00,Open,2025-06-19T00:00:00,W0240,77f369a0-823e-4478-aeb0-49662581f1e1,https://data.epa.ie/leap/api/v1/LicenseeReturns/byid?lr_id=dc854725-234d-f011-a373-0050568a2d1a
Ipsen Manufacturing Limited - P0117,Site Updates/Notifications,SV31851 Action - Site Drainage Map,https://leap.epa.ie/licence-profile/P0117/compliance/return/e3fc9dd8-2537-f011-a373-0050568a2d1a,2025-06-19T00:00:00+00:00,Closed,2025-05-22T00:00:00,P0117,0251c65c-5ad5-49cf-a86f-e1a3404bf003,https://data.epa.ie/leap/api/v1/LicenseeReturns/byid?lr_id=e3fc9dd8-2537-f011-a373-0050568a2d1a
Forest Laboratories Ireland Limited - P0306,Monitoring Returns,Test cert for LAF booth,https://leap.epa.ie/licence-profile/P0306/compliance/return/e89a0196-c630-f011-a373-0050568a2d1a,2025-06-19T00:00:00+00:00,Closed,2025-05-14T00:00:00,P0306,cc43e214-bf6b-48f5-8cc5-fa67457b2e25,https://data.epa.ie/leap/api/v1/LicenseeReturns/byid?lr_id=e89a0196-c630-f011-a373-0050568a2d1a
Coolrain Sawmills Limited - P0323,Monitoring Returns,Surface Water test for Zinc,https://leap.epa.ie/licence-profile/P0323/compliance/return/ec346349-0d4d-f011-a373-0050568a2d1a,2025-06-19T00:00:00+00:00,Open,2025-06-19T00:00:00,P0323,d608568c-e755-4e19-8ee5-b8214227b0b7,https://data.epa.ie/leap/api/v1/LicenseeReturns/byid?lr_id=ec346349-0d4d-f011-a373-0050568a2d1a
Silver Hill Foods Unlimited Company - P0422,Site Updates/Notifications,SV32560 7th of May 2025,https://leap.epa.ie/licence-profile/P0422/compliance/return/ed700ddb-be4a-f011-a373-0050568a2d1a,2025-06-19T00:00:00+00:00,Closed,2025-06-16T00:00:00,P0422,b90585d3-3d1f-4f7a-9dfc-b7dc21ebc085,https://data.epa.ie/leap/api/v1/LicenseeReturns/byid?lr_id=ed700ddb-be4a-f011-a373-0050568a2d1a
Starrus Eco Holdings Limited (Gorey) - W0220,Site Updates/Notifications,requested document submission,https://leap.epa.ie/licence-profile/W0220/compliance/return/f26ab281-4f4c-f011-a373-0050568a2d1a,2025-06-19T00:00:00+00:00,Closed,2025-06-18T00:00:00,W0220,0590f998-881d-48ac-b999-703f85ed9bf1,https://data.epa.ie/leap/api/v1/LicenseeReturns/byid?lr_id=f26ab281-4f4c-f011-a373-0050568a2d1a
Mr David Murray - P0887,Site Closure and Surrender,I.C.A For Pre - Approval,https://leap.epa.ie/licence-profile/P0887/compliance/return/f684163c-f64c-f011-a373-0050568a2d1a,2025-06-19T00:00:00+00:00,Open,2025-06-19T00:00:00,P0887,30ad99a8-79f4-4ee2-96bf-d735446d0e76,https://data.epa.ie/leap/api/v1/LicenseeReturns/byid?lr_id=f684163c-f64c-f011-a373-0050568a2d1a
Silver Hill Foods Unlimited Company - P0422,Site Updates/Notifications,SV32560 7th of May 2025,https://leap.epa.ie/licence-profile/P0422/compliance/return/f90fe6a1-6948-f011-a373-0050568a2d1a,2025-06-19T00:00:00+00:00,Closed,2025-06-13T00:00:00,P0422,b90585d3-3d1f-4f7a-9dfc-b7dc21ebc085,https://data.epa.ie/leap/api/v1/LicenseeReturns/byid?lr_id=f90fe6a1-6948-f011-a373-0050568a2d1a
Western Brand Group Unlimited Company - P0831,Requests for Approval and Site Reports,Pipeline Commissioning Report,https://leap.epa.ie/licence-profile/P0831/compliance/return/f92b3d32-394c-f011-a373-0050568a2d1a,2025-06-19T00:00:00+00:00,Closed,2025-06-18T00:00:00,P0831,9eb4b5a2-706c-494b-abde-0e5f977b732f,https://data.epa.ie/leap/api/v1/LicenseeReturns/byid?lr_id=f92b3d32-394c-f011-a373-0050568a2d1a
Wellman International Limited - P0236,EPA Initiated Correspondence,,https://leap.epa.ie/licence-profile/P0236/compliance/epa-correspondence/35b0e9df-174d-f011-a373-0050568a2d1a,2025-06-19T00:00:00+00:00,Closed,2025-06-19T00:00:00,P0236,10f49a20-e2de-47ab-bbdc-2992e54e413f,https://data.epa.ie/leap/api/v1/MeetingCorrespondence/epainiciatedcorrespondencebyid?epainitiatedcorrespondence_id=35b0e9df-174d-f011-a373-0050568a2d1a
Mohill Landfill - W0065,EPA Initiated Correspondence,,https://leap.epa.ie/licence-profile/W0065/compliance/epa-correspondence/82871d8a-f24c-f011-a373-0050568a2d1a,2025-06-19T00:00:00+00:00,Closed,2025-06-19T00:00:00,W0065,51a1e648-d489-480e-b092-ea1735d4e7d0,https://data.epa.ie/leap/api/v1/MeetingCorrespondence/epainiciatedcorrespondencebyid?epainitiatedcorrespondence_id=82871d8a-f24c-f011-a373-0050568a2d1a
Starrus Eco Holdings Limited (Butlerstown) - W0116,Non Compliance,,https://leap.epa.ie/licence-profile/W0116/compliance/non-compliance/0db5c9b7-3e48-f011-a373-0050568a2d1a,2025-06-19T00:00:00+00:00,Issued,2025-06-19T00:00:00,W0116,c662be03-85fd-4ae7-9eb3-58301d9a088d,https://data.epa.ie/leap/api/v1/NonCompliance/byid?nc_id=0db5c9b7-3e48-f011-a373-0050568a2d1a
N&C Enterprises Limited - W0292,Non Compliance,,https://leap.epa.ie/licence-profile/W0292/compliance/non-compliance/25df3105-224d-f011-a373-0050568a2d1a,2025-06-19T00:00:00+00:00,Issued,2025-06-19T00:00:00,W0292,54f8da29-b073-e711-bce9-0050568a69e2,https://data.epa.ie/leap/api/v1/NonCompliance/byid?nc_id=25df3105-224d-f011-a373-0050568a2d1a
Starrus Eco Holdings Limited (Butlerstown) - W0116,Non Compliance,,https://leap.epa.ie/licence-profile/W0116/compliance/non-compliance/41857a4e-594c-f011-a373-0050568a2d1a,2025-06-19T00:00:00+00:00,Issued,2025-06-19T00:00:00,W0116,c662be03-85fd-4ae7-9eb3-58301d9a088d,https://data.epa.ie/leap/api/v1/NonCompliance/byid?nc_id=41857a4e-594c-f011-a373-0050568a2d1a
N&C Enterprises Limited - W0292,Non Compliance,,https://leap.epa.ie/licence-profile/W0292/compliance/non-compliance/442587be-214d-f011-a373-0050568a2d1a,2025-06-19T00:00:00+00:00,Issued,2025-06-19T00:00:00,W0292,54f8da29-b073-e711-bce9-0050568a69e2,https://data.epa.ie/leap/api/v1/NonCompliance/byid?nc_id=442587be-214d-f011-a373-0050568a2d1a
Starrus Eco Holdings Limited (Butlerstown) - W0116,Non Compliance,,https://leap.epa.ie/licence-profile/W0116/compliance/non-compliance/8207d745-644b-f011-a373-0050568a2d1a,2025-06-19T00:00:00+00:00,Issued,2025-06-19T00:00:00,W0116,c662be03-85fd-4ae7-9eb3-58301d9a088d,https://data.epa.ie/leap/api/v1/NonCompliance/byid?nc_id=8207d745-644b-f011-a373-0050568a2d1a
Thermo Fisher Scientific Cork Limited - P0004,Non Compliance,,https://leap.epa.ie/licence-profile/P0004/compliance/non-compliance/b9beda80-214d-f011-a373-0050568a2d1a,2025-06-19T00:00:00+00:00,Issued,2025-06-19T00:00:00,P0004,1a507022-d459-4a98-afb9-cc0587998ac1,https://data.epa.ie/leap/api/v1/NonCompliance/byid?nc_id=b9beda80-214d-f011-a373-0050568a2d1a
ITW Ireland Unlimited Company - P0072,Non Compliance,,https://leap.epa.ie/licence-profile/P0072/compliance/non-compliance/bb5767bb-704b-f011-a373-0050568a2d1a,2025-06-19T00:00:00+00:00,Issued,2025-06-19T00:00:00,P0072,ea570b93-47be-4e20-bd5f-3dbc4673bcc3,https://data.epa.ie/leap/api/v1/NonCompliance/byid?nc_id=bb5767bb-704b-f011-a373-0050568a2d1a
Starrus Eco Holdings Limited (Butlerstown) - W0116,Non Compliance,,https://leap.epa.ie/licence-profile/W0116/compliance/non-compliance/cd37b5ca-514c-f011-a373-0050568a2d1a,2025-06-19T00:00:00+00:00,Issued,2025-06-19T00:00:00,W0116,c662be03-85fd-4ae7-9eb3-58301d9a088d,https://data.epa.ie/leap/api/v1/NonCompliance/byid?nc_id=cd37b5ca-514c-f011-a373-0050568a2d1a
Kepak Clonee t/a Kepak Ballybay - P0803,Non Compliance,,https://leap.epa.ie/licence-profile/P0803/compliance/non-compliance/f8af3223-7047-f011-a373-0050568a2d1a,2025-06-19T00:00:00+00:00,Issued,2025-06-19T00:00:00,P0803,e7300aeb-e8ca-4da8-adc3-11decfcc50fc,https://data.epa.ie/leap/api/v1/NonCompliance/byid?nc_id=f8af3223-7047-f011-a373-0050568a2d1a
Enva Ireland Limited - W0286,Site Visit,,https://leap.epa.ie/licence-profile/W0286/compliance/sitevisit/02481439-b6bb-ef11-a324-0050568a66b2,2025-06-19T00:00:00+00:00,Closed,2025-04-24T00:00:00,W0286,d245b974-66b7-e411-b3b4-0050568a69e2,https://data.epa.ie/leap/api/v1/SiteVisit/byid?sv_id=02481439-b6bb-ef11-a324-0050568a66b2
ITW Ireland Unlimited Company - P0072,Site Visit,,https://leap.epa.ie/licence-profile/P0072/compliance/sitevisit/1b11942b-a6d1-ef11-a325-0050568a66b2,2025-06-19T00:00:00+00:00,Closed,2025-04-16T00:00:00,P0072,ea570b93-47be-4e20-bd5f-3dbc4673bcc3,https://data.epa.ie/leap/api/v1/SiteVisit/byid?sv_id=1b11942b-a6d1-ef11-a325-0050568a66b2
Starrus Eco Holdings Limited (Butlerstown) - W0116,Site Visit,,https://leap.epa.ie/licence-profile/W0116/compliance/sitevisit/1e3c9da7-8235-f011-a373-0050568a2d1a,2025-06-19T00:00:00+00:00,Closed,2025-05-20T00:00:00,W0116,c662be03-85fd-4ae7-9eb3-58301d9a088d,https://data.epa.ie/leap/api/v1/SiteVisit/byid?sv_id=1e3c9da7-8235-f011-a373-0050568a2d1a
N&C Enterprises Limited - W0292,Site Visit,,https://leap.epa.ie/licence-profile/W0292/compliance/sitevisit/36089819-a6d1-ef11-a325-0050568a66b2,2025-06-19T00:00:00+00:00,Closed,2025-05-22T00:00:00,W0292,54f8da29-b073-e711-bce9-0050568a69e2,https://data.epa.ie/leap/api/v1/SiteVisit/byid?sv_id=36089819-a6d1-ef11-a325-0050568a66b2
embecta Penel Ltd - L0031,Site Visit,,https://leap.epa.ie/licence-profile/L0031/compliance/sitevisit/597a0b86-4c27-f011-a373-0050568a2d1a,2025-06-19T00:00:00+00:00,Closed,2025-05-21T00:00:00,L0031,340baa9d-7fb7-e411-b3b4-0050568a69e2,https://data.epa.ie/leap/api/v1/SiteVisit/byid?sv_id=597a0b86-4c27-f011-a373-0050568a2d1a
Wellman International Limited - P0236,Site Visit,,https://leap.epa.ie/licence-profile/P0236/compliance/sitevisit/ac02d169-a94a-f011-a373-0050568a2d1a,2025-06-19T00:00:00+00:00,Closed,2025-06-13T00:00:00,P0236,10f49a20-e2de-47ab-bbdc-2992e54e413f,https://data.epa.ie/leap/api/v1/SiteVisit/byid?sv_id=ac02d169-a94a-f011-a373-0050568a2d1a
Howmedica International S.de R.L. Trading As Stryker Orthopaedics - P0023,Site Visit,,https://leap.epa.ie/licence-profile/P0023/compliance/sitevisit/b301f3ba-dcbd-ef11-a324-0050568a66b2,2025-06-19T00:00:00+00:00,Closed,2025-05-28T00:00:00,P0023,126ab282-3315-4a6f-9777-c7fccd99abbc,https://data.epa.ie/leap/api/v1/SiteVisit/byid?sv_id=b301f3ba-dcbd-ef11-a324-0050568a66b2
Castletown - D0387,Site Visit,,https://leap.epa.ie/licence-profile/D0387/compliance/sitevisit/bbfdfdde-03f9-ef11-a325-0050568a66b2,2025-06-19T00:00:00+00:00,Closed,2025-05-16T00:00:00,D0387,e55ef421-f3e7-4092-8403-66e67bcf70d6,https://data.epa.ie/leap/api/v1/SiteVisit/byid?sv_id=bbfdfdde-03f9-ef11-a325-0050568a66b2
Scotch Corner Landfill - W0020,Site Visit,,https://leap.epa.ie/licence-profile/W0020/compliance/sitevisit/bf2800be-14f9-ef11-a325-0050568a66b2,2025-06-19T00:00:00+00:00,Closed,2025-05-21T00:00:00,W0020,cfb283f0-b10c-4968-b8c0-876a279289d2,https://data.epa.ie/leap/api/v1/SiteVisit/byid?sv_id=bf2800be-14f9-ef11-a325-0050568a66b2
Carrick on Shannon - D0154,Site Visit,,https://leap.epa.ie/licence-profile/D0154/compliance/sitevisit/cfd272c0-1bbe-ef11-a324-0050568a66b2,2025-06-19T00:00:00+00:00,Closed,2025-05-20T00:00:00,D0154,ca6f2be2-0ad4-4dec-95ec-24eedfea8869,https://data.epa.ie/leap/api/v1/SiteVisit/byid?sv_id=cfd272c0-1bbe-ef11-a324-0050568a66b2
Carlingford Sewerage Scheme - D0268,Site Visit,,https://leap.epa.ie/licence-profile/D0268/compliance/sitevisit/d9d272c0-1bbe-ef11-a324-0050568a66b2,2025-06-19T00:00:00+00:00,Closed,2025-05-20T00:00:00,D0268,ef9df540-4345-401c-8241-0451fddec40f,https://data.epa.ie/leap/api/v1/SiteVisit/byid?sv_id=d9d272c0-1bbe-ef11-a324-0050568a66b2
Shanganagh-Bray - D0038,Complaint,Noxious odours in St. Anne's park,https://leap.epa.ie/licence-profile/D0038/compliance/complaint/fdc22a4d-084d-f011-a373-0050568a2d1a,2025-06-18T00:00:00+00:00,Open,2025-06-18T00:00:00,D0038,55a0db98-f5e3-4eea-b4b0-1d2fb1cf1469,https://data.epa.ie/leap/api/v1/Complaint/byid?complaint_id=fdc22a4d-084d-f011-a373-0050568a2d1a
Shanganagh-Bray - D0038,Incident,Uncontrolled Release,https://leap.epa.ie/licence-profile/D0038/compliance/incident/03e03532-c54a-f011-a373-0050568a2d1a,2025-06-18T00:00:00+00:00,Closed,2025-06-16T00:00:00,D0038,55a0db98-f5e3-4eea-b4b0-1d2fb1cf1469,https://data.epa.ie/leap/api/v1/Incident/byid?incident_id=03e03532-c54a-f011-a373-0050568a2d1a
Ringsend - D0034,Incident,Uncontrolled Release,https://leap.epa.ie/licence-profile/D0034/compliance/incident/0af5b564-594c-f011-a373-0050568a2d1a,2025-06-18T00:00:00+00:00,Closed,2025-06-18T00:00:00,D0034,188b6e9c-77a4-4dd9-895c-17080f6af298,https://data.epa.ie/leap/api/v1/Incident/byid?incident_id=0af5b564-594c-f011-a373-0050568a2d1a
Ballyclough - D0441,Incident,Breach of ELV,https://leap.epa.ie/licence-profile/D0441/compliance/incident/4a43fe5e-344c-f011-a373-0050568a2d1a,2025-06-18T00:00:00+00:00,Open,2025-06-18T00:00:00,D0441,3aa2b69b-f9d5-4b5f-afa8-b5ce2a94171d,https://data.epa.ie/leap/api/v1/Incident/byid?incident_id=4a43fe5e-344c-f011-a373-0050568a2d1a
Astellas Ireland Company Limited - P0007,Incident,Abatement equipment off-line,https://leap.epa.ie/licence-profile/P0007/compliance/incident/6b8499c6-8b3d-f011-a373-0050568a2d1a,2025-06-18T00:00:00+00:00,Closed,2025-05-30T00:00:00,P0007,70af4f9e-968f-4979-b8b4-1902cd92e4f4,https://data.epa.ie/leap/api/v1/Incident/byid?incident_id=6b8499c6-8b3d-f011-a373-0050568a2d1a
Enniscorthy - D0029,Incident,Uncontrolled Release,https://leap.epa.ie/licence-profile/D0029/compliance/incident/d68fb804-483d-f011-a373-0050568a2d1a,2025-06-18T00:00:00+00:00,Closed,2025-05-30T00:00:00,D0029,78d6ce97-ca36-4c12-8170-c1a491b0fd57,https://data.epa.ie/leap/api/v1/Incident/byid?incident_id=d68fb804-483d-f011-a373-0050568a2d1a
Donohill Landfill - W0074,Incident,Trigger Level Reached,https://leap.epa.ie/licence-profile/W0074/compliance/incident/f455795d-623d-f011-a373-0050568a2d1a,2025-06-18T00:00:00+00:00,Closed,2025-05-30T00:00:00,W0074,cdb83cc9-092b-4574-ab13-4711ac3355c0,https://data.epa.ie/leap/api/v1/Incident/byid?incident_id=f455795d-623d-f011-a373-0050568a2d1a
Caherciveen Transfer Station - W0087,Site Updates/Notifications,Response to SV31277,https://leap.epa.ie/licence-profile/W0087/compliance/return/0fa91c01-2e4c-f011-a373-0050568a2d1a,2025-06-18T00:00:00+00:00,Closed,2025-06-18T00:00:00,W0087,3ea51c8d-edd3-40a4-afc0-7817e6ec6ff7,https://data.epa.ie/leap/api/v1/LicenseeReturns/byid?lr_id=0fa91c01-2e4c-f011-a373-0050568a2d1a
C.J. Sheeran Limited - P0337,Monitoring Returns,Surface water pesticides monitoring,https://leap.epa.ie/licence-profile/P0337/compliance/return/17a79ef3-244c-f011-a373-0050568a2d1a,2025-06-18T00:00:00+00:00,Open,2025-06-18T00:00:00,P0337,477c2008-61ab-4587-b144-706d1c587fbd,https://data.epa.ie/leap/api/v1/LicenseeReturns/byid?lr_id=17a79ef3-244c-f011-a373-0050568a2d1a
Coolrain Sawmills Limited - P0323,Monitoring Returns,Surface Water SW1 Q2 return,https://leap.epa.ie/licence-profile/P0323/compliance/return/1af58395-2b4c-f011-a373-0050568a2d1a,2025-06-18T00:00:00+00:00,Open,2025-06-18T00:00:00,P0323,d608568c-e755-4e19-8ee5-b8214227b0b7,https://data.epa.ie/leap/api/v1/LicenseeReturns/byid?lr_id=1af58395-2b4c-f011-a373-0050568a2d1a
Ballynacarrick Landfill Site - W0024,Site Updates/Notifications,Leachate Abstraction Network Assessment,https://leap.epa.ie/licence-profile/W0024/compliance/return/22dcd16c-264c-f011-a373-0050568a2d1a,2025-06-18T00:00:00+00:00,Open,2025-06-18T00:00:00,W0024,708e0e98-3eb9-4ef5-8da8-81b1f6b4c18b,https://data.epa.ie/leap/api/v1/LicenseeReturns/byid?lr_id=22dcd16c-264c-f011-a373-0050568a2d1a
Coolrain Sawmills Limited - P0323,Monitoring Returns,Surface Water dated 10 March 2025,https://leap.epa.ie/licence-profile/P0323/compliance/return/36f465fe-2c4c-f011-a373-0050568a2d1a,2025-06-18T00:00:00+00:00,Open,2025-06-18T00:00:00,P0323,d608568c-e755-4e19-8ee5-b8214227b0b7,https://data.epa.ie/leap/api/v1/LicenseeReturns/byid?lr_id=36f465fe-2c4c-f011-a373-0050568a2d1a
Ballymurtagh Landfill Facility - W0011,Monitoring Returns,Ballymurtagh Landfill - Q4 2024 Surface Water Monitoring Report.,https://leap.epa.ie/licence-profile/W0011/compliance/return/4152fcca-98e8-ef11-a372-0050568a2d1a,2025-06-18T00:00:00+00:00,Closed,2025-02-11T00:00:00,W0011,c2f63398-a0ac-4a1b-acfd-4e23f5a0cb23,https://data.epa.ie/leap/api/v1/LicenseeReturns/byid?lr_id=4152fcca-98e8-ef11-a372-0050568a2d1a
Ballymurtagh Landfill Facility - W0011,Monitoring Returns,Ballymurtagh - Q4 2024 GW Report.,https://leap.epa.ie/licence-profile/W0011/compliance/return/42dc50a7-98e8-ef11-a372-0050568a2d1a,2025-06-18T00:00:00+00:00,Closed,2025-02-11T00:00:00,W0011,c2f63398-a0ac-4a1b-acfd-4e23f5a0cb23,https://data.epa.ie/leap/api/v1/LicenseeReturns/byid?lr_id=42dc50a7-98e8-ef11-a372-0050568a2d1a
The Hammond Lane Metal Company Limited - P0997,Site Updates/Notifications,Diesel Range Organics,https://leap.epa.ie/licence-profile/P0997/compliance/return/5fbf0f2c-7132-f011-a373-0050568a2d1a,2025-06-18T00:00:00+00:00,Closed,2025-05-16T00:00:00,P0997,77385efd-ce54-e611-9a04-0050568a69e2,https://data.epa.ie/leap/api/v1/LicenseeReturns/byid?lr_id=5fbf0f2c-7132-f011-a373-0050568a2d1a
Donohill Landfill - W0074,Requests for Approval and Site Reports,SEW Report on the Donohill Landfill Surface Water Management,https://leap.epa.ie/licence-profile/W0074/compliance/return/7477114f-d530-f011-a373-0050568a2d1a,2025-06-18T00:00:00+00:00,Closed,2025-05-14T00:00:00,W0074,cdb83cc9-092b-4574-ab13-4711ac3355c0,https://data.epa.ie/leap/api/v1/LicenseeReturns/byid?lr_id=7477114f-d530-f011-a373-0050568a2d1a
Tulligmore Quarry Solutions Limited - W0255,Requests for Approval and Site Reports,Waste Categories and Quantities,https://leap.epa.ie/licence-profile/W0255/compliance/return/80ac1002-0b45-f011-a373-0050568a2d1a,2025-06-18T00:00:00+00:00,Closed,2025-06-09T00:00:00,W0255,f138c9f0-b24b-4e8b-b827-1cb490ebc9e1,https://data.epa.ie/leap/api/v1/LicenseeReturns/byid?lr_id=80ac1002-0b45-f011-a373-0050568a2d1a
Glanworth - D0450,Annual Environmental Report,AER 2024,https://leap.epa.ie/licence-profile/D0450/compliance/return/ab3881db-384c-f011-a373-0050568a2d1a,2025-06-18T00:00:00+00:00,Open,2025-06-18T00:00:00,D0450,9977a68d-f1c3-438f-836e-0b542feb31e5,https://data.epa.ie/leap/api/v1/LicenseeReturns/byid?lr_id=ab3881db-384c-f011-a373-0050568a2d1a
Henkel Ireland Operations and Research Ireland Limited (Tallaght) - P0079,Monitoring Returns,2025 Q1 Emissions to sewer,https://leap.epa.ie/licence-profile/P0079/compliance/return/abbb3b93-3016-f011-a373-0050568a2d1a,2025-06-18T00:00:00+00:00,Closed,2025-04-10T00:00:00,P0079,af2d8f84-1b57-424a-a46a-a029fa9d4cda,https://data.epa.ie/leap/api/v1/LicenseeReturns/byid?lr_id=abbb3b93-3016-f011-a373-0050568a2d1a
Knockharley Landfill - W0146,Site Updates/Notifications,Notification of acceptance and processing of IBA from Dublin Waste to Energy,https://leap.epa.ie/licence-profile/W0146/compliance/return/b398bd34-3a4c-f011-a373-0050568a2d1a,2025-06-18T00:00:00+00:00,Open,2025-06-18T00:00:00,W0146,8a684cb8-e7fb-4d81-b843-20ffd7f4aeeb,https://data.epa.ie/leap/api/v1/LicenseeReturns/byid?lr_id=b398bd34-3a4c-f011-a373-0050568a2d1a
Durrus - D0545,Annual Environmental Report,AER 2024,https://leap.epa.ie/licence-profile/D0545/compliance/return/b578cbf1-374c-f011-a373-0050568a2d1a,2025-06-18T00:00:00+00:00,Open,2025-06-18T00:00:00,D0545,41e8bd6e-739c-e711-89bf-0050568a69e2,https://data.epa.ie/leap/api/v1/LicenseeReturns/byid?lr_id=b578cbf1-374c-f011-a373-0050568a2d1a
Ballymurtagh Landfill Facility - W0011,Monitoring Returns,Ballymurtagh Landfill - Q4 2024 Leachate Monitoring Report.,https://leap.epa.ie/licence-profile/W0011/compliance/return/b7c474e8-98e8-ef11-a372-0050568a2d1a,2025-06-18T00:00:00+00:00,Closed,2025-02-11T00:00:00,W0011,c2f63398-a0ac-4a1b-acfd-4e23f5a0cb23,https://data.epa.ie/leap/api/v1/LicenseeReturns/byid?lr_id=b7c474e8-98e8-ef11-a372-0050568a2d1a
Masonite Ireland - P0021,Monitoring Returns,Masonite Q2 Air Monitoring Reports 2025.,https://leap.epa.ie/licence-profile/P0021/compliance/return/b7d9523c-da42-f011-a373-0050568a2d1a,2025-06-18T00:00:00+00:00,Closed,2025-06-06T00:00:00,P0021,2e67f682-f839-42e2-a4d5-7b87c6b1b6fa,https://data.epa.ie/leap/api/v1/LicenseeReturns/byid?lr_id=b7d9523c-da42-f011-a373-0050568a2d1a
Knockharley Landfill - W0146,Site Updates/Notifications,Notification of commencement of processing of IBA from SEHL Slane,https://leap.epa.ie/licence-profile/W0146/compliance/return/bd9a00dc-3a4c-f011-a373-0050568a2d1a,2025-06-18T00:00:00+00:00,Open,2025-06-18T00:00:00,W0146,8a684cb8-e7fb-4d81-b843-20ffd7f4aeeb,https://data.epa.ie/leap/api/v1/LicenseeReturns/byid?lr_id=bd9a00dc-3a4c-f011-a373-0050568a2d1a
Inagh - D0422,Site Updates/Notifications,Inagh Upgrade Works Notification,https://leap.epa.ie/licence-profile/D0422/compliance/return/c210d3a2-3c48-f011-a373-0050568a2d1a,2025-06-18T00:00:00+00:00,Closed,2025-06-13T00:00:00,D0422,ff999495-f7b8-4539-bfa4-4806f8ce8a6f,https://data.epa.ie/leap/api/v1/LicenseeReturns/byid?lr_id=c210d3a2-3c48-f011-a373-0050568a2d1a
IJM Timber Engineering Limited - P0363,Requests for Approval and Site Reports,Upgrade to Treatment Facility,https://leap.epa.ie/licence-profile/P0363/compliance/return/c78d8c2c-5b4c-f011-a373-0050568a2d1a,2025-06-18T00:00:00+00:00,Open,2025-06-18T00:00:00,P0363,93ab0232-6a8e-47d5-b230-e7d37f6945d7,https://data.epa.ie/leap/api/v1/LicenseeReturns/byid?lr_id=c78d8c2c-5b4c-f011-a373-0050568a2d1a
"Brewery, Chemical and Dairy Engineering Limited - P0283",Monitoring Returns,May 2025 Monitoring Returns,https://leap.epa.ie/licence-profile/P0283/compliance/return/d08cf3ea-294c-f011-a373-0050568a2d1a,2025-06-18T00:00:00+00:00,Open,2025-06-18T00:00:00,P0283,6fcd892d-ffe5-4837-8956-8c160e0de58b,https://data.epa.ie/leap/api/v1/LicenseeReturns/byid?lr_id=d08cf3ea-294c-f011-a373-0050568a2d1a
MSD International GmbH t/a MSD Ireland (Biotech Dublin) - P1106,Requests for Approval and Site Reports,Boiler Dual-Fuel Use,https://leap.epa.ie/licence-profile/P1106/compliance/return/da1cda61-d920-f011-a373-0050568a2d1a,2025-06-18T00:00:00+00:00,Closed,2025-04-24T00:00:00,P1106,2da03876-ace3-4c97-98bc-61678774639c,https://data.epa.ie/leap/api/v1/LicenseeReturns/byid?lr_id=da1cda61-d920-f011-a373-0050568a2d1a
Kepak Cork - P0595,Site Updates/Notifications,Document relating to site visit 13/06/2025,https://leap.epa.ie/licence-profile/P0595/compliance/return/f457c1ba-594c-f011-a373-0050568a2d1a,2025-06-18T00:00:00+00:00,Open,2025-06-18T00:00:00,P0595,111c398f-0328-4313-8814-14ed512920b2,https://data.epa.ie/leap/api/v1/LicenseeReturns/byid?lr_id=f457c1ba-594c-f011-a373-0050568a2d1a
Kingscourt - D0083,Site Updates/Notifications,Kingscourt SV32257 Supporting Documentation_Rev 1,https://leap.epa.ie/licence-profile/D0083/compliance/return/fe5cc604-254c-f011-a373-0050568a2d1a,2025-06-18T00:00:00+00:00,Open,2025-06-18T00:00:00,D0083,e4d29d1d-ae78-4345-968d-c4ada2fbcfda,https://data.epa.ie/leap/api/v1/LicenseeReturns/byid?lr_id=fe5cc604-254c-f011-a373-0050568a2d1a
Astellas Ireland Company Limited - P0007,EPA Initiated Correspondence,,https://leap.epa.ie/licence-profile/P0007/compliance/epa-correspondence/8bb46734-5e4c-f011-a373-0050568a2d1a,2025-06-18T00:00:00+00:00,Closed,2025-06-18T00:00:00,P0007,70af4f9e-968f-4979-b8b4-1902cd92e4f4,https://data.epa.ie/leap/api/v1/MeetingCorrespondence/epainiciatedcorrespondencebyid?epainitiatedcorrespondence_id=8bb46734-5e4c-f011-a373-0050568a2d1a
Marinochem Limited - P0034,EPA Initiated Correspondence,,https://leap.epa.ie/licence-profile/P0034/compliance/epa-correspondence/d620b00c-594c-f011-a373-0050568a2d1a,2025-06-18T00:00:00+00:00,Closed,2025-06-18T00:00:00,P0034,ac83b258-643f-4447-a1cd-2c4cfeb7c702,https://data.epa.ie/leap/api/v1/MeetingCorrespondence/epainiciatedcorrespondencebyid?epainitiatedcorrespondence_id=d620b00c-594c-f011-a373-0050568a2d1a
Dawn Meats Ireland Unlimited Company - P1088,Non Compliance,,https://leap.epa.ie/licence-profile/P1088/compliance/non-compliance/39ccc0a3-0942-f011-a373-0050568a2d1a,2025-06-18T00:00:00+00:00,Issued,2025-06-18T00:00:00,P1088,67fe1f59-4822-4878-9bff-71a247e2d66c,https://data.epa.ie/leap/api/v1/NonCompliance/byid?nc_id=39ccc0a3-0942-f011-a373-0050568a2d1a
Recycling Centre and Waste Transfer Station - W0200,Non Compliance,,https://leap.epa.ie/licence-profile/W0200/compliance/non-compliance/3dc66be1-924b-f011-a373-0050568a2d1a,2025-06-18T00:00:00+00:00,Issued,2025-06-18T00:00:00,W0200,df1f1c90-cca7-4629-b3e8-102b4015bcda,https://data.epa.ie/leap/api/v1/NonCompliance/byid?nc_id=3dc66be1-924b-f011-a373-0050568a2d1a
Recycling Centre and Waste Transfer Station - W0200,Non Compliance,,https://leap.epa.ie/licence-profile/W0200/compliance/non-compliance/4c879ec8-904b-f011-a373-0050568a2d1a,2025-06-18T00:00:00+00:00,Issued,2025-06-18T00:00:00,W0200,df1f1c90-cca7-4629-b3e8-102b4015bcda,https://data.epa.ie/leap/api/v1/NonCompliance/byid?nc_id=4c879ec8-904b-f011-a373-0050568a2d1a
The Hammond Lane Metal Company Limited - P0997,Non Compliance,,https://leap.epa.ie/licence-profile/P0997/compliance/non-compliance/50966ccf-874b-f011-a373-0050568a2d1a,2025-06-18T00:00:00+00:00,Issued,2025-06-18T00:00:00,P0997,77385efd-ce54-e611-9a04-0050568a69e2,https://data.epa.ie/leap/api/v1/NonCompliance/byid?nc_id=50966ccf-874b-f011-a373-0050568a2d1a
Recycling Centre and Waste Transfer Station - W0200,Non Compliance,,https://leap.epa.ie/licence-profile/W0200/compliance/non-compliance/8c30a286-904b-f011-a373-0050568a2d1a,2025-06-18T00:00:00+00:00,Issued,2025-06-18T00:00:00,W0200,df1f1c90-cca7-4629-b3e8-102b4015bcda,https://data.epa.ie/leap/api/v1/NonCompliance/byid?nc_id=8c30a286-904b-f011-a373-0050568a2d1a
Starrus Eco Holdings Limited (Waterford City) - W0177,Non Compliance,,https://leap.epa.ie/licence-profile/W0177/compliance/non-compliance/9a17abea-c44a-f011-a373-0050568a2d1a,2025-06-18T00:00:00+00:00,Issued,2025-06-18T00:00:00,W0177,c1850155-df4d-425d-9971-730bdb3c91b8,https://data.epa.ie/leap/api/v1/NonCompliance/byid?nc_id=9a17abea-c44a-f011-a373-0050568a2d1a
Dawn Meats Ireland t/a Dawn Grannagh - P0179,Non Compliance,,https://leap.epa.ie/licence-profile/P0179/compliance/non-compliance/ab0f31e4-254c-f011-a373-0050568a2d1a,2025-06-18T00:00:00+00:00,Issued,2025-06-18T00:00:00,P0179,091ee754-9180-4ba4-b63b-2b6e076cf290,https://data.epa.ie/leap/api/v1/NonCompliance/byid?nc_id=ab0f31e4-254c-f011-a373-0050568a2d1a
Recycling Centre and Waste Transfer Station - W0200,Non Compliance,,https://leap.epa.ie/licence-profile/W0200/compliance/non-compliance/c7c15e72-8c4b-f011-a373-0050568a2d1a,2025-06-18T00:00:00+00:00,Issued,2025-06-18T00:00:00,W0200,df1f1c90-cca7-4629-b3e8-102b4015bcda,https://data.epa.ie/leap/api/v1/NonCompliance/byid?nc_id=c7c15e72-8c4b-f011-a373-0050568a2d1a
Dawn Meats Ireland t/a Dawn Grannagh - P0179,Non Compliance,,https://leap.epa.ie/licence-profile/P0179/compliance/non-compliance/d1fd43e5-1342-f011-a373-0050568a2d1a,2025-06-18T00:00:00+00:00,Issued,2025-06-18T00:00:00,P0179,091ee754-9180-4ba4-b63b-2b6e076cf290,https://data.epa.ie/leap/api/v1/NonCompliance/byid?nc_id=d1fd43e5-1342-f011-a373-0050568a2d1a
The Hammond Lane Metal Company Limited - P0997,Non Compliance,,https://leap.epa.ie/licence-profile/P0997/compliance/non-compliance/f959a447-884b-f011-a373-0050568a2d1a,2025-06-18T00:00:00+00:00,Issued,2025-06-18T00:00:00,P0997,77385efd-ce54-e611-9a04-0050568a69e2,https://data.epa.ie/leap/api/v1/NonCompliance/byid?nc_id=f959a447-884b-f011-a373-0050568a2d1a
Starrus Eco Holdings Limited (Waterford City) - W0177,Non Compliance,,https://leap.epa.ie/licence-profile/W0177/compliance/non-compliance/fd654773-3e48-f011-a373-0050568a2d1a,2025-06-18T00:00:00+00:00,Issued,2025-06-18T00:00:00,W0177,c1850155-df4d-425d-9971-730bdb3c91b8,https://data.epa.ie/leap/api/v1/NonCompliance/byid?nc_id=fd654773-3e48-f011-a373-0050568a2d1a
Ballymurtagh Landfill Facility - W0011,Site Visit,,https://leap.epa.ie/licence-profile/W0011/compliance/sitevisit/0504f3ba-dcbd-ef11-a324-0050568a66b2,2025-06-18T00:00:00+00:00,Closed,2025-05-01T00:00:00,W0011,c2f63398-a0ac-4a1b-acfd-4e23f5a0cb23,https://data.epa.ie/leap/api/v1/SiteVisit/byid?sv_id=0504f3ba-dcbd-ef11-a324-0050568a66b2
The Hammond Lane Metal Company Limited - P0997,Site Visit,,https://leap.epa.ie/licence-profile/P0997/compliance/sitevisit/402bf009-9247-f011-a373-0050568a2d1a,2025-06-18T00:00:00+00:00,Closed,2025-05-29T00:00:00,P0997,77385efd-ce54-e611-9a04-0050568a69e2,https://data.epa.ie/leap/api/v1/SiteVisit/byid?sv_id=402bf009-9247-f011-a373-0050568a2d1a
Sperrin Galvanisers (Ireland) Limited - P0658,Site Visit,,https://leap.epa.ie/licence-profile/P0658/compliance/sitevisit/9a471439-b6bb-ef11-a324-0050568a66b2,2025-06-18T00:00:00+00:00,Closed,2025-05-02T00:00:00,P0658,0a9aeab0-6a47-4db4-81be-567d7399bfa8,https://data.epa.ie/leap/api/v1/SiteVisit/byid?sv_id=9a471439-b6bb-ef11-a324-0050568a66b2
Huntstown Inert Waste Recovery Facility - W0277,Site Visit,,https://leap.epa.ie/licence-profile/W0277/compliance/sitevisit/9e415b9a-4727-f011-a373-0050568a2d1a,2025-06-18T00:00:00+00:00,Closed,2025-05-13T00:00:00,W0277,2800a316-42ce-e411-b3b4-0050568a69e2,https://data.epa.ie/leap/api/v1/SiteVisit/byid?sv_id=9e415b9a-4727-f011-a373-0050568a2d1a
Recycling Centre and Waste Transfer Station - W0200,Site Visit,,https://leap.epa.ie/licence-profile/W0200/compliance/sitevisit/9f04f3ba-dcbd-ef11-a324-0050568a66b2,2025-06-18T00:00:00+00:00,Closed,2025-05-08T00:00:00,W0200,df1f1c90-cca7-4629-b3e8-102b4015bcda,https://data.epa.ie/leap/api/v1/SiteVisit/byid?sv_id=9f04f3ba-dcbd-ef11-a324-0050568a66b2
Rochfortbridge - D0101,Site Visit,,https://leap.epa.ie/licence-profile/D0101/compliance/sitevisit/b3fdfdde-03f9-ef11-a325-0050568a66b2,2025-06-18T00:00:00+00:00,Closed,2025-05-20T00:00:00,D0101,00fa673b-9783-429f-b5f7-5be382156e67,https://data.epa.ie/leap/api/v1/SiteVisit/byid?sv_id=b3fdfdde-03f9-ef11-a325-0050568a66b2
Starrus Eco Holdings Limited (Waterford City) - W0177,Site Visit,,https://leap.epa.ie/licence-profile/W0177/compliance/sitevisit/c30e2cc0-8135-f011-a373-0050568a2d1a,2025-06-18T00:00:00+00:00,Closed,2025-05-20T00:00:00,W0177,c1850155-df4d-425d-9971-730bdb3c91b8,https://data.epa.ie/leap/api/v1/SiteVisit/byid?sv_id=c30e2cc0-8135-f011-a373-0050568a2d1a
Clones and Environs - D0206,Site Visit,,https://leap.epa.ie/licence-profile/D0206/compliance/sitevisit/c721bdb3-3a32-f011-a373-0050568a2d1a,2025-06-18T00:00:00+00:00,Closed,2025-05-15T00:00:00,D0206,57cddeaa-731e-4181-bbba-8c562cd7677b,https://data.epa.ie/leap/api/v1/SiteVisit/byid?sv_id=c721bdb3-3a32-f011-a373-0050568a2d1a
Minister for Defence - W0289,Site Visit,,https://leap.epa.ie/licence-profile/W0289/compliance/sitevisit/e904f3ba-dcbd-ef11-a324-0050568a66b2,2025-06-18T00:00:00+00:00,Closed,2025-04-01T00:00:00,W0289,58ad3a6d-832b-49fb-956f-53d01802fa65,https://data.epa.ie/leap/api/v1/SiteVisit/byid?sv_id=e904f3ba-dcbd-ef11-a324-0050568a66b2
Recycling Centre and Waste Transfer Station - W0200,Site Visit,,https://leap.epa.ie/licence-profile/W0200/compliance/sitevisit/eee4e21c-373a-f011-a373-0050568a2d1a,2025-06-18T00:00:00+00:00,Closed,2025-05-27T00:00:00,W0200,df1f1c90-cca7-4629-b3e8-102b4015bcda,https://data.epa.ie/leap/api/v1/SiteVisit/byid?sv_id=eee4e21c-373a-f011-a373-0050568a2d1a
Rathkeale - D0112,Incident,Breach of ELV,https://leap.epa.ie/licence-profile/D0112/compliance/incident/0cf47645-0a45-f011-a373-0050568a2d1a,2025-06-17T00:00:00+00:00,Closed,2025-06-09T00:00:00,D0112,5b49c433-6a9a-43c0-b9f4-5e409c923f05,https://data.epa.ie/leap/api/v1/Incident/byid?incident_id=0cf47645-0a45-f011-a373-0050568a2d1a
Ringsend - D0034,Incident,Abatement equipment off-line,https://leap.epa.ie/licence-profile/D0034/compliance/incident/15be2c06-824b-f011-a373-0050568a2d1a,2025-06-17T00:00:00+00:00,Open,2025-06-17T00:00:00,D0034,188b6e9c-77a4-4dd9-895c-17080f6af298,https://data.epa.ie/leap/api/v1/Incident/byid?incident_id=15be2c06-824b-f011-a373-0050568a2d1a
Ahascragh - A0548,Incident,Uncontrolled Release,https://leap.epa.ie/licence-profile/A0548/compliance/incident/1ee191d8-854b-f011-a373-0050568a2d1a,2025-06-17T00:00:00+00:00,Open,2025-06-17T00:00:00,A0548,44a571c7-c65f-e611-9a16-0050568a69e2,https://data.epa.ie/leap/api/v1/Incident/byid?incident_id=1ee191d8-854b-f011-a373-0050568a2d1a
Edenderry - D0110,Incident,Abatement equipment off-line,https://leap.epa.ie/licence-profile/D0110/compliance/incident/643fae72-6e4b-f011-a373-0050568a2d1a,2025-06-17T00:00:00+00:00,Open,2025-06-17T00:00:00,D0110,65ead3b1-6a82-422e-b924-0483b5ff6b91,https://data.epa.ie/leap/api/v1/Incident/byid?incident_id=643fae72-6e4b-f011-a373-0050568a2d1a
Western Brand Group Unlimited Company - P0831,Incident,Breach of ELV,https://leap.epa.ie/licence-profile/P0831/compliance/incident/726ec707-614b-f011-a373-0050568a2d1a,2025-06-17T00:00:00+00:00,Open,2025-06-17T00:00:00,P0831,9eb4b5a2-706c-494b-abde-0e5f977b732f,https://data.epa.ie/leap/api/v1/Incident/byid?incident_id=726ec707-614b-f011-a373-0050568a2d1a
Doonbeg - D0324,Incident,Monitoring Equipment Issues,https://leap.epa.ie/licence-profile/D0324/compliance/incident/87224d81-924b-f011-a373-0050568a2d1a,2025-06-17T00:00:00+00:00,Open,2025-06-17T00:00:00,D0324,9d7d1151-0bfe-454f-be3a-d7691207b851,https://data.epa.ie/leap/api/v1/Incident/byid?incident_id=87224d81-924b-f011-a373-0050568a2d1a
Dundalk - D0053,Incident,Uncontrolled Release,https://leap.epa.ie/licence-profile/D0053/compliance/incident/ad90e421-914b-f011-a373-0050568a2d1a,2025-06-17T00:00:00+00:00,Open,2025-06-17T00:00:00,D0053,0f980dc0-25cd-42b8-bb38-077b54e6a8dd,https://data.epa.ie/leap/api/v1/Incident/byid?incident_id=ad90e421-914b-f011-a373-0050568a2d1a
MSD International GmbH t/a MSD Ireland (Biotech Dublin) - P1106,Incident,Trigger Level Reached,https://leap.epa.ie/licence-profile/P1106/compliance/incident/b8a3516d-964b-f011-a373-0050568a2d1a,2025-06-17T00:00:00+00:00,Open,2025-06-17T00:00:00,P1106,2da03876-ace3-4c97-98bc-61678774639c,https://data.epa.ie/leap/api/v1/Incident/byid?incident_id=b8a3516d-964b-f011-a373-0050568a2d1a
Forest Laboratories Ireland Limited - P0306,Incident,Uncontrolled Release,https://leap.epa.ie/licence-profile/P0306/compliance/incident/f2b0e64b-954b-f011-a373-0050568a2d1a,2025-06-17T00:00:00+00:00,Open,2025-06-17T00:00:00,P0306,cc43e214-bf6b-48f5-8cc5-fa67457b2e25,https://data.epa.ie/leap/api/v1/Incident/byid?incident_id=f2b0e64b-954b-f011-a373-0050568a2d1a
Bord na Móna Plc (Kilberry) - W0198,Monitoring Returns,Q2 Odour Patrol Monitoring 2025,https://leap.epa.ie/licence-profile/W0198/compliance/return/0035e886-794b-f011-a373-0050568a2d1a,2025-06-17T00:00:00+00:00,Open,2025-06-17T00:00:00,W0198,fcfbe6a2-10b4-4e5c-9a43-b0e9a7ab7331,https://data.epa.ie/leap/api/v1/LicenseeReturns/byid?lr_id=0035e886-794b-f011-a373-0050568a2d1a
Skibbereen - D0166,Annual Environmental Report,AER 2024,https://leap.epa.ie/licence-profile/D0166/compliance/return/07fda707-764b-f011-a373-0050568a2d1a,2025-06-17T00:00:00+00:00,Open,2025-06-17T00:00:00,D0166,c065c350-dcc8-485e-8fc5-0ed82cdd77f4,https://data.epa.ie/leap/api/v1/LicenseeReturns/byid?lr_id=07fda707-764b-f011-a373-0050568a2d1a
Castlemartyr - D0134,Annual Environmental Report,AER 2024,https://leap.epa.ie/licence-profile/D0134/compliance/return/0cc86eea-744b-f011-a373-0050568a2d1a,2025-06-17T00:00:00+00:00,Open,2025-06-17T00:00:00,D0134,2c577b50-f2c2-4349-bdb6-6d31176c0ddd,https://data.epa.ie/leap/api/v1/LicenseeReturns/byid?lr_id=0cc86eea-744b-f011-a373-0050568a2d1a
Cappawhite - D0440,Annual Environmental Report,AER 2024,https://leap.epa.ie/licence-profile/D0440/compliance/return/0ffd69a1-874b-f011-a373-0050568a2d1a,2025-06-17T00:00:00+00:00,Open,2025-06-17T00:00:00,D0440,fa7f7f66-639e-48c1-8fda-8c2484cdeb0e,https://data.epa.ie/leap/api/v1/LicenseeReturns/byid?lr_id=0ffd69a1-874b-f011-a373-0050568a2d1a
Kilcormac - D0225,Annual Environmental Report,AER 2024,https://leap.epa.ie/licence-profile/D0225/compliance/return/124c41cd-894b-f011-a373-0050568a2d1a,2025-06-17T00:00:00+00:00,Open,2025-06-17T00:00:00,D0225,5551e66c-0548-4f31-b752-28aec4c56ba3,https://data.epa.ie/leap/api/v1/LicenseeReturns/byid?lr_id=124c41cd-894b-f011-a373-0050568a2d1a
Carrigtwohill and Environs - D0044,Annual Environmental Report,AER 2024,https://leap.epa.ie/licence-profile/D0044/compliance/return/131b8391-4d4b-f011-a373-0050568a2d1a,2025-06-17T00:00:00+00:00,Open,2025-06-17T00:00:00,D0044,f30c9103-ac93-4c9b-a488-c0f3d05fa465,https://data.epa.ie/leap/api/v1/LicenseeReturns/byid?lr_id=131b8391-4d4b-f011-a373-0050568a2d1a
Killeagh - D0301,Annual Environmental Report,AER 2024,https://leap.epa.ie/licence-profile/D0301/compliance/return/2a31d352-754b-f011-a373-0050568a2d1a,2025-06-17T00:00:00+00:00,Open,2025-06-17T00:00:00,D0301,0a40176a-6d36-4cc3-8db4-336e57da4c78,https://data.epa.ie/leap/api/v1/LicenseeReturns/byid?lr_id=2a31d352-754b-f011-a373-0050568a2d1a
Banteer and Environs - D0448,Annual Environmental Report,AER 2024,https://leap.epa.ie/licence-profile/D0448/compliance/return/2b306e45-4d4b-f011-a373-0050568a2d1a,2025-06-17T00:00:00+00:00,Open,2025-06-17T00:00:00,D0448,656bff8f-f016-4213-a0c0-3813462f6152,https://data.epa.ie/leap/api/v1/LicenseeReturns/byid?lr_id=2b306e45-4d4b-f011-a373-0050568a2d1a
Union Hall - D0469,Annual Environmental Report,AER 2024,https://leap.epa.ie/licence-profile/D0469/compliance/return/37ee17e4-754b-f011-a373-0050568a2d1a,2025-06-17T00:00:00+00:00,Open,2025-06-17T00:00:00,D0469,a1314bc6-9476-4289-b8b6-6bd856c12646,https://data.epa.ie/leap/api/v1/LicenseeReturns/byid?lr_id=37ee17e4-754b-f011-a373-0050568a2d1a
Kenmare Transfer Station - W0086,Requests for Approval and Site Reports,Hazardous Waste Bund Integrity Test,https://leap.epa.ie/licence-profile/W0086/compliance/return/380cdc89-5148-f011-a373-0050568a2d1a,2025-06-17T00:00:00+00:00,Closed,2025-06-13T00:00:00,W0086,8f47e3b7-0052-4ced-bf02-259ff066247e,https://data.epa.ie/leap/api/v1/LicenseeReturns/byid?lr_id=380cdc89-5148-f011-a373-0050568a2d1a
ZOETIS BELGIUM S.A - P0015,Monitoring Returns,Bypasses Summary 2024,https://leap.epa.ie/licence-profile/P0015/compliance/return/3ec2ca4e-50ed-ef11-a373-0050568a2d1a,2025-06-17T00:00:00+00:00,Closed,2025-02-17T00:00:00,P0015,4447b20a-0d78-4af0-8ceb-27fcdd0f6fe8,https://data.epa.ie/leap/api/v1/LicenseeReturns/byid?lr_id=3ec2ca4e-50ed-ef11-a373-0050568a2d1a
Killeens - D0329,Annual Environmental Report,AER 2024,https://leap.epa.ie/licence-profile/D0329/compliance/return/3ffad43f-4f4b-f011-a373-0050568a2d1a,2025-06-17T00:00:00+00:00,Open,2025-06-17T00:00:00,D0329,5f404b04-f63c-422f-9f2a-41f7b6b867ed,https://data.epa.ie/leap/api/v1/LicenseeReturns/byid?lr_id=3ffad43f-4f4b-f011-a373-0050568a2d1a
Glengarriff - D0471,Annual Environmental Report,AER 2024,https://leap.epa.ie/licence-profile/D0471/compliance/return/411c5a02-4f4b-f011-a373-0050568a2d1a,2025-06-17T00:00:00+00:00,Open,2025-06-17T00:00:00,D0471,800cb54c-d198-49a4-b10c-77164a2ca9c1,https://data.epa.ie/leap/api/v1/LicenseeReturns/byid?lr_id=411c5a02-4f4b-f011-a373-0050568a2d1a
Drimoleague - D0470,Annual Environmental Report,AER 2024,https://leap.epa.ie/licence-profile/D0470/compliance/return/44a40913-514b-f011-a373-0050568a2d1a,2025-06-17T00:00:00+00:00,Open,2025-06-17T00:00:00,D0470,a3772081-b14b-4a57-aaae-4242ddd26901,https://data.epa.ie/leap/api/v1/LicenseeReturns/byid?lr_id=44a40913-514b-f011-a373-0050568a2d1a
Churchtown Landfill - W0062,Site Updates/Notifications,Licensee Public Response - SV31832,https://leap.epa.ie/licence-profile/W0062/compliance/return/56189cbc-804b-f011-a373-0050568a2d1a,2025-06-17T00:00:00+00:00,Open,2025-06-17T00:00:00,W0062,2aee786a-3e62-4fe0-9010-d9c5f81a3461,https://data.epa.ie/leap/api/v1/LicenseeReturns/byid?lr_id=56189cbc-804b-f011-a373-0050568a2d1a
Mulleady’s Limited (Mullingar) - W0197,Monitoring Returns,WMA S18 Notice,https://leap.epa.ie/licence-profile/W0197/compliance/return/567e7aa1-934a-f011-a373-0050568a2d1a,2025-06-17T00:00:00+00:00,Closed,2025-06-16T00:00:00,W0197,ef84b59c-c6fd-4cc9-91f1-f7ec1a774b86,https://data.epa.ie/leap/api/v1/LicenseeReturns/byid?lr_id=567e7aa1-934a-f011-a373-0050568a2d1a
Rathmullan - D0345,Annual Environmental Report,AER 2024,https://leap.epa.ie/licence-profile/D0345/compliance/return/631569e2-8c4b-f011-a373-0050568a2d1a,2025-06-17T00:00:00+00:00,Open,2025-06-17T00:00:00,D0345,26383f00-5ff5-496c-bfb8-babf9cb87eeb,https://data.epa.ie/leap/api/v1/LicenseeReturns/byid?lr_id=631569e2-8c4b-f011-a373-0050568a2d1a
Newmarket and Environs - D0333,Annual Environmental Report,AER 2024,https://leap.epa.ie/licence-profile/D0333/compliance/return/6a7f2e7c-754b-f011-a373-0050568a2d1a,2025-06-17T00:00:00+00:00,Open,2025-06-17T00:00:00,D0333,3669a1ff-f4e5-4990-8ed4-c333be3a4ff6,https://data.epa.ie/leap/api/v1/LicenseeReturns/byid?lr_id=6a7f2e7c-754b-f011-a373-0050568a2d1a
Dingle Civic Amenity Centre - W0225,Requests for Approval and Site Reports,Bund Integrity Testing,https://leap.epa.ie/licence-profile/W0225/compliance/return/6b26c902-3c32-f011-a373-0050568a2d1a,2025-06-17T00:00:00+00:00,Closed,2025-05-16T00:00:00,W0225,bc6f5443-e7b3-4651-9328-a44661c19205,https://data.epa.ie/leap/api/v1/LicenseeReturns/byid?lr_id=6b26c902-3c32-f011-a373-0050568a2d1a
Castlelyons and Environs - D0449,Annual Environmental Report,AER 2024,https://leap.epa.ie/licence-profile/D0449/compliance/return/782969cc-4d4b-f011-a373-0050568a2d1a,2025-06-17T00:00:00+00:00,Open,2025-06-17T00:00:00,D0449,afc2f6b7-7f2c-4a40-9c12-6ef108ce13de,https://data.epa.ie/leap/api/v1/LicenseeReturns/byid?lr_id=782969cc-4d4b-f011-a373-0050568a2d1a
O'Toole Composting Limited - W0284,Site Updates/Notifications,Licensee Public Response - SV31908,https://leap.epa.ie/licence-profile/W0284/compliance/return/7ce83d60-7f4b-f011-a373-0050568a2d1a,2025-06-17T00:00:00+00:00,Open,2025-06-17T00:00:00,W0284,0d377f83-f286-e511-a5db-0050568a69e2,https://data.epa.ie/leap/api/v1/LicenseeReturns/byid?lr_id=7ce83d60-7f4b-f011-a373-0050568a2d1a
Innishannon - D0429,Annual Environmental Report,AER 2024,https://leap.epa.ie/licence-profile/D0429/compliance/return/7debc707-504b-f011-a373-0050568a2d1a,2025-06-17T00:00:00+00:00,Open,2025-06-17T00:00:00,D0429,bc7b6f48-4729-4474-b6c4-7b2eff5c14bd,https://data.epa.ie/leap/api/v1/LicenseeReturns/byid?lr_id=7debc707-504b-f011-a373-0050568a2d1a
Benduff Landfill Site - W0070,Site Updates/Notifications,EPA ref. SV 31543 Request for time extension completion of action items,https://leap.epa.ie/licence-profile/W0070/compliance/return/7e1b2330-b646-f011-a373-0050568a2d1a,2025-06-17T00:00:00+00:00,Closed,2025-06-11T00:00:00,W0070,3dfc1322-2bc4-42df-94d9-a65485889f18,https://data.epa.ie/leap/api/v1/LicenseeReturns/byid?lr_id=7e1b2330-b646-f011-a373-0050568a2d1a
Safety Kleen Ireland Ltd - W0099,Site Updates/Notifications,Management,https://leap.epa.ie/licence-profile/W0099/compliance/return/80102d35-0e42-f011-a373-0050568a2d1a,2025-06-17T00:00:00+00:00,Closed,2025-06-05T00:00:00,W0099,d94dcd25-521d-4632-b0db-dac2043d51cd,https://data.epa.ie/leap/api/v1/LicenseeReturns/byid?lr_id=80102d35-0e42-f011-a373-0050568a2d1a
Carney - A0545,Site Updates/Notifications,Documentation requested for site visit 17th June 2025,https://leap.epa.ie/licence-profile/A0545/compliance/return/80862d62-834b-f011-a373-0050568a2d1a,2025-06-17T00:00:00+00:00,Open,2025-06-17T00:00:00,A0545,6f625484-a0a8-e511-987f-0050568a69e2,https://data.epa.ie/leap/api/v1/LicenseeReturns/byid?lr_id=80862d62-834b-f011-a373-0050568a2d1a
Mulleady’s Limited (Drumlish) - W0169,Monitoring Returns,WMA S18 Notice,https://leap.epa.ie/licence-profile/W0169/compliance/return/85c00a9e-944a-f011-a373-0050568a2d1a,2025-06-17T00:00:00+00:00,Closed,2025-06-16T00:00:00,W0169,c51304fe-d142-4d42-b797-e13a74738650,https://data.epa.ie/leap/api/v1/LicenseeReturns/byid?lr_id=85c00a9e-944a-f011-a373-0050568a2d1a
Ladysbridge - D0328,Annual Environmental Report,AER 2024,https://leap.epa.ie/licence-profile/D0328/compliance/return/870dcb62-4f4b-f011-a373-0050568a2d1a,2025-06-17T00:00:00+00:00,Open,2025-06-17T00:00:00,D0328,0bf092b6-36f4-41ac-bc6b-299553123144,https://data.epa.ie/leap/api/v1/LicenseeReturns/byid?lr_id=870dcb62-4f4b-f011-a373-0050568a2d1a
Dungloe - D0208,Annual Environmental Report,AER 2024,https://leap.epa.ie/licence-profile/D0208/compliance/return/8947a744-8a4b-f011-a373-0050568a2d1a,2025-06-17T00:00:00+00:00,Open,2025-06-17T00:00:00,D0208,be9db8a2-2e14-43bb-9760-223d7eaec119,https://data.epa.ie/leap/api/v1/LicenseeReturns/byid?lr_id=8947a744-8a4b-f011-a373-0050568a2d1a
Killavullen and Environs - D0447,Annual Environmental Report,AER 2024,https://leap.epa.ie/licence-profile/D0447/compliance/return/89dae6b4-754b-f011-a373-0050568a2d1a,2025-06-17T00:00:00+00:00,Open,2025-06-17T00:00:00,D0447,4381f7e4-bd6f-4d72-af18-33a7364c332b,https://data.epa.ie/leap/api/v1/LicenseeReturns/byid?lr_id=89dae6b4-754b-f011-a373-0050568a2d1a
Tulligmore Quarry Solutions Limited - W0255,Site Updates/Notifications,Response to Item 1.5,https://leap.epa.ie/licence-profile/W0255/compliance/return/8d261b1b-c046-f011-a373-0050568a2d1a,2025-06-17T00:00:00+00:00,Closed,2025-06-11T00:00:00,W0255,f138c9f0-b24b-4e8b-b827-1cb490ebc9e1,https://data.epa.ie/leap/api/v1/LicenseeReturns/byid?lr_id=8d261b1b-c046-f011-a373-0050568a2d1a
Kildorrery - D0442,Annual Environmental Report,AER 2024,https://leap.epa.ie/licence-profile/D0442/compliance/return/8de8f02c-764b-f011-a373-0050568a2d1a,2025-06-17T00:00:00+00:00,Open,2025-06-17T00:00:00,D0442,99519e0f-b245-4c05-90ab-3b652dbb1563,https://data.epa.ie/leap/api/v1/LicenseeReturns/byid?lr_id=8de8f02c-764b-f011-a373-0050568a2d1a
Clondulane and Environs - D0445,Annual Environmental Report,AER 2024,https://leap.epa.ie/licence-profile/D0445/compliance/return/8eb9e9ae-4e4b-f011-a373-0050568a2d1a,2025-06-17T00:00:00+00:00,Open,2025-06-17T00:00:00,D0445,bdfdd101-2bff-4f82-92bb-d4665d814306,https://data.epa.ie/leap/api/v1/LicenseeReturns/byid?lr_id=8eb9e9ae-4e4b-f011-a373-0050568a2d1a
Euroflex Teoranta - P0969,Site Updates/Notifications,RTO Test programme 2025,https://leap.epa.ie/licence-profile/P0969/compliance/return/95f0ca3e-534b-f011-a373-0050568a2d1a,2025-06-17T00:00:00+00:00,Open,2025-06-17T00:00:00,P0969,b72ba093-7044-e711-91cb-0050568a69e2,https://data.epa.ie/leap/api/v1/LicenseeReturns/byid?lr_id=95f0ca3e-534b-f011-a373-0050568a2d1a
Ballyroan - D0385,Annual Environmental Report,AER 2024,https://leap.epa.ie/licence-profile/D0385/compliance/return/994c43c2-8b4b-f011-a373-0050568a2d1a,2025-06-17T00:00:00+00:00,Open,2025-06-17T00:00:00,D0385,b82b91a3-2878-465f-b5ac-7d800017742f,https://data.epa.ie/leap/api/v1/LicenseeReturns/byid?lr_id=994c43c2-8b4b-f011-a373-0050568a2d1a
Paulstown - D0339,Annual Environmental Report,AER 2024,https://leap.epa.ie/licence-profile/D0339/compliance/return/9b357bda-884b-f011-a373-0050568a2d1a,2025-06-17T00:00:00+00:00,Open,2025-06-17T00:00:00,D0339,553e2da4-d935-4cd7-be84-0abc5a11b851,https://data.epa.ie/leap/api/v1/LicenseeReturns/byid?lr_id=9b357bda-884b-f011-a373-0050568a2d1a
Breedon Materials Limited - P0081,Monitoring Returns,Ballycoolin Emissions Report,https://leap.epa.ie/licence-profile/P0081/compliance/return/9c25b083-cc21-f011-a373-0050568a2d1a,2025-06-17T00:00:00+00:00,Closed,2025-04-25T00:00:00,P0081,ad979358-2e88-4c32-9fe7-321774357e66,https://data.epa.ie/leap/api/v1/LicenseeReturns/byid?lr_id=9c25b083-cc21-f011-a373-0050568a2d1a
Bantry - D0168,Annual Environmental Report,AER 2024,https://leap.epa.ie/licence-profile/D0168/compliance/return/a8f88d68-4d4b-f011-a373-0050568a2d1a,2025-06-17T00:00:00+00:00,Open,2025-06-17T00:00:00,D0168,911eb60e-ae2d-404c-8014-01b9b3d328e2,https://data.epa.ie/leap/api/v1/LicenseeReturns/byid?lr_id=a8f88d68-4d4b-f011-a373-0050568a2d1a
DDS BRADY FARMS LIMITED - P0408,Site Updates/Notifications,stormwater monitoring sheet,https://leap.epa.ie/licence-profile/P0408/compliance/return/ab697b1b-a747-f011-a373-0050568a2d1a,2025-06-17T00:00:00+00:00,Closed,2025-06-12T00:00:00,P0408,d522c20f-96a7-4b64-b15b-698a8818e365,https://data.epa.ie/leap/api/v1/LicenseeReturns/byid?lr_id=ab697b1b-a747-f011-a373-0050568a2d1a
Kilworth and Environs - D0334,Annual Environmental Report,AER 2024,https://leap.epa.ie/licence-profile/D0334/compliance/return/b3531db7-4f4b-f011-a373-0050568a2d1a,2025-06-17T00:00:00+00:00,Open,2025-06-17T00:00:00,D0334,8ee90904-405a-4114-819e-bd831bbaecc0,https://data.epa.ie/leap/api/v1/LicenseeReturns/byid?lr_id=b3531db7-4f4b-f011-a373-0050568a2d1a
Graignuenamanagh Tinnahinch - D0155,Annual Environmental Report,AER 2024,https://leap.epa.ie/licence-profile/D0155/compliance/return/b79bba36-8b4b-f011-a373-0050568a2d1a,2025-06-17T00:00:00+00:00,Open,2025-06-17T00:00:00,D0155,57641435-017c-404d-b881-a9274fa85e66,https://data.epa.ie/leap/api/v1/LicenseeReturns/byid?lr_id=b79bba36-8b4b-f011-a373-0050568a2d1a
DDS BRADY FARMS LIMITED - P0408,Site Updates/Notifications,water results,https://leap.epa.ie/licence-profile/P0408/compliance/return/b9a3e0cf-8347-f011-a373-0050568a2d1a,2025-06-17T00:00:00+00:00,Closed,2025-06-12T00:00:00,P0408,d522c20f-96a7-4b64-b15b-698a8818e365,https://data.epa.ie/leap/api/v1/LicenseeReturns/byid?lr_id=b9a3e0cf-8347-f011-a373-0050568a2d1a
DDS BRADY FARMS LIMITED - P0408,Site Updates/Notifications,water results,https://leap.epa.ie/licence-profile/P0408/compliance/return/c6bd0174-8347-f011-a373-0050568a2d1a,2025-06-17T00:00:00+00:00,Closed,2025-06-12T00:00:00,P0408,d522c20f-96a7-4b64-b15b-698a8818e365,https://data.epa.ie/leap/api/v1/LicenseeReturns/byid?lr_id=c6bd0174-8347-f011-a373-0050568a2d1a
ZOETIS BELGIUM S.A - P0015,Monitoring Returns,Air emission reports,https://leap.epa.ie/licence-profile/P0015/compliance/return/d4b0d4eb-50ed-ef11-a373-0050568a2d1a,2025-06-17T00:00:00+00:00,Closed,2025-02-17T00:00:00,P0015,4447b20a-0d78-4af0-8ceb-27fcdd0f6fe8,https://data.epa.ie/leap/api/v1/LicenseeReturns/byid?lr_id=d4b0d4eb-50ed-ef11-a373-0050568a2d1a
CRM Pigs Limited - P0642,Requests for Approval and Site Reports,Response to site Inspection and Meeting with Agency personnel,https://leap.epa.ie/licence-profile/P0642/compliance/return/d4c4ee65-9e4b-f011-a373-0050568a2d1a,2025-06-17T00:00:00+00:00,Open,2025-06-17T00:00:00,P0642,efb30a3d-00dd-41ae-9b14-afa413627953,https://data.epa.ie/leap/api/v1/LicenseeReturns/byid?lr_id=d4c4ee65-9e4b-f011-a373-0050568a2d1a
Donohill Landfill - W0074,Site Updates/Notifications,Licensee Public Response - SV31928,https://leap.epa.ie/licence-profile/W0074/compliance/return/d8bddf64-0700-f011-a373-0050568a2d1a,2025-06-17T00:00:00+00:00,Closed,2025-03-13T00:00:00,W0074,cdb83cc9-092b-4574-ab13-4711ac3355c0,https://data.epa.ie/leap/api/v1/LicenseeReturns/byid?lr_id=d8bddf64-0700-f011-a373-0050568a2d1a
Irish Packaging Recycling Unlimited Company - W0263,Monitoring Returns,W0263-01 2024 storm waster monitoring report,https://leap.epa.ie/licence-profile/W0263/compliance/return/dca491e1-594b-f011-a373-0050568a2d1a,2025-06-17T00:00:00+00:00,Open,2025-06-17T00:00:00,W0263,f5f8cc69-287f-45fc-a451-b5b1467c17ba,https://data.epa.ie/leap/api/v1/LicenseeReturns/byid?lr_id=dca491e1-594b-f011-a373-0050568a2d1a
DDS BRADY FARMS LIMITED - P0408,Monitoring Returns,2025 Water results,https://leap.epa.ie/licence-profile/P0408/compliance/return/ddb25c35-8447-f011-a373-0050568a2d1a,2025-06-17T00:00:00+00:00,Closed,2025-06-12T00:00:00,P0408,d522c20f-96a7-4b64-b15b-698a8818e365,https://data.epa.ie/leap/api/v1/LicenseeReturns/byid?lr_id=ddb25c35-8447-f011-a373-0050568a2d1a
Charleville and Environs - D0204,Annual Environmental Report,AER 2024,https://leap.epa.ie/licence-profile/D0204/compliance/return/ecb58b1a-4e4b-f011-a373-0050568a2d1a,2025-06-17T00:00:00+00:00,Open,2025-06-17T00:00:00,D0204,b96ec6f9-be64-42fc-9865-caa1cde675fc,https://data.epa.ie/leap/api/v1/LicenseeReturns/byid?lr_id=ecb58b1a-4e4b-f011-a373-0050568a2d1a
Dawn Meats Ireland Unlimited Company - P0048,Monitoring Returns,SV32525 Return,https://leap.epa.ie/licence-profile/P0048/compliance/return/f333859a-ae4a-f011-a373-0050568a2d1a,2025-06-17T00:00:00+00:00,Closed,2025-06-16T00:00:00,P0048,0ddcfd00-3387-4faa-8f6a-903832a66c66,https://data.epa.ie/leap/api/v1/LicenseeReturns/byid?lr_id=f333859a-ae4a-f011-a373-0050568a2d1a
Doneraile and Environs - D0300,Annual Environmental Report,AER 2024,https://leap.epa.ie/licence-profile/D0300/compliance/return/f9586c0e-754b-f011-a373-0050568a2d1a,2025-06-17T00:00:00+00:00,Open,2025-06-17T00:00:00,D0300,03523f6e-b5d0-4c23-9fc2-611917ebd1b0,https://data.epa.ie/leap/api/v1/LicenseeReturns/byid?lr_id=f9586c0e-754b-f011-a373-0050568a2d1a
The Hammond Lane Metal Company Limited - P0997,Site Updates/Notifications,2025.03.21 Updated site map waste storage plan,https://leap.epa.ie/licence-profile/P0997/compliance/return/fb6de9f9-4306-f011-a373-0050568a2d1a,2025-06-17T00:00:00+00:00,Closed,2025-03-21T00:00:00,P0997,77385efd-ce54-e611-9a04-0050568a69e2,https://data.epa.ie/leap/api/v1/LicenseeReturns/byid?lr_id=fb6de9f9-4306-f011-a373-0050568a2d1a
Drogheda - D0041,EPA Initiated Correspondence,,https://leap.epa.ie/licence-profile/D0041/compliance/epa-correspondence/ba0d6018-f045-f011-a373-0050568a2d1a,2025-06-17T00:00:00+00:00,Open (Eden),2025-06-10T00:00:00,D0041,1e68c97b-dd90-4c0c-bfac-8df866b32cfe,https://data.epa.ie/leap/api/v1/MeetingCorrespondence/epainiciatedcorrespondencebyid?epainitiatedcorrespondence_id=ba0d6018-f045-f011-a373-0050568a2d1a
Henkel Ireland Operations and Research Limited (Ballyfermot) - P0078,EPA Initiated Correspondence,,https://leap.epa.ie/licence-profile/P0078/compliance/epa-correspondence/d6f8f4dd-6448-f011-a373-0050568a2d1a,2025-06-17T00:00:00+00:00,Closed,2025-06-13T00:00:00,P0078,e5130308-0fc0-4f69-961f-afb6e1661450,https://data.epa.ie/leap/api/v1/MeetingCorrespondence/epainiciatedcorrespondencebyid?epainitiatedcorrespondence_id=d6f8f4dd-6448-f011-a373-0050568a2d1a
Henkel Ireland Operations and Research Ireland Limited (Tallaght) - P0079,EPA Initiated Correspondence,,https://leap.epa.ie/licence-profile/P0079/compliance/epa-correspondence/fbca0fd4-6548-f011-a373-0050568a2d1a,2025-06-17T00:00:00+00:00,Closed,2025-06-13T00:00:00,P0079,af2d8f84-1b57-424a-a46a-a029fa9d4cda,https://data.epa.ie/leap/api/v1/MeetingCorrespondence/epainiciatedcorrespondencebyid?epainitiatedcorrespondence_id=fbca0fd4-6548-f011-a373-0050568a2d1a
Fenor Pig Farms Limited - P0410,Non Compliance,,https://leap.epa.ie/licence-profile/P0410/compliance/non-compliance/2b7d0a1d-5f4b-f011-a373-0050568a2d1a,2025-06-17T00:00:00+00:00,Issued,2025-06-17T00:00:00,P0410,1a7a21f4-0a89-4e1d-aa22-36d6aa7e4877,https://data.epa.ie/leap/api/v1/NonCompliance/byid?nc_id=2b7d0a1d-5f4b-f011-a373-0050568a2d1a
Roadstone Limited (Maddoxtown) - P0521,Non Compliance,,https://leap.epa.ie/licence-profile/P0521/compliance/non-compliance/47237e59-6b4b-f011-a373-0050568a2d1a,2025-06-17T00:00:00+00:00,Issued,2025-06-17T00:00:00,P0521,435d9311-740c-4eb5-b0e6-d8c0592b0fcb,https://data.epa.ie/leap/api/v1/NonCompliance/byid?nc_id=47237e59-6b4b-f011-a373-0050568a2d1a
Fenor Pig Farms Limited - P0686,Non Compliance,,https://leap.epa.ie/licence-profile/P0686/compliance/non-compliance/8e2b2f7c-614b-f011-a373-0050568a2d1a,2025-06-17T00:00:00+00:00,Issued,2025-06-17T00:00:00,P0686,2f28547d-3a6e-43f3-8627-db041de89cdc,https://data.epa.ie/leap/api/v1/NonCompliance/byid?nc_id=8e2b2f7c-614b-f011-a373-0050568a2d1a
Mr Eugene Lannon (Bernies Farm) - P0911,Non Compliance,,https://leap.epa.ie/licence-profile/P0911/compliance/non-compliance/98480a90-904b-f011-a373-0050568a2d1a,2025-06-17T00:00:00+00:00,Issued,2025-06-17T00:00:00,P0911,0f80ee0a-19ce-4a33-8cfd-615663ca4fe1,https://data.epa.ie/leap/api/v1/NonCompliance/byid?nc_id=98480a90-904b-f011-a373-0050568a2d1a
Roadstone Limited (Maddoxtown) - P0521,Non Compliance,,https://leap.epa.ie/licence-profile/P0521/compliance/non-compliance/b0b9b67b-6a4b-f011-a373-0050568a2d1a,2025-06-17T00:00:00+00:00,Issued,2025-06-17T00:00:00,P0521,435d9311-740c-4eb5-b0e6-d8c0592b0fcb,https://data.epa.ie/leap/api/v1/NonCompliance/byid?nc_id=b0b9b67b-6a4b-f011-a373-0050568a2d1a
Carrowbrowne Landfill Site - W0013,Non Compliance,,https://leap.epa.ie/licence-profile/W0013/compliance/non-compliance/bb6e48f9-6e4b-f011-a373-0050568a2d1a,2025-06-17T00:00:00+00:00,Issued,2025-06-17T00:00:00,W0013,fac22089-4566-40d8-a645-64f9b542eca1,https://data.epa.ie/leap/api/v1/NonCompliance/byid?nc_id=bb6e48f9-6e4b-f011-a373-0050568a2d1a
Arran Chemical Company Limited - P0110,Non Compliance,,https://leap.epa.ie/licence-profile/P0110/compliance/non-compliance/c73037d2-ed41-f011-a373-0050568a2d1a,2025-06-17T00:00:00+00:00,Issued,2025-06-17T00:00:00,P0110,77e11786-8292-4f95-8724-32e3e816d005,https://data.epa.ie/leap/api/v1/NonCompliance/byid?nc_id=c73037d2-ed41-f011-a373-0050568a2d1a
Cara Partners - P0017,Non Compliance,,https://leap.epa.ie/licence-profile/P0017/compliance/non-compliance/f483336d-cb4a-f011-a373-0050568a2d1a,2025-06-17T00:00:00+00:00,Issued,2025-06-17T00:00:00,P0017,177d9576-1c1f-4a4e-98b7-7babe9cdf8b2,https://data.epa.ie/leap/api/v1/NonCompliance/byid?nc_id=f483336d-cb4a-f011-a373-0050568a2d1a
Mr James King - P0493,Site Visit,,https://leap.epa.ie/licence-profile/P0493/compliance/sitevisit/19f99a13-a6d1-ef11-a325-0050568a66b2,2025-06-17T00:00:00+00:00,Closed,2025-05-21T00:00:00,P0493,0321af6a-7acc-4875-8a1e-aa8b07a8968a,https://data.epa.ie/leap/api/v1/SiteVisit/byid?sv_id=19f99a13-a6d1-ef11-a325-0050568a66b2
Roadstone Limited (Maddoxtown) - P0521,Site Visit,,https://leap.epa.ie/licence-profile/P0521/compliance/sitevisit/2111942b-a6d1-ef11-a325-0050568a66b2,2025-06-17T00:00:00+00:00,Closed,2025-05-29T00:00:00,P0521,435d9311-740c-4eb5-b0e6-d8c0592b0fcb,https://data.epa.ie/leap/api/v1/SiteVisit/byid?sv_id=2111942b-a6d1-ef11-a325-0050568a66b2
Cara Partners - P0017,Site Visit,,https://leap.epa.ie/licence-profile/P0017/compliance/sitevisit/4c639925-a6d1-ef11-a325-0050568a66b2,2025-06-17T00:00:00+00:00,Closed,2025-05-20T00:00:00,P0017,177d9576-1c1f-4a4e-98b7-7babe9cdf8b2,https://data.epa.ie/leap/api/v1/SiteVisit/byid?sv_id=4c639925-a6d1-ef11-a325-0050568a66b2
Carrowbrowne Landfill Site - W0013,Site Visit,,https://leap.epa.ie/licence-profile/W0013/compliance/sitevisit/769eb44e-9f25-f011-a373-0050568a2d1a,2025-06-17T00:00:00+00:00,Closed,2025-05-08T00:00:00,W0013,fac22089-4566-40d8-a645-64f9b542eca1,https://data.epa.ie/leap/api/v1/SiteVisit/byid?sv_id=769eb44e-9f25-f011-a373-0050568a2d1a
Mr Eugene Lannon (Bernies Farm) - P0911,Site Visit,,https://leap.epa.ie/licence-profile/P0911/compliance/sitevisit/823f9c1f-a6d1-ef11-a325-0050568a66b2,2025-06-17T00:00:00+00:00,Closed,2025-06-05T00:00:00,P0911,0f80ee0a-19ce-4a33-8cfd-615663ca4fe1,https://data.epa.ie/leap/api/v1/SiteVisit/byid?sv_id=823f9c1f-a6d1-ef11-a325-0050568a66b2
Naul - A0103,Site Visit,,https://leap.epa.ie/licence-profile/A0103/compliance/sitevisit/d5fdfdde-03f9-ef11-a325-0050568a66b2,2025-06-17T00:00:00+00:00,Closed,2025-05-20T00:00:00,A0103,a661dd26-93ed-4bf1-a398-0fb782bbdc78,https://data.epa.ie/leap/api/v1/SiteVisit/byid?sv_id=d5fdfdde-03f9-ef11-a325-0050568a66b2
"Portrane, Donabate, Rush, Lusk - D0114",Site Visit,,https://leap.epa.ie/licence-profile/D0114/compliance/sitevisit/d7fdfdde-03f9-ef11-a325-0050568a66b2,2025-06-17T00:00:00+00:00,Closed,2025-05-20T00:00:00,D0114,6c54e845-c553-4279-a359-5e516b54bbd9,https://data.epa.ie/leap/api/v1/SiteVisit/byid?sv_id=d7fdfdde-03f9-ef11-a325-0050568a66b2
Dawn Meats Ireland Unlimited Company - P1088,Site Visit,,https://leap.epa.ie/licence-profile/P1088/compliance/sitevisit/df03f3ba-dcbd-ef11-a324-0050568a66b2,2025-06-17T00:00:00+00:00,Closed,2025-05-13T00:00:00,P1088,67fe1f59-4822-4878-9bff-71a247e2d66c,https://data.epa.ie/leap/api/v1/SiteVisit/byid?sv_id=df03f3ba-dcbd-ef11-a324-0050568a66b2
Rosscarbery-Owenahincha - D0172,Site Visit,,https://leap.epa.ie/licence-profile/D0172/compliance/sitevisit/fdfdfdde-03f9-ef11-a325-0050568a66b2,2025-06-17T00:00:00+00:00,Closed,2025-05-13T00:00:00,D0172,cbf9aa4d-8afc-4159-8352-a62c4465564f,https://data.epa.ie/leap/api/v1/SiteVisit/byid?sv_id=fdfdfdde-03f9-ef11-a325-0050568a66b2
