licence_profile_name,document_type,title,leap_url,document_date,compliance_status,compliance_date,profilenumber,licenceprofileid,document_url
North Cork Co-Op Creameries Limited - P1051,Compliance Investigation,"P1051-01, Uncontrolled Discharge of Milk Derived Matter",https://leap.epa.ie/licence-profile/P1051/compliance/investigation/4fd13b18-1351-f011-a373-0050568a2d1a,2025-06-27T00:00:00+00:00,Open,2025-06-27T00:00:00,P1051,c927580f-5fd8-e811-a2db-0050568a66b2,https://data.epa.ie/leap/api/v1/Ci/byid?ci_id=4fd13b18-1351-f011-a373-0050568a2d1a
"SRCL Limited (Kylemore Road) trading as Eco-Safe Systems Ltd, Allied Industrial Estate, Kylemore Roa",Compliance Investigation,"W0054-02, Site Management",https://leap.epa.ie/licence-profile/W0054/compliance/investigation/e50ecfae-994a-f011-a373-0050568a2d1a,2025-06-27T00:00:00+00:00,Open,2025-06-27T00:00:00,W0054,7e56b05f-0bea-4d16-95d3-ece4f0ae0c2e,https://data.epa.ie/leap/api/v1/Ci/byid?ci_id=e50ecfae-994a-f011-a373-0050568a2d1a
Alert Packaging Limited - P0366,Complaint,"P0366-02, 20/06/25, Odour",https://leap.epa.ie/licence-profile/P0366/compliance/complaint/27581961-c44d-f011-a373-0050568a2d1a,2025-06-27T00:00:00+00:00,Open,2025-06-20T00:00:00,P0366,359b4db8-d712-4f91-bbbb-25f7d0633ca6,https://data.epa.ie/leap/api/v1/Complaint/byid?complaint_id=27581961-c44d-f011-a373-0050568a2d1a
PDM Timber Treatment Limited - P0325,Complaint,"P0325-02, 19/05/2025, Odour",https://leap.epa.ie/licence-profile/P0325/compliance/complaint/286e79b8-f234-f011-a373-0050568a2d1a,2025-06-27T00:00:00+00:00,Closed,2025-05-19T00:00:00,P0325,9a5dfee4-003a-4c50-9ade-d074dff60ab8,https://data.epa.ie/leap/api/v1/Complaint/byid?complaint_id=286e79b8-f234-f011-a373-0050568a2d1a
Alert Packaging Limited - P0366,Complaint,"P0366-02, 19/06/25, Odour",https://leap.epa.ie/licence-profile/P0366/compliance/complaint/326fe31a-c04d-f011-a373-0050568a2d1a,2025-06-27T00:00:00+00:00,Open,2025-06-20T00:00:00,P0366,359b4db8-d712-4f91-bbbb-25f7d0633ca6,https://data.epa.ie/leap/api/v1/Complaint/byid?complaint_id=326fe31a-c04d-f011-a373-0050568a2d1a
PDM Timber Treatment Limited - P0325,Complaint,"P0325-01, 18/06/2025, Odour",https://leap.epa.ie/licence-profile/P0325/compliance/complaint/4ac5cff6-6a4d-f011-a373-0050568a2d1a,2025-06-27T00:00:00+00:00,Closed,2025-06-20T00:00:00,P0325,9a5dfee4-003a-4c50-9ade-d074dff60ab8,https://data.epa.ie/leap/api/v1/Complaint/byid?complaint_id=4ac5cff6-6a4d-f011-a373-0050568a2d1a
PDM Timber Treatment Limited - P0325,Complaint,"P0325-02, 12/06/2025, Odour",https://leap.epa.ie/licence-profile/P0325/compliance/complaint/5a23e93e-b347-f011-a373-0050568a2d1a,2025-06-27T00:00:00+00:00,Closed,2025-06-12T00:00:00,P0325,9a5dfee4-003a-4c50-9ade-d074dff60ab8,https://data.epa.ie/leap/api/v1/Complaint/byid?complaint_id=5a23e93e-b347-f011-a373-0050568a2d1a
Ringsend - D0034,Complaint,Sewerage issues Laverna Drive Dublin 15.,https://leap.epa.ie/licence-profile/D0034/compliance/complaint/666462b5-574c-f011-a373-0050568a2d1a,2025-06-27T00:00:00+00:00,Closed,2025-06-16T00:00:00,D0034,188b6e9c-77a4-4dd9-895c-17080f6af298,https://data.epa.ie/leap/api/v1/Complaint/byid?complaint_id=666462b5-574c-f011-a373-0050568a2d1a
PDM Timber Treatment Limited - P0325,Complaint,"P0325-02, 18/05/25, Odour",https://leap.epa.ie/licence-profile/P0325/compliance/complaint/77a21914-cb4d-f011-a373-0050568a2d1a,2025-06-27T00:00:00+00:00,Closed,2025-06-20T00:00:00,P0325,9a5dfee4-003a-4c50-9ade-d074dff60ab8,https://data.epa.ie/leap/api/v1/Complaint/byid?complaint_id=77a21914-cb4d-f011-a373-0050568a2d1a
PDM Timber Treatment Limited - P0325,Complaint,"P0325-02, 20/06/25, Odour",https://leap.epa.ie/licence-profile/P0325/compliance/complaint/97e3b870-ca4d-f011-a373-0050568a2d1a,2025-06-27T00:00:00+00:00,Closed,2025-06-20T00:00:00,P0325,9a5dfee4-003a-4c50-9ade-d074dff60ab8,https://data.epa.ie/leap/api/v1/Complaint/byid?complaint_id=97e3b870-ca4d-f011-a373-0050568a2d1a
PDM Timber Treatment Limited - P0325,Complaint,"P0325-02, 19/06/25, Odour",https://leap.epa.ie/licence-profile/P0325/compliance/complaint/bd735815-b94d-f011-a373-0050568a2d1a,2025-06-27T00:00:00+00:00,Closed,2025-06-20T00:00:00,P0325,9a5dfee4-003a-4c50-9ade-d074dff60ab8,https://data.epa.ie/leap/api/v1/Complaint/byid?complaint_id=bd735815-b94d-f011-a373-0050568a2d1a
Alert Packaging Limited - P0366,Complaint,"P0366-02, 18/06/25, Odour",https://leap.epa.ie/licence-profile/P0366/compliance/complaint/e28bc2e2-bf4d-f011-a373-0050568a2d1a,2025-06-27T00:00:00+00:00,Open,2025-06-20T00:00:00,P0366,359b4db8-d712-4f91-bbbb-25f7d0633ca6,https://data.epa.ie/leap/api/v1/Complaint/byid?complaint_id=e28bc2e2-bf4d-f011-a373-0050568a2d1a
PDM Timber Treatment Limited - P0325,Complaint,"P0325-02, 20/06/25, Odour",https://leap.epa.ie/licence-profile/P0325/compliance/complaint/f2c8343a-9d4d-f011-a373-0050568a2d1a,2025-06-27T00:00:00+00:00,Closed,2025-06-20T00:00:00,P0325,9a5dfee4-003a-4c50-9ade-d074dff60ab8,https://data.epa.ie/leap/api/v1/Complaint/byid?complaint_id=f2c8343a-9d4d-f011-a373-0050568a2d1a
PDM Timber Treatment Limited - P0325,Complaint,"P0325-02, 20/06/25, Odour",https://leap.epa.ie/licence-profile/P0325/compliance/complaint/f50084a8-6b4d-f011-a373-0050568a2d1a,2025-06-27T00:00:00+00:00,Closed,2025-06-20T00:00:00,P0325,9a5dfee4-003a-4c50-9ade-d074dff60ab8,https://data.epa.ie/leap/api/v1/Complaint/byid?complaint_id=f50084a8-6b4d-f011-a373-0050568a2d1a
PDM Timber Treatment Limited - P0325,Complaint,"P0325-02, 20/06/2025, Odour",https://leap.epa.ie/licence-profile/P0325/compliance/complaint/fb2fd0a7-fb4d-f011-a373-0050568a2d1a,2025-06-27T00:00:00+00:00,Closed,2025-06-20T00:00:00,P0325,9a5dfee4-003a-4c50-9ade-d074dff60ab8,https://data.epa.ie/leap/api/v1/Complaint/byid?complaint_id=fb2fd0a7-fb4d-f011-a373-0050568a2d1a
Stradbally - D0353,Incident,Uncontrolled Release,https://leap.epa.ie/licence-profile/D0353/compliance/incident/2ab38edc-6b53-f011-a373-0050568a2d1a,2025-06-27T00:00:00+00:00,Open,2025-06-27T00:00:00,D0353,0a512f1c-b0fb-4bf4-a752-87def65c2b8d,https://data.epa.ie/leap/api/v1/Incident/byid?incident_id=2ab38edc-6b53-f011-a373-0050568a2d1a
Upper Liffey Valley Sewerage Scheme - D0002,Incident,Uncontrolled Release,https://leap.epa.ie/licence-profile/D0002/compliance/incident/33ac15c2-c24a-f011-a373-0050568a2d1a,2025-06-27T00:00:00+00:00,Closed,2025-06-16T00:00:00,D0002,b437566f-0bb3-482c-b719-ff577e1d9d75,https://data.epa.ie/leap/api/v1/Incident/byid?incident_id=33ac15c2-c24a-f011-a373-0050568a2d1a
Mullingar - D0008,Incident,Uncontrolled Release,https://leap.epa.ie/licence-profile/D0008/compliance/incident/33f97aa1-e24c-f011-a373-0050568a2d1a,2025-06-27T00:00:00+00:00,Closed,2025-06-19T00:00:00,D0008,ef892e8c-aedb-4aa8-80af-eba2decbe42e,https://data.epa.ie/leap/api/v1/Incident/byid?incident_id=33f97aa1-e24c-f011-a373-0050568a2d1a
City Bin Co Ltd - W0148,Incident,Breach of ELV,https://leap.epa.ie/licence-profile/W0148/compliance/incident/3a31061c-5853-f011-a373-0050568a2d1a,2025-06-27T00:00:00+00:00,Open,2025-06-27T00:00:00,W0148,4d7c5b02-166b-4b08-872b-8f89f1e94849,https://data.epa.ie/leap/api/v1/Incident/byid?incident_id=3a31061c-5853-f011-a373-0050568a2d1a
Boston Scientific Limited - P0725,Incident,Breach of ELV,https://leap.epa.ie/licence-profile/P0725/compliance/incident/5979666d-5253-f011-a373-0050568a2d1a,2025-06-27T00:00:00+00:00,Open,2025-06-27T00:00:00,P0725,ab26e693-9cc9-48be-a506-87ce86e1f38e,https://data.epa.ie/leap/api/v1/Incident/byid?incident_id=5979666d-5253-f011-a373-0050568a2d1a
Rhode - D0227,Incident,Abatement equipment off-line,https://leap.epa.ie/licence-profile/D0227/compliance/incident/7177d2b5-4950-f011-a373-0050568a2d1a,2025-06-27T00:00:00+00:00,Closed,2025-06-23T00:00:00,D0227,a6b2946c-389c-4bf4-aed5-399db7066504,https://data.epa.ie/leap/api/v1/Incident/byid?incident_id=7177d2b5-4950-f011-a373-0050568a2d1a
Carrowbrowne Landfill Site - W0013,Incident,Monitoring Equipment Issues,https://leap.epa.ie/licence-profile/W0013/compliance/incident/726f692d-2f53-f011-a373-0050568a2d1a,2025-06-27T00:00:00+00:00,Open,2025-06-27T00:00:00,W0013,fac22089-4566-40d8-a645-64f9b542eca1,https://data.epa.ie/leap/api/v1/Incident/byid?incident_id=726f692d-2f53-f011-a373-0050568a2d1a
Shanganagh-Bray - D0038,Incident,Breach of ELV,https://leap.epa.ie/licence-profile/D0038/compliance/incident/88a9fbae-6153-f011-a373-0050568a2d1a,2025-06-27T00:00:00+00:00,Open,2025-06-27T00:00:00,D0038,55a0db98-f5e3-4eea-b4b0-1d2fb1cf1469,https://data.epa.ie/leap/api/v1/Incident/byid?incident_id=88a9fbae-6153-f011-a373-0050568a2d1a
Lower Liffey Valley Regional Sewerage Scheme - D0004,Incident,Uncontrolled Release,https://leap.epa.ie/licence-profile/D0004/compliance/incident/a72c59c8-bb3b-f011-a373-0050568a2d1a,2025-06-27T00:00:00+00:00,Closed,2025-05-28T00:00:00,D0004,7196c04b-4bd8-478e-99af-010482136e26,https://data.epa.ie/leap/api/v1/Incident/byid?incident_id=a72c59c8-bb3b-f011-a373-0050568a2d1a
Architectural & Metal Systems Limited - P1117,Incident,Monitoring Equipment Issues,https://leap.epa.ie/licence-profile/P1117/compliance/incident/bceb479e-6053-f011-a373-0050568a2d1a,2025-06-27T00:00:00+00:00,Closed,2025-06-27T00:00:00,P1117,ddacbc7b-4a2e-4068-95a1-630e12736479,https://data.epa.ie/leap/api/v1/Incident/byid?incident_id=bceb479e-6053-f011-a373-0050568a2d1a
Key Waste Management Limited - W0045,Site Updates/Notifications,Weighbridge Report,https://leap.epa.ie/licence-profile/W0045/compliance/return/0013459f-3b53-f011-a373-0050568a2d1a,2025-06-27T00:00:00+00:00,Open,2025-06-27T00:00:00,W0045,f5652da1-291c-4422-92d9-50a15b21fe02,https://data.epa.ie/leap/api/v1/LicenseeReturns/byid?lr_id=0013459f-3b53-f011-a373-0050568a2d1a
Unilin Insulation Ireland Limited - P0583,Monitoring Returns,Q1 Service,https://leap.epa.ie/licence-profile/P0583/compliance/return/054208a9-7ae4-ef11-a372-0050568a2d1a,2025-06-27T00:00:00+00:00,Closed,2025-02-06T00:00:00,P0583,ef57424a-b5ee-4fc0-916b-7a25e329e987,https://data.epa.ie/leap/api/v1/LicenseeReturns/byid?lr_id=054208a9-7ae4-ef11-a372-0050568a2d1a
Unilin Insulation Ireland Limited - P0583,Monitoring Returns,Air Testing - Boiler Only,https://leap.epa.ie/licence-profile/P0583/compliance/return/09bc5790-9013-f011-a373-0050568a2d1a,2025-06-27T00:00:00+00:00,Closed,2025-04-07T00:00:00,P0583,ef57424a-b5ee-4fc0-916b-7a25e329e987,https://data.epa.ie/leap/api/v1/LicenseeReturns/byid?lr_id=09bc5790-9013-f011-a373-0050568a2d1a
Cook Ireland Ltd - P0973,Site Updates/Notifications,Licensee Public Response - SV31183,https://leap.epa.ie/licence-profile/P0973/compliance/return/0cce4e07-d351-f011-a373-0050568a2d1a,2025-06-27T00:00:00+00:00,Closed,2025-06-25T00:00:00,P0973,30bb652e-11fa-e411-a5db-0050568a69e2,https://data.epa.ie/leap/api/v1/LicenseeReturns/byid?lr_id=0cce4e07-d351-f011-a373-0050568a2d1a
Staunton Foods Limited - P0947,Site Updates/Notifications,Formal request for approval under condition 1.5 of the EPA licence.,https://leap.epa.ie/licence-profile/P0947/compliance/return/16b77690-4741-f011-a373-0050568a2d1a,2025-06-27T00:00:00+00:00,Closed,2025-06-04T00:00:00,P0947,479f42a6-4d72-e511-a5db-0050568a69e2,https://data.epa.ie/leap/api/v1/LicenseeReturns/byid?lr_id=16b77690-4741-f011-a373-0050568a2d1a
ALPS Electric (Ireland) Limited - P0835,Monitoring Returns,Noise Monitoring Survey Report 2025,https://leap.epa.ie/licence-profile/P0835/compliance/return/2a7b3381-3e53-f011-a373-0050568a2d1a,2025-06-27T00:00:00+00:00,Open,2025-06-27T00:00:00,P0835,a185fd8b-3aa8-4500-9623-8d165c67c54d,https://data.epa.ie/leap/api/v1/LicenseeReturns/byid?lr_id=2a7b3381-3e53-f011-a373-0050568a2d1a
Courtmacsherry and Timoleague - D0294,Site Updates/Notifications,OCU upgrade timelines,https://leap.epa.ie/licence-profile/D0294/compliance/return/3a238461-4553-f011-a373-0050568a2d1a,2025-06-27T00:00:00+00:00,Open,2025-06-27T00:00:00,D0294,3a6eeb1b-6033-44e3-b45d-72e2eb2014f3,https://data.epa.ie/leap/api/v1/LicenseeReturns/byid?lr_id=3a238461-4553-f011-a373-0050568a2d1a
Huntstown Bioenergy Unlimited Company - P0993,Site Updates/Notifications,Response to Observations (Site Visit SV31829) - Legacy Plastic Contamination,https://leap.epa.ie/licence-profile/P0993/compliance/return/3e26e7de-4453-f011-a373-0050568a2d1a,2025-06-27T00:00:00+00:00,Open,2025-06-27T00:00:00,P0993,3c30d42b-0fe8-e411-b3b4-0050568a69e2,https://data.epa.ie/leap/api/v1/LicenseeReturns/byid?lr_id=3e26e7de-4453-f011-a373-0050568a2d1a
Unilin Insulation Ireland Limited - P0583,Monitoring Returns,"Q2 2025 Service Waste Water, Fire Water, Interceptor & Silt Trap",https://leap.epa.ie/licence-profile/P0583/compliance/return/42a424bb-2b2f-f011-a373-0050568a2d1a,2025-06-27T00:00:00+00:00,Closed,2025-05-12T00:00:00,P0583,ef57424a-b5ee-4fc0-916b-7a25e329e987,https://data.epa.ie/leap/api/v1/LicenseeReturns/byid?lr_id=42a424bb-2b2f-f011-a373-0050568a2d1a
Borris-in-Ossory - D0290,Site Updates/Notifications,Data for upcoming site visit - SV32277,https://leap.epa.ie/licence-profile/D0290/compliance/return/57526013-6953-f011-a373-0050568a2d1a,2025-06-27T00:00:00+00:00,Open,2025-06-27T00:00:00,D0290,bd5c9f41-2d1c-4767-b32a-e05b19568076,https://data.epa.ie/leap/api/v1/LicenseeReturns/byid?lr_id=57526013-6953-f011-a373-0050568a2d1a
Unilin Insulation Ireland Limited - P0583,Monitoring Returns,"Q4 2024 Service Waste Water, Fire Water, Interceptor & Silt Trap",https://leap.epa.ie/licence-profile/P0583/compliance/return/58b06c3c-0e24-f011-a373-0050568a2d1a,2025-06-27T00:00:00+00:00,Closed,2025-04-28T00:00:00,P0583,ef57424a-b5ee-4fc0-916b-7a25e329e987,https://data.epa.ie/leap/api/v1/LicenseeReturns/byid?lr_id=58b06c3c-0e24-f011-a373-0050568a2d1a
Henkel Ireland Operations and Research Limited (Ballyfermot) - P0078,Monitoring Returns,2024 Q4 Emissions to water,https://leap.epa.ie/licence-profile/P0078/compliance/return/5c8b8fae-cb08-f011-a373-0050568a2d1a,2025-06-27T00:00:00+00:00,Closed,2025-03-24T00:00:00,P0078,e5130308-0fc0-4f69-961f-afb6e1661450,https://data.epa.ie/leap/api/v1/LicenseeReturns/byid?lr_id=5c8b8fae-cb08-f011-a373-0050568a2d1a
Unilin Insulation Ireland Limited - P0583,Monitoring Returns,Annual Noise Survey 2025,https://leap.epa.ie/licence-profile/P0583/compliance/return/8b95e20c-9613-f011-a373-0050568a2d1a,2025-06-27T00:00:00+00:00,Closed,2025-04-07T00:00:00,P0583,ef57424a-b5ee-4fc0-916b-7a25e329e987,https://data.epa.ie/leap/api/v1/LicenseeReturns/byid?lr_id=8b95e20c-9613-f011-a373-0050568a2d1a
Johnson & Johnson Vision Care Ireland Unlimited Company - P0818,Monitoring Returns,"January 2025 Monthly Report for P0818-05, Storm Water",https://leap.epa.ie/licence-profile/P0818/compliance/return/90f5d3bf-55f3-ef11-a373-0050568a2d1a,2025-06-27T00:00:00+00:00,Closed,2025-02-25T00:00:00,P0818,c384e292-8ae1-44cd-a0f3-80d28c31c889,https://data.epa.ie/leap/api/v1/LicenseeReturns/byid?lr_id=90f5d3bf-55f3-ef11-a373-0050568a2d1a
Beckman Coulter Ireland Inc. Unlimited Company - P1131,Requests for Approval and Site Reports,RTO Test Programme,https://leap.epa.ie/licence-profile/P1131/compliance/return/a9b1ed52-1250-f011-a373-0050568a2d1a,2025-06-27T00:00:00+00:00,Closed,2025-06-23T00:00:00,P1131,a8470f9d-4e5c-4b21-b20a-0b71c869c129,https://data.epa.ie/leap/api/v1/LicenseeReturns/byid?lr_id=a9b1ed52-1250-f011-a373-0050568a2d1a
William Connolly & Sons Unlimited Company - P1069,Site Updates/Notifications,Dust Deposition Exceedance Notification - Location D1,https://leap.epa.ie/licence-profile/P1069/compliance/return/b6c8e012-5553-f011-a373-0050568a2d1a,2025-06-27T00:00:00+00:00,Open,2025-06-27T00:00:00,P1069,0f6b2f66-91b5-4f1c-b17f-36bfc9570ac9,https://data.epa.ie/leap/api/v1/LicenseeReturns/byid?lr_id=b6c8e012-5553-f011-a373-0050568a2d1a
Lufthansa Tehnik Shannon Ltd - P0069,Monitoring Returns,Solvent Management Programme 2024,https://leap.epa.ie/licence-profile/P0069/compliance/return/bbde208e-5f53-f011-a373-0050568a2d1a,2025-06-27T00:00:00+00:00,Closed,2025-06-27T00:00:00,P0069,88fc1792-cedd-4618-8966-bc0869667fc0,https://data.epa.ie/leap/api/v1/LicenseeReturns/byid?lr_id=bbde208e-5f53-f011-a373-0050568a2d1a
Fournier Laboratories Ireland Limited T/A AbbVie - P1046,Site Updates/Notifications,SV31480 - Diesel Tank Bunding,https://leap.epa.ie/licence-profile/P1046/compliance/return/bc32ba36-5141-f011-a373-0050568a2d1a,2025-06-27T00:00:00+00:00,Closed,2025-06-04T00:00:00,P1046,b4e678f5-fbbe-e711-89bf-0050568a69e2,https://data.epa.ie/leap/api/v1/LicenseeReturns/byid?lr_id=bc32ba36-5141-f011-a373-0050568a2d1a
Lixnaw - D0462,Site Updates/Notifications,LR works notification Lixnaw,https://leap.epa.ie/licence-profile/D0462/compliance/return/beed3146-3253-f011-a373-0050568a2d1a,2025-06-27T00:00:00+00:00,Open,2025-06-27T00:00:00,D0462,36ceccc9-4660-471c-a4aa-6ece96a7e233,https://data.epa.ie/leap/api/v1/LicenseeReturns/byid?lr_id=beed3146-3253-f011-a373-0050568a2d1a
Milltown Composting Systems Limited - W0270,Site Updates/Notifications,Lab Reports Requested under 4.11 of SV31573,https://leap.epa.ie/licence-profile/W0270/compliance/return/c2b35bcb-2e3d-f011-a373-0050568a2d1a,2025-06-27T00:00:00+00:00,Closed,2025-05-30T00:00:00,W0270,fe25a7be-b6b1-4353-a8b8-5d5ce20c15dd,https://data.epa.ie/leap/api/v1/LicenseeReturns/byid?lr_id=c2b35bcb-2e3d-f011-a373-0050568a2d1a
Starrus Eco Holdings Limited (Greenogue) - W0188,Annual Environmental Report,2024 AER,https://leap.epa.ie/licence-profile/W0188/compliance/return/c595823c-2553-f011-a373-0050568a2d1a,2025-06-27T00:00:00+00:00,Open,2025-06-27T00:00:00,W0188,30f61d20-175e-4cc3-8628-ee84d331735d,https://data.epa.ie/leap/api/v1/LicenseeReturns/byid?lr_id=c595823c-2553-f011-a373-0050568a2d1a
Drogheda Landfill - Drogheda Borough Council - W0033,Monitoring Returns,Biological report on Lakes May 2025,https://leap.epa.ie/licence-profile/W0033/compliance/return/cc27dc1f-9152-f011-a373-0050568a2d1a,2025-06-27T00:00:00+00:00,Closed,2025-06-26T00:00:00,W0033,6bc1e2c2-4171-4b38-b9e5-fb044362ec89,https://data.epa.ie/leap/api/v1/LicenseeReturns/byid?lr_id=cc27dc1f-9152-f011-a373-0050568a2d1a
Henkel Ireland Operations and Research Limited (Ballyfermot) - P0078,Monitoring Returns,2025 Q1 Emissions to water,https://leap.epa.ie/licence-profile/P0078/compliance/return/de33f7ad-3116-f011-a373-0050568a2d1a,2025-06-27T00:00:00+00:00,Closed,2025-04-10T00:00:00,P0078,e5130308-0fc0-4f69-961f-afb6e1661450,https://data.epa.ie/leap/api/v1/LicenseeReturns/byid?lr_id=de33f7ad-3116-f011-a373-0050568a2d1a
Liebherr Container Cranes Limited - P0146,Monitoring Returns,incident reference-INCI030600 June 2025 SW results,https://leap.epa.ie/licence-profile/P0146/compliance/return/df66ac90-4953-f011-a373-0050568a2d1a,2025-06-27T00:00:00+00:00,Open,2025-06-27T00:00:00,P0146,1b7c68f1-bf2a-4366-854d-468f864c5d1a,https://data.epa.ie/leap/api/v1/LicenseeReturns/byid?lr_id=df66ac90-4953-f011-a373-0050568a2d1a
Kyletalesha Landfill - W0026,Site Updates/Notifications,Gas Flare Management,https://leap.epa.ie/licence-profile/W0026/compliance/return/e65ca8a3-4e53-f011-a373-0050568a2d1a,2025-06-27T00:00:00+00:00,Open,2025-06-27T00:00:00,W0026,dd04a983-87d2-4f83-a300-a996b019c2f6,https://data.epa.ie/leap/api/v1/LicenseeReturns/byid?lr_id=e65ca8a3-4e53-f011-a373-0050568a2d1a
Milltown Composting Systems Limited - W0270,Site Updates/Notifications,Response to Report SV32409,https://leap.epa.ie/licence-profile/W0270/compliance/return/f3281b04-5535-f011-a373-0050568a2d1a,2025-06-27T00:00:00+00:00,Closed,2025-05-20T00:00:00,W0270,fe25a7be-b6b1-4353-a8b8-5d5ce20c15dd,https://data.epa.ie/leap/api/v1/LicenseeReturns/byid?lr_id=f3281b04-5535-f011-a373-0050568a2d1a
Kyletalesha Landfill - W0026,Site Updates/Notifications,SV32515 Response,https://leap.epa.ie/licence-profile/W0026/compliance/return/f8d20fb5-6053-f011-a373-0050568a2d1a,2025-06-27T00:00:00+00:00,Open,2025-06-27T00:00:00,W0026,dd04a983-87d2-4f83-a300-a996b019c2f6,https://data.epa.ie/leap/api/v1/LicenseeReturns/byid?lr_id=f8d20fb5-6053-f011-a373-0050568a2d1a
Unilin Insulation Ireland Limited - P0583,Monitoring Returns,"Q2 2024 Service Waste Water, Fire Water, Interceptor & Silt Trap",https://leap.epa.ie/licence-profile/P0583/compliance/return/ffc1738c-0921-f011-a373-0050568a2d1a,2025-06-27T00:00:00+00:00,Closed,2025-04-24T00:00:00,P0583,ef57424a-b5ee-4fc0-916b-7a25e329e987,https://data.epa.ie/leap/api/v1/LicenseeReturns/byid?lr_id=ffc1738c-0921-f011-a373-0050568a2d1a
Integrated Materials Solutions Limited Partnership - W0129,EPA Initiated Correspondence,,https://leap.epa.ie/licence-profile/W0129/compliance/epa-correspondence/62e92097-4953-f011-a373-0050568a2d1a,2025-06-27T00:00:00+00:00,Closed,2025-06-27T00:00:00,W0129,6883afaf-4bda-4b0d-b76d-1808ed2cf9e9,https://data.epa.ie/leap/api/v1/MeetingCorrespondence/epainiciatedcorrespondencebyid?epainitiatedcorrespondence_id=62e92097-4953-f011-a373-0050568a2d1a
International Aerospace Coatings Limited - P0921,Non Compliance,,https://leap.epa.ie/licence-profile/P0921/compliance/non-compliance/00646071-5553-f011-a373-0050568a2d1a,2025-06-27T00:00:00+00:00,Issued,2025-06-27T00:00:00,P0921,af611686-a1a3-4e4a-b8f3-b1514eb1101e,https://data.epa.ie/leap/api/v1/NonCompliance/byid?nc_id=00646071-5553-f011-a373-0050568a2d1a
"SRCL Limited (Kylemore Road) trading as Eco-Safe Systems Ltd, Allied Industrial Estate, Kylemore Roa",Non Compliance,,https://leap.epa.ie/licence-profile/W0054/compliance/non-compliance/063b5f88-b94a-f011-a373-0050568a2d1a,2025-06-27T00:00:00+00:00,Issued,2025-06-27T00:00:00,W0054,7e56b05f-0bea-4d16-95d3-ece4f0ae0c2e,https://data.epa.ie/leap/api/v1/NonCompliance/byid?nc_id=063b5f88-b94a-f011-a373-0050568a2d1a
"SRCL Limited (Kylemore Road) trading as Eco-Safe Systems Ltd, Allied Industrial Estate, Kylemore Roa",Non Compliance,,https://leap.epa.ie/licence-profile/W0054/compliance/non-compliance/1daefe84-c34a-f011-a373-0050568a2d1a,2025-06-27T00:00:00+00:00,Issued,2025-06-27T00:00:00,W0054,7e56b05f-0bea-4d16-95d3-ece4f0ae0c2e,https://data.epa.ie/leap/api/v1/NonCompliance/byid?nc_id=1daefe84-c34a-f011-a373-0050568a2d1a
Dublin Aerospace Limited - P1121,Non Compliance,,https://leap.epa.ie/licence-profile/P1121/compliance/non-compliance/25084bab-4153-f011-a373-0050568a2d1a,2025-06-27T00:00:00+00:00,Issued,2025-06-27T00:00:00,P1121,898fd0d9-de0b-41e7-a972-99a0c3fd79a3,https://data.epa.ie/leap/api/v1/NonCompliance/byid?nc_id=25084bab-4153-f011-a373-0050568a2d1a
The Hammond Lane Metal Company Limited - P1002,Non Compliance,,https://leap.epa.ie/licence-profile/P1002/compliance/non-compliance/2929789f-2353-f011-a373-0050568a2d1a,2025-06-27T00:00:00+00:00,Issued,2025-06-27T00:00:00,P1002,79385efd-ce54-e611-9a04-0050568a69e2,https://data.epa.ie/leap/api/v1/NonCompliance/byid?nc_id=2929789f-2353-f011-a373-0050568a2d1a
The Hammond Lane Metal Company Limited - P1002,Non Compliance,,https://leap.epa.ie/licence-profile/P1002/compliance/non-compliance/2ece622c-2453-f011-a373-0050568a2d1a,2025-06-27T00:00:00+00:00,Issued,2025-06-27T00:00:00,P1002,79385efd-ce54-e611-9a04-0050568a69e2,https://data.epa.ie/leap/api/v1/NonCompliance/byid?nc_id=2ece622c-2453-f011-a373-0050568a2d1a
"SRCL Limited (Kylemore Road) trading as Eco-Safe Systems Ltd, Allied Industrial Estate, Kylemore Roa",Non Compliance,,https://leap.epa.ie/licence-profile/W0054/compliance/non-compliance/3d6813d9-c34a-f011-a373-0050568a2d1a,2025-06-27T00:00:00+00:00,Issued,2025-06-27T00:00:00,W0054,7e56b05f-0bea-4d16-95d3-ece4f0ae0c2e,https://data.epa.ie/leap/api/v1/NonCompliance/byid?nc_id=3d6813d9-c34a-f011-a373-0050568a2d1a
"SRCL Limited (Kylemore Road) trading as Eco-Safe Systems Ltd, Allied Industrial Estate, Kylemore Roa",Non Compliance,,https://leap.epa.ie/licence-profile/W0054/compliance/non-compliance/460a401d-ba4a-f011-a373-0050568a2d1a,2025-06-27T00:00:00+00:00,Issued,2025-06-27T00:00:00,W0054,7e56b05f-0bea-4d16-95d3-ece4f0ae0c2e,https://data.epa.ie/leap/api/v1/NonCompliance/byid?nc_id=460a401d-ba4a-f011-a373-0050568a2d1a
International Aerospace Coatings Limited - P0921,Non Compliance,,https://leap.epa.ie/licence-profile/P0921/compliance/non-compliance/53cd2323-5553-f011-a373-0050568a2d1a,2025-06-27T00:00:00+00:00,Issued,2025-06-27T00:00:00,P0921,af611686-a1a3-4e4a-b8f3-b1514eb1101e,https://data.epa.ie/leap/api/v1/NonCompliance/byid?nc_id=53cd2323-5553-f011-a373-0050568a2d1a
Dublin Aerospace Limited - P1121,Non Compliance,,https://leap.epa.ie/licence-profile/P1121/compliance/non-compliance/65adf0e1-4253-f011-a373-0050568a2d1a,2025-06-27T00:00:00+00:00,Issued,2025-06-27T00:00:00,P1121,898fd0d9-de0b-41e7-a972-99a0c3fd79a3,https://data.epa.ie/leap/api/v1/NonCompliance/byid?nc_id=65adf0e1-4253-f011-a373-0050568a2d1a
The Hammond Lane Metal Company Limited - P1002,Non Compliance,,https://leap.epa.ie/licence-profile/P1002/compliance/non-compliance/714e1778-2753-f011-a373-0050568a2d1a,2025-06-27T00:00:00+00:00,Issued,2025-06-27T00:00:00,P1002,79385efd-ce54-e611-9a04-0050568a69e2,https://data.epa.ie/leap/api/v1/NonCompliance/byid?nc_id=714e1778-2753-f011-a373-0050568a2d1a
The Hammond Lane Metal Company Limited - P1002,Non Compliance,,https://leap.epa.ie/licence-profile/P1002/compliance/non-compliance/72da1a39-2353-f011-a373-0050568a2d1a,2025-06-27T00:00:00+00:00,Issued,2025-06-27T00:00:00,P1002,79385efd-ce54-e611-9a04-0050568a69e2,https://data.epa.ie/leap/api/v1/NonCompliance/byid?nc_id=72da1a39-2353-f011-a373-0050568a2d1a
Dublin Aerospace Limited - P1121,Non Compliance,,https://leap.epa.ie/licence-profile/P1121/compliance/non-compliance/81083c17-4253-f011-a373-0050568a2d1a,2025-06-27T00:00:00+00:00,Issued,2025-06-27T00:00:00,P1121,898fd0d9-de0b-41e7-a972-99a0c3fd79a3,https://data.epa.ie/leap/api/v1/NonCompliance/byid?nc_id=81083c17-4253-f011-a373-0050568a2d1a
The Hammond Lane Metal Company Limited - P1002,Non Compliance,,https://leap.epa.ie/licence-profile/P1002/compliance/non-compliance/8e3770b2-2253-f011-a373-0050568a2d1a,2025-06-27T00:00:00+00:00,Issued,2025-06-27T00:00:00,P1002,79385efd-ce54-e611-9a04-0050568a69e2,https://data.epa.ie/leap/api/v1/NonCompliance/byid?nc_id=8e3770b2-2253-f011-a373-0050568a2d1a
"SRCL Limited (Kylemore Road) trading as Eco-Safe Systems Ltd, Allied Industrial Estate, Kylemore Roa",Non Compliance,,https://leap.epa.ie/licence-profile/W0054/compliance/non-compliance/b136e2f3-c34a-f011-a373-0050568a2d1a,2025-06-27T00:00:00+00:00,Issued,2025-06-27T00:00:00,W0054,7e56b05f-0bea-4d16-95d3-ece4f0ae0c2e,https://data.epa.ie/leap/api/v1/NonCompliance/byid?nc_id=b136e2f3-c34a-f011-a373-0050568a2d1a
"SRCL Limited (Kylemore Road) trading as Eco-Safe Systems Ltd, Allied Industrial Estate, Kylemore Roa",Non Compliance,,https://leap.epa.ie/licence-profile/W0054/compliance/non-compliance/bdac1668-c34a-f011-a373-0050568a2d1a,2025-06-27T00:00:00+00:00,Issued,2025-06-27T00:00:00,W0054,7e56b05f-0bea-4d16-95d3-ece4f0ae0c2e,https://data.epa.ie/leap/api/v1/NonCompliance/byid?nc_id=bdac1668-c34a-f011-a373-0050568a2d1a
The Hammond Lane Metal Company Limited - P1002,Non Compliance,,https://leap.epa.ie/licence-profile/P1002/compliance/non-compliance/da9b6af1-2853-f011-a373-0050568a2d1a,2025-06-27T00:00:00+00:00,Issued,2025-06-27T00:00:00,P1002,79385efd-ce54-e611-9a04-0050568a69e2,https://data.epa.ie/leap/api/v1/NonCompliance/byid?nc_id=da9b6af1-2853-f011-a373-0050568a2d1a
The Hammond Lane Metal Company Limited - P1002,Non Compliance,,https://leap.epa.ie/licence-profile/P1002/compliance/non-compliance/e148c114-2853-f011-a373-0050568a2d1a,2025-06-27T00:00:00+00:00,Issued,2025-06-27T00:00:00,P1002,79385efd-ce54-e611-9a04-0050568a69e2,https://data.epa.ie/leap/api/v1/NonCompliance/byid?nc_id=e148c114-2853-f011-a373-0050568a2d1a
"SRCL Limited (Kylemore Road) trading as Eco-Safe Systems Ltd, Allied Industrial Estate, Kylemore Roa",Non Compliance,,https://leap.epa.ie/licence-profile/W0054/compliance/non-compliance/e5d558aa-c34a-f011-a373-0050568a2d1a,2025-06-27T00:00:00+00:00,Issued,2025-06-27T00:00:00,W0054,7e56b05f-0bea-4d16-95d3-ece4f0ae0c2e,https://data.epa.ie/leap/api/v1/NonCompliance/byid?nc_id=e5d558aa-c34a-f011-a373-0050568a2d1a
Dublin Aerospace Limited - P1121,Non Compliance,,https://leap.epa.ie/licence-profile/P1121/compliance/non-compliance/e84779ff-4053-f011-a373-0050568a2d1a,2025-06-27T00:00:00+00:00,Issued,2025-06-27T00:00:00,P1121,898fd0d9-de0b-41e7-a972-99a0c3fd79a3,https://data.epa.ie/leap/api/v1/NonCompliance/byid?nc_id=e84779ff-4053-f011-a373-0050568a2d1a
"SRCL Limited (Kylemore Road) trading as Eco-Safe Systems Ltd, Allied Industrial Estate, Kylemore Roa",Non Compliance,,https://leap.epa.ie/licence-profile/W0054/compliance/non-compliance/ef1dd3dd-b94a-f011-a373-0050568a2d1a,2025-06-27T00:00:00+00:00,Issued,2025-06-27T00:00:00,W0054,7e56b05f-0bea-4d16-95d3-ece4f0ae0c2e,https://data.epa.ie/leap/api/v1/NonCompliance/byid?nc_id=ef1dd3dd-b94a-f011-a373-0050568a2d1a
Dublin Aerospace Limited - P1121,Non Compliance,,https://leap.epa.ie/licence-profile/P1121/compliance/non-compliance/f1766185-4053-f011-a373-0050568a2d1a,2025-06-27T00:00:00+00:00,Issued,2025-06-27T00:00:00,P1121,898fd0d9-de0b-41e7-a972-99a0c3fd79a3,https://data.epa.ie/leap/api/v1/NonCompliance/byid?nc_id=f1766185-4053-f011-a373-0050568a2d1a
Dublin Aerospace Limited - P1121,Site Visit,,https://leap.epa.ie/licence-profile/P1121/compliance/sitevisit/10694e77-9e46-f011-a373-0050568a2d1a,2025-06-27T00:00:00+00:00,Closed,2025-06-10T00:00:00,P1121,898fd0d9-de0b-41e7-a972-99a0c3fd79a3,https://data.epa.ie/leap/api/v1/SiteVisit/byid?sv_id=10694e77-9e46-f011-a373-0050568a2d1a
Clonmellon - D0271,Site Visit,,https://leap.epa.ie/licence-profile/D0271/compliance/sitevisit/11d372c0-1bbe-ef11-a324-0050568a66b2,2025-06-27T00:00:00+00:00,Closed,2025-06-03T00:00:00,D0271,c2edcac6-30ce-46d8-b4fc-2fa44e607ab1,https://data.epa.ie/leap/api/v1/SiteVisit/byid?sv_id=11d372c0-1bbe-ef11-a324-0050568a66b2
Ballynacarrigy - D0482,Site Visit,,https://leap.epa.ie/licence-profile/D0482/compliance/sitevisit/13d372c0-1bbe-ef11-a324-0050568a66b2,2025-06-27T00:00:00+00:00,Closed,2025-06-03T00:00:00,D0482,35d5fd54-fa5c-4e32-9ce4-3ae56b7334d7,https://data.epa.ie/leap/api/v1/SiteVisit/byid?sv_id=13d372c0-1bbe-ef11-a324-0050568a66b2
Bonmahon - A0374,Site Visit,,https://leap.epa.ie/licence-profile/A0374/compliance/sitevisit/1f74773e-1a3a-f011-a373-0050568a2d1a,2025-06-27T00:00:00+00:00,Closed,2025-05-23T00:00:00,A0374,65015c75-53cf-4608-a2e4-03d98f4d437e,https://data.epa.ie/leap/api/v1/SiteVisit/byid?sv_id=1f74773e-1a3a-f011-a373-0050568a2d1a
Limerick Gasworks - W0281,Site Visit,,https://leap.epa.ie/licence-profile/W0281/compliance/sitevisit/23ec444b-6835-f011-a373-0050568a2d1a,2025-06-27T00:00:00+00:00,Closed,2025-05-21T00:00:00,W0281,5f803ada-cc94-e411-b3b4-0050568a69e2,https://data.epa.ie/leap/api/v1/SiteVisit/byid?sv_id=23ec444b-6835-f011-a373-0050568a2d1a
"SRCL Limited (Kylemore Road) trading as Eco-Safe Systems Ltd, Allied Industrial Estate, Kylemore Roa",Site Visit,,https://leap.epa.ie/licence-profile/W0054/compliance/sitevisit/3f1e0bda-3c3a-f011-a373-0050568a2d1a,2025-06-27T00:00:00+00:00,Closed,2025-05-27T00:00:00,W0054,7e56b05f-0bea-4d16-95d3-ece4f0ae0c2e,https://data.epa.ie/leap/api/v1/SiteVisit/byid?sv_id=3f1e0bda-3c3a-f011-a373-0050568a2d1a
The Hammond Lane Metal Company Limited - P1002,Site Visit,,https://leap.epa.ie/licence-profile/P1002/compliance/sitevisit/48639925-a6d1-ef11-a325-0050568a66b2,2025-06-27T00:00:00+00:00,Closed,2025-05-29T00:00:00,P1002,79385efd-ce54-e611-9a04-0050568a69e2,https://data.epa.ie/leap/api/v1/SiteVisit/byid?sv_id=48639925-a6d1-ef11-a325-0050568a66b2
International Aerospace Coatings Limited - P0921,Site Visit,,https://leap.epa.ie/licence-profile/P0921/compliance/sitevisit/6b10942b-a6d1-ef11-a325-0050568a66b2,2025-06-27T00:00:00+00:00,Closed,2025-06-05T00:00:00,P0921,af611686-a1a3-4e4a-b8f3-b1514eb1101e,https://data.epa.ie/leap/api/v1/SiteVisit/byid?sv_id=6b10942b-a6d1-ef11-a325-0050568a66b2
Muinebheag and Leighlinbridge - D0090,Site Visit,,https://leap.epa.ie/licence-profile/D0090/compliance/sitevisit/7fd272c0-1bbe-ef11-a324-0050568a66b2,2025-06-27T00:00:00+00:00,Closed,2025-05-29T00:00:00,D0090,4aae32d6-287e-49fb-b97a-22d553ae845f,https://data.epa.ie/leap/api/v1/SiteVisit/byid?sv_id=7fd272c0-1bbe-ef11-a324-0050568a66b2
Dublin Aerospace Limited - P0480,Site Visit,,https://leap.epa.ie/licence-profile/P0480/compliance/sitevisit/a72800be-14f9-ef11-a325-0050568a66b2,2025-06-27T00:00:00+00:00,Closed,2025-06-05T00:00:00,P0480,9086c85a-3aeb-4dc4-95e4-55747e1db622,https://data.epa.ie/leap/api/v1/SiteVisit/byid?sv_id=a72800be-14f9-ef11-a325-0050568a66b2
Microsoft Ireland Operations Limited - P1187,Site Visit,,https://leap.epa.ie/licence-profile/P1187/compliance/sitevisit/bb937391-92d2-ef11-a325-0050568a66b2,2025-06-27T00:00:00+00:00,Closed,2025-06-18T00:00:00,P1187,fcd3466a-f9ca-4ee5-842c-ea7f6f342750,https://data.epa.ie/leap/api/v1/SiteVisit/byid?sv_id=bb937391-92d2-ef11-a325-0050568a66b2
Castlelost Flex Gen Limited - P1193,Site Visit,,https://leap.epa.ie/licence-profile/P1193/compliance/sitevisit/bf937391-92d2-ef11-a325-0050568a66b2,2025-06-27T00:00:00+00:00,Closed,2025-06-19T00:00:00,P1193,67c0c2dc-eacc-4474-93d9-bbee0064ceda,https://data.epa.ie/leap/api/v1/SiteVisit/byid?sv_id=bf937391-92d2-ef11-a325-0050568a66b2
Dublin Aerospace Limited - P1121,Site Visit,,https://leap.epa.ie/licence-profile/P1121/compliance/sitevisit/ca30aafc-0645-f011-a373-0050568a2d1a,2025-06-27T00:00:00+00:00,Closed,2025-06-06T00:00:00,P1121,898fd0d9-de0b-41e7-a972-99a0c3fd79a3,https://data.epa.ie/leap/api/v1/SiteVisit/byid?sv_id=ca30aafc-0645-f011-a373-0050568a2d1a
Haroldstown Transfer Station - W0139,Site Visit,,https://leap.epa.ie/licence-profile/W0139/compliance/sitevisit/f251eeaa-112f-f011-a373-0050568a2d1a,2025-06-27T00:00:00+00:00,Closed,2025-05-28T00:00:00,W0139,752fb47c-4e40-4886-8a90-7640e64660f1,https://data.epa.ie/leap/api/v1/SiteVisit/byid?sv_id=f251eeaa-112f-f011-a373-0050568a2d1a
Mohill Landfill - W0065,Compliance Investigation,"W0065-01, Unauthorised Leachate Discharge",https://leap.epa.ie/licence-profile/W0065/compliance/investigation/5bee9107-064d-f011-a373-0050568a2d1a,2025-06-26T00:00:00+00:00,Open,2025-06-26T00:00:00,W0065,51a1e648-d489-480e-b092-ea1735d4e7d0,https://data.epa.ie/leap/api/v1/Ci/byid?ci_id=5bee9107-064d-f011-a373-0050568a2d1a
Kepak Athleague - P0168,Complaint,"P0168-02, 20/05/2025, Odour",https://leap.epa.ie/licence-profile/P0168/compliance/complaint/272c3659-4936-f011-a373-0050568a2d1a,2025-06-26T00:00:00+00:00,Closed,2025-05-21T00:00:00,P0168,9747f926-2521-453e-8dbd-d39177b06596,https://data.epa.ie/leap/api/v1/Complaint/byid?complaint_id=272c3659-4936-f011-a373-0050568a2d1a
PDM Timber Treatment Limited - P0325,Complaint,"P0325-02, 16/05/25, Odour",https://leap.epa.ie/licence-profile/P0325/compliance/complaint/6960e003-3133-f011-a373-0050568a2d1a,2025-06-26T00:00:00+00:00,Closed,2025-05-17T00:00:00,P0325,9a5dfee4-003a-4c50-9ade-d074dff60ab8,https://data.epa.ie/leap/api/v1/Complaint/byid?complaint_id=6960e003-3133-f011-a373-0050568a2d1a
PDM Timber Treatment Limited - P0325,Complaint,"P0325-02, 16/05/25, Odour",https://leap.epa.ie/licence-profile/P0325/compliance/complaint/7b35019c-0533-f011-a373-0050568a2d1a,2025-06-26T00:00:00+00:00,Closed,2025-05-17T00:00:00,P0325,9a5dfee4-003a-4c50-9ade-d074dff60ab8,https://data.epa.ie/leap/api/v1/Complaint/byid?complaint_id=7b35019c-0533-f011-a373-0050568a2d1a
PDM Timber Treatment Limited - P0325,Complaint,"P0325-02, 18/05/25, Odour",https://leap.epa.ie/licence-profile/P0325/compliance/complaint/9380e1bf-2234-f011-a373-0050568a2d1a,2025-06-26T00:00:00+00:00,Closed,2025-05-18T00:00:00,P0325,9a5dfee4-003a-4c50-9ade-d074dff60ab8,https://data.epa.ie/leap/api/v1/Complaint/byid?complaint_id=9380e1bf-2234-f011-a373-0050568a2d1a
PDM Timber Treatment Limited - P0325,Complaint,"P0325-02, 18/05/25, Odour",https://leap.epa.ie/licence-profile/P0325/compliance/complaint/b87158be-2134-f011-a373-0050568a2d1a,2025-06-26T00:00:00+00:00,Closed,2025-05-18T00:00:00,P0325,9a5dfee4-003a-4c50-9ade-d074dff60ab8,https://data.epa.ie/leap/api/v1/Complaint/byid?complaint_id=b87158be-2134-f011-a373-0050568a2d1a
PDM Timber Treatment Limited - P0325,Complaint,"P0325-02, 18/05/25, Odour",https://leap.epa.ie/licence-profile/P0325/compliance/complaint/e1d03571-2734-f011-a373-0050568a2d1a,2025-06-26T00:00:00+00:00,Closed,2025-05-18T00:00:00,P0325,9a5dfee4-003a-4c50-9ade-d074dff60ab8,https://data.epa.ie/leap/api/v1/Complaint/byid?complaint_id=e1d03571-2734-f011-a373-0050568a2d1a
Starrus Eco Holdings Limited (Fassaroe) - W0053,Incident,Trigger Level Reached,https://leap.epa.ie/licence-profile/W0053/compliance/incident/15fbf49d-8452-f011-a373-0050568a2d1a,2025-06-26T00:00:00+00:00,Open,2025-06-26T00:00:00,W0053,63f9513e-c55e-49ef-bf41-76721b9b43ef,https://data.epa.ie/leap/api/v1/Incident/byid?incident_id=15fbf49d-8452-f011-a373-0050568a2d1a
Grange - D0381,Incident,Uncontrolled Release,https://leap.epa.ie/licence-profile/D0381/compliance/incident/2eb4077d-b551-f011-a373-0050568a2d1a,2025-06-26T00:00:00+00:00,Closed,2025-06-25T00:00:00,D0381,7e3242c0-4358-4920-ba41-96438191ec40,https://data.epa.ie/leap/api/v1/Incident/byid?incident_id=2eb4077d-b551-f011-a373-0050568a2d1a
Kilsheelan - D0452,Incident,Breach of CoA discharge requirements,https://leap.epa.ie/licence-profile/D0452/compliance/incident/54e6c2cb-9c52-f011-a373-0050568a2d1a,2025-06-26T00:00:00+00:00,Open,2025-06-26T00:00:00,D0452,1813c3d6-21db-430d-94df-0413c0626307,https://data.epa.ie/leap/api/v1/Incident/byid?incident_id=54e6c2cb-9c52-f011-a373-0050568a2d1a
Midleton Quarry - W0307,Incident,Elevated Dust Particulate result at jar location DMCN07 for period 10.12.2024 to 14.02.2025. Dust de,https://leap.epa.ie/licence-profile/W0307/compliance/incident/5ab54cb0-4936-f011-a373-0050568a2d1a,2025-06-26T00:00:00+00:00,Closed,2025-05-21T00:00:00,W0307,9691a75c-95ba-4ca9-8a6e-22dc2c7b017d,https://data.epa.ie/leap/api/v1/Incident/byid?incident_id=5ab54cb0-4936-f011-a373-0050568a2d1a
Ormonde Organics Limited (Portlaw) - W0287,Incident,Trigger Level Reached,https://leap.epa.ie/licence-profile/W0287/compliance/incident/5be18ebb-8540-f011-a373-0050568a2d1a,2025-06-26T00:00:00+00:00,Closed,2025-06-03T00:00:00,W0287,6ad3c482-80ad-e611-8d41-0050568a69e2,https://data.epa.ie/leap/api/v1/Incident/byid?incident_id=5be18ebb-8540-f011-a373-0050568a2d1a
Ringsend - D0034,Incident,Abatement equipment off-line,https://leap.epa.ie/licence-profile/D0034/compliance/incident/823ad199-6c3d-f011-a373-0050568a2d1a,2025-06-26T00:00:00+00:00,Closed,2025-05-30T00:00:00,D0034,188b6e9c-77a4-4dd9-895c-17080f6af298,https://data.epa.ie/leap/api/v1/Incident/byid?incident_id=823ad199-6c3d-f011-a373-0050568a2d1a
Premier Periclase Limited - P0376,Incident,Single breach of the dust deposition limit recorded in April 2025 at one internal monitoring locatio,https://leap.epa.ie/licence-profile/P0376/compliance/incident/83b55cec-c746-f011-a373-0050568a2d1a,2025-06-26T00:00:00+00:00,Closed,2025-06-11T00:00:00,P0376,e3d4cdd5-7ad0-4785-83af-614411710884,https://data.epa.ie/leap/api/v1/Incident/byid?incident_id=83b55cec-c746-f011-a373-0050568a2d1a
Templemore - D0190,Incident,Abatement equipment off-line,https://leap.epa.ie/licence-profile/D0190/compliance/incident/94138d85-ae4d-f011-a373-0050568a2d1a,2025-06-26T00:00:00+00:00,Closed,2025-06-20T00:00:00,D0190,903d6a51-0d0b-45cf-9785-fff94d5eb977,https://data.epa.ie/leap/api/v1/Incident/byid?incident_id=94138d85-ae4d-f011-a373-0050568a2d1a
Rottapharm Limited - P0886,Incident,Uncontrolled Release,https://leap.epa.ie/licence-profile/P0886/compliance/incident/9e6f0958-7752-f011-a373-0050568a2d1a,2025-06-26T00:00:00+00:00,Open,2025-06-26T00:00:00,P0886,87ba69db-bf59-471f-900c-e11f934110a4,https://data.epa.ie/leap/api/v1/Incident/byid?incident_id=9e6f0958-7752-f011-a373-0050568a2d1a
Monksland Wastewater Treatment Works - D0042,Incident,Abatement equipment off-line,https://leap.epa.ie/licence-profile/D0042/compliance/incident/decc308b-8152-f011-a373-0050568a2d1a,2025-06-26T00:00:00+00:00,Open,2025-06-26T00:00:00,D0042,04b9a266-6a7a-4979-87df-b02e7f38dbb9,https://data.epa.ie/leap/api/v1/Incident/byid?incident_id=decc308b-8152-f011-a373-0050568a2d1a
Zoetis Belgium S.A. - P0638,Site Updates/Notifications,"Confirmation of Installation of Non-Slip Matting at Air Emission Points A1-3, A1-4, and A1-5",https://leap.epa.ie/licence-profile/P0638/compliance/return/1f40a94a-6152-f011-a373-0050568a2d1a,2025-06-26T00:00:00+00:00,Closed,2025-06-26T00:00:00,P0638,189d7de6-f0b6-4a66-9948-0c5bd626a79b,https://data.epa.ie/leap/api/v1/LicenseeReturns/byid?lr_id=1f40a94a-6152-f011-a373-0050568a2d1a
Bord na Mona Biomass Limited - P0503,Requests for Approval and Site Reports,Silt pond maintenance requirements,https://leap.epa.ie/licence-profile/P0503/compliance/return/41676208-f250-f011-a373-0050568a2d1a,2025-06-26T00:00:00+00:00,Closed,2025-06-24T00:00:00,P0503,f83e1d51-7f03-49da-b583-8c68fa966b33,https://data.epa.ie/leap/api/v1/LicenseeReturns/byid?lr_id=41676208-f250-f011-a373-0050568a2d1a
Martin Jennings Wholesale Limited - P0859,Site Updates/Notifications,2.6 Fugitive emissions programme 6.8 (Non-Compliance),https://leap.epa.ie/licence-profile/P0859/compliance/return/4cd4704f-903c-f011-a373-0050568a2d1a,2025-06-26T00:00:00+00:00,Closed,2025-05-29T00:00:00,P0859,cba3ed15-6a33-4155-a739-fe7e3521a3dd,https://data.epa.ie/leap/api/v1/LicenseeReturns/byid?lr_id=4cd4704f-903c-f011-a373-0050568a2d1a
Martin Jennings Wholesale Limited - P0859,Site Updates/Notifications,2.2 Storage and labelling of materials 3.7.2 & 3.7.5 (Non-Compliance),https://leap.epa.ie/licence-profile/P0859/compliance/return/528eb636-813c-f011-a373-0050568a2d1a,2025-06-26T00:00:00+00:00,Closed,2025-05-29T00:00:00,P0859,cba3ed15-6a33-4155-a739-fe7e3521a3dd,https://data.epa.ie/leap/api/v1/LicenseeReturns/byid?lr_id=528eb636-813c-f011-a373-0050568a2d1a
Martin Jennings Wholesale Limited - P0859,Site Updates/Notifications,2.1 Site Boundary 1.3 (Observation),https://leap.epa.ie/licence-profile/P0859/compliance/return/56602cde-903c-f011-a373-0050568a2d1a,2025-06-26T00:00:00+00:00,Closed,2025-05-29T00:00:00,P0859,cba3ed15-6a33-4155-a739-fe7e3521a3dd,https://data.epa.ie/leap/api/v1/LicenseeReturns/byid?lr_id=56602cde-903c-f011-a373-0050568a2d1a
Galco (Waterford) Limited - P0385,Requests for Approval and Site Reports,P0385-01_2025_BundIntegrity,https://leap.epa.ie/licence-profile/P0385/compliance/return/61e943fc-b44d-f011-a373-0050568a2d1a,2025-06-26T00:00:00+00:00,Closed,2025-06-20T00:00:00,P0385,e57465bf-8144-48e8-885c-76a964a2cd05,https://data.epa.ie/leap/api/v1/LicenseeReturns/byid?lr_id=61e943fc-b44d-f011-a373-0050568a2d1a
Bord na Móna Energy Limited (Kilberry) - P0506,Requests for Approval and Site Reports,Silt pond maintenance requirements,https://leap.epa.ie/licence-profile/P0506/compliance/return/763ea7d0-f250-f011-a373-0050568a2d1a,2025-06-26T00:00:00+00:00,Closed,2025-06-24T00:00:00,P0506,9bf8b5da-f0fe-4c36-99b2-cb63faa9b413,https://data.epa.ie/leap/api/v1/LicenseeReturns/byid?lr_id=763ea7d0-f250-f011-a373-0050568a2d1a
Arrow Group - P0812,Requests for Approval and Site Reports,New Packaging Facility and Yard,https://leap.epa.ie/licence-profile/P0812/compliance/return/7c0ccaa4-0a46-f011-a373-0050568a2d1a,2025-06-26T00:00:00+00:00,Closed,2025-06-10T00:00:00,P0812,7fcd1011-168f-44a5-88a4-7c7a6749300f,https://data.epa.ie/leap/api/v1/LicenseeReturns/byid?lr_id=7c0ccaa4-0a46-f011-a373-0050568a2d1a
Forest Laboratories Ireland Limited - P0306,Site Updates/Notifications,Stormwater Trigger Values and Response Program,https://leap.epa.ie/licence-profile/P0306/compliance/return/8c507279-6852-f011-a373-0050568a2d1a,2025-06-26T00:00:00+00:00,Open,2025-06-26T00:00:00,P0306,cc43e214-bf6b-48f5-8cc5-fa67457b2e25,https://data.epa.ie/leap/api/v1/LicenseeReturns/byid?lr_id=8c507279-6852-f011-a373-0050568a2d1a
The Hammond Lane Metal Company Limited - P1002,Requests for Approval and Site Reports,2025 Attenuation Tank Testing - HLMC Ringsend,https://leap.epa.ie/licence-profile/P1002/compliance/return/9815d6cd-7b52-f011-a373-0050568a2d1a,2025-06-26T00:00:00+00:00,Open,2025-06-26T00:00:00,P1002,79385efd-ce54-e611-9a04-0050568a69e2,https://data.epa.ie/leap/api/v1/LicenseeReturns/byid?lr_id=9815d6cd-7b52-f011-a373-0050568a2d1a
Bord na Mona Energy Limited Leabeg - P0500,Monitoring Returns,Boora Bogs PCAS 2023 WQ Monitoring Return,https://leap.epa.ie/licence-profile/P0500/compliance/return/aa1c6e07-e241-f011-a373-0050568a2d1a,2025-06-26T00:00:00+00:00,Closed,2025-06-05T00:00:00,P0500,55b8c95a-cbc4-46a3-b19f-aa054aa9ca82,https://data.epa.ie/leap/api/v1/LicenseeReturns/byid?lr_id=aa1c6e07-e241-f011-a373-0050568a2d1a
Dawn Meats Ireland Unlimited Company - P0811,Site Updates/Notifications,Response to Site Visit Report SV32491,https://leap.epa.ie/licence-profile/P0811/compliance/return/c27a7fef-c446-f011-a373-0050568a2d1a,2025-06-26T00:00:00+00:00,Closed,2025-06-11T00:00:00,P0811,49e1c863-0ced-458c-ba11-f458f97a2e5b,https://data.epa.ie/leap/api/v1/LicenseeReturns/byid?lr_id=c27a7fef-c446-f011-a373-0050568a2d1a
Martin Jennings Wholesale Limited - P0859,Requests for Approval and Site Reports,Change to Site Boundary May 2025,https://leap.epa.ie/licence-profile/P0859/compliance/return/cfb12aca-8f3c-f011-a373-0050568a2d1a,2025-06-26T00:00:00+00:00,Closed,2025-05-29T00:00:00,P0859,cba3ed15-6a33-4155-a739-fe7e3521a3dd,https://data.epa.ie/leap/api/v1/LicenseeReturns/byid?lr_id=cfb12aca-8f3c-f011-a373-0050568a2d1a
Bailieboro Foods Limited - P0406,Site Updates/Notifications,P0406-05 Boundary Map Update,https://leap.epa.ie/licence-profile/P0406/compliance/return/d09afcc8-9152-f011-a373-0050568a2d1a,2025-06-26T00:00:00+00:00,Open,2025-06-26T00:00:00,P0406,0482399b-94b4-45f7-b9bc-46b09fc0aaba,https://data.epa.ie/leap/api/v1/LicenseeReturns/byid?lr_id=d09afcc8-9152-f011-a373-0050568a2d1a
Sherwin-Williams (Ireland) Limited - P0711,Site Updates/Notifications,Document request following visit 16/04/25,https://leap.epa.ie/licence-profile/P0711/compliance/return/eb43b447-7f1f-f011-a373-0050568a2d1a,2025-06-26T00:00:00+00:00,Closed,2025-04-22T00:00:00,P0711,fc399d74-4faf-49a6-aadd-c565638944c3,https://data.epa.ie/leap/api/v1/LicenseeReturns/byid?lr_id=eb43b447-7f1f-f011-a373-0050568a2d1a
Michael Hanley Farm Enterprises Limited - P1207,Site Updates/Notifications,Commencement of Activities,https://leap.epa.ie/licence-profile/P1207/compliance/return/fc794609-c84d-f011-a373-0050568a2d1a,2025-06-26T00:00:00+00:00,Closed,2025-06-20T00:00:00,P1207,b0faea0d-f24e-4124-892c-19432f18e65c,https://data.epa.ie/leap/api/v1/LicenseeReturns/byid?lr_id=fc794609-c84d-f011-a373-0050568a2d1a
Pfizer Ireland Pharmaceuticals Unlimited Company (Newbridge) - P0153,EPA Initiated Correspondence,,https://leap.epa.ie/licence-profile/P0153/compliance/epa-correspondence/3393d40a-f750-f011-a373-0050568a2d1a,2025-06-26T00:00:00+00:00,Closed,2025-06-24T00:00:00,P0153,a3a54cba-adf7-4285-b057-7e331f952f80,https://data.epa.ie/leap/api/v1/MeetingCorrespondence/epainiciatedcorrespondencebyid?epainitiatedcorrespondence_id=3393d40a-f750-f011-a373-0050568a2d1a
Soltec (Ireland) Limited - P1093,EPA Initiated Correspondence,,https://leap.epa.ie/licence-profile/P1093/compliance/epa-correspondence/4bd1bc13-9a52-f011-a373-0050568a2d1a,2025-06-26T00:00:00+00:00,Closed,2025-06-26T00:00:00,P1093,02292183-7cec-4946-8860-7e7271acb7de,https://data.epa.ie/leap/api/v1/MeetingCorrespondence/epainiciatedcorrespondencebyid?epainitiatedcorrespondence_id=4bd1bc13-9a52-f011-a373-0050568a2d1a
ERAS ECO Ltd - W0211,Non Compliance,,https://leap.epa.ie/licence-profile/W0211/compliance/non-compliance/0d088047-9d4b-f011-a373-0050568a2d1a,2025-06-26T00:00:00+00:00,Issued,2025-06-26T00:00:00,W0211,8851c993-adac-4688-93b4-13c9820afc14,https://data.epa.ie/leap/api/v1/NonCompliance/byid?nc_id=0d088047-9d4b-f011-a373-0050568a2d1a
ERAS ECO Ltd - W0211,Non Compliance,,https://leap.epa.ie/licence-profile/W0211/compliance/non-compliance/464cecec-9f4b-f011-a373-0050568a2d1a,2025-06-26T00:00:00+00:00,Issued,2025-06-26T00:00:00,W0211,8851c993-adac-4688-93b4-13c9820afc14,https://data.epa.ie/leap/api/v1/NonCompliance/byid?nc_id=464cecec-9f4b-f011-a373-0050568a2d1a
ERAS ECO Ltd - W0211,Non Compliance,,https://leap.epa.ie/licence-profile/W0211/compliance/non-compliance/4dd06f2f-9f4b-f011-a373-0050568a2d1a,2025-06-26T00:00:00+00:00,Issued,2025-06-26T00:00:00,W0211,8851c993-adac-4688-93b4-13c9820afc14,https://data.epa.ie/leap/api/v1/NonCompliance/byid?nc_id=4dd06f2f-9f4b-f011-a373-0050568a2d1a
Portumna Pastry Limited - P0816,Non Compliance,,https://leap.epa.ie/licence-profile/P0816/compliance/non-compliance/5255fe8a-3f50-f011-a373-0050568a2d1a,2025-06-26T00:00:00+00:00,Issued,2025-06-26T00:00:00,P0816,8eef72b4-227d-4e72-b0af-37e8f03d898e,https://data.epa.ie/leap/api/v1/NonCompliance/byid?nc_id=5255fe8a-3f50-f011-a373-0050568a2d1a
Clean (Irl) Refuse & Recycling Co. Unlimited Company - W0253,Non Compliance,,https://leap.epa.ie/licence-profile/W0253/compliance/non-compliance/6ac22313-7552-f011-a373-0050568a2d1a,2025-06-26T00:00:00+00:00,Issued,2025-06-26T00:00:00,W0253,5d15f26d-b67b-4ea1-b1b6-77ba80c43b0b,https://data.epa.ie/leap/api/v1/NonCompliance/byid?nc_id=6ac22313-7552-f011-a373-0050568a2d1a
Portumna Pastry Limited - P0816,Non Compliance,,https://leap.epa.ie/licence-profile/P0816/compliance/non-compliance/7114f942-3d50-f011-a373-0050568a2d1a,2025-06-26T00:00:00+00:00,Issued,2025-06-26T00:00:00,P0816,8eef72b4-227d-4e72-b0af-37e8f03d898e,https://data.epa.ie/leap/api/v1/NonCompliance/byid?nc_id=7114f942-3d50-f011-a373-0050568a2d1a
Clean (Irl) Refuse & Recycling Co. Unlimited Company - W0253,Non Compliance,,https://leap.epa.ie/licence-profile/W0253/compliance/non-compliance/747f4e36-7352-f011-a373-0050568a2d1a,2025-06-26T00:00:00+00:00,Issued,2025-06-26T00:00:00,W0253,5d15f26d-b67b-4ea1-b1b6-77ba80c43b0b,https://data.epa.ie/leap/api/v1/NonCompliance/byid?nc_id=747f4e36-7352-f011-a373-0050568a2d1a
ERAS ECO Ltd - W0211,Non Compliance,,https://leap.epa.ie/licence-profile/W0211/compliance/non-compliance/7994c7a1-9f4b-f011-a373-0050568a2d1a,2025-06-26T00:00:00+00:00,Issued,2025-06-26T00:00:00,W0211,8851c993-adac-4688-93b4-13c9820afc14,https://data.epa.ie/leap/api/v1/NonCompliance/byid?nc_id=7994c7a1-9f4b-f011-a373-0050568a2d1a
ERAS ECO Ltd - W0211,Non Compliance,,https://leap.epa.ie/licence-profile/W0211/compliance/non-compliance/7e7c578f-974b-f011-a373-0050568a2d1a,2025-06-26T00:00:00+00:00,Issued,2025-06-26T00:00:00,W0211,8851c993-adac-4688-93b4-13c9820afc14,https://data.epa.ie/leap/api/v1/NonCompliance/byid?nc_id=7e7c578f-974b-f011-a373-0050568a2d1a
ERAS ECO Ltd - W0211,Non Compliance,,https://leap.epa.ie/licence-profile/W0211/compliance/non-compliance/8dec6191-9c4b-f011-a373-0050568a2d1a,2025-06-26T00:00:00+00:00,Issued,2025-06-26T00:00:00,W0211,8851c993-adac-4688-93b4-13c9820afc14,https://data.epa.ie/leap/api/v1/NonCompliance/byid?nc_id=8dec6191-9c4b-f011-a373-0050568a2d1a
Clean (Irl) Refuse & Recycling Co. Unlimited Company - W0253,Non Compliance,,https://leap.epa.ie/licence-profile/W0253/compliance/non-compliance/a765e455-7552-f011-a373-0050568a2d1a,2025-06-26T00:00:00+00:00,Issued,2025-06-26T00:00:00,W0253,5d15f26d-b67b-4ea1-b1b6-77ba80c43b0b,https://data.epa.ie/leap/api/v1/NonCompliance/byid?nc_id=a765e455-7552-f011-a373-0050568a2d1a
Clean (Irl) Refuse & Recycling Co. Unlimited Company - W0253,Non Compliance,,https://leap.epa.ie/licence-profile/W0253/compliance/non-compliance/b816fd7b-7252-f011-a373-0050568a2d1a,2025-06-26T00:00:00+00:00,Issued,2025-06-26T00:00:00,W0253,5d15f26d-b67b-4ea1-b1b6-77ba80c43b0b,https://data.epa.ie/leap/api/v1/NonCompliance/byid?nc_id=b816fd7b-7252-f011-a373-0050568a2d1a
Clean (Irl) Refuse & Recycling Co. Unlimited Company - W0253,Non Compliance,,https://leap.epa.ie/licence-profile/W0253/compliance/non-compliance/c219c68e-7452-f011-a373-0050568a2d1a,2025-06-26T00:00:00+00:00,Issued,2025-06-26T00:00:00,W0253,5d15f26d-b67b-4ea1-b1b6-77ba80c43b0b,https://data.epa.ie/leap/api/v1/NonCompliance/byid?nc_id=c219c68e-7452-f011-a373-0050568a2d1a
Ormonde Organics Limited (Portlaw) - W0287,Non Compliance,,https://leap.epa.ie/licence-profile/W0287/compliance/non-compliance/db208335-3b3d-f011-a373-0050568a2d1a,2025-06-26T00:00:00+00:00,Issued,2025-06-26T00:00:00,W0287,6ad3c482-80ad-e611-8d41-0050568a69e2,https://data.epa.ie/leap/api/v1/NonCompliance/byid?nc_id=db208335-3b3d-f011-a373-0050568a2d1a
Clean (Irl) Refuse & Recycling Co. Unlimited Company - W0253,Non Compliance,,https://leap.epa.ie/licence-profile/W0253/compliance/non-compliance/e6d5f678-2850-f011-a373-0050568a2d1a,2025-06-26T00:00:00+00:00,Issued,2025-06-26T00:00:00,W0253,5d15f26d-b67b-4ea1-b1b6-77ba80c43b0b,https://data.epa.ie/leap/api/v1/NonCompliance/byid?nc_id=e6d5f678-2850-f011-a373-0050568a2d1a
Farragh Proteins Unlimited Company - P0025,Site Visit,,https://leap.epa.ie/licence-profile/P0025/compliance/sitevisit/0905f54d-4141-f011-a373-0050568a2d1a,2025-06-26T00:00:00+00:00,Closed,2025-05-28T00:00:00,P0025,627a9c60-9653-43db-9367-27ea78c4c149,https://data.epa.ie/leap/api/v1/SiteVisit/byid?sv_id=0905f54d-4141-f011-a373-0050568a2d1a
Drogheda Landfill - Drogheda Borough Council - W0033,Site Visit,,https://leap.epa.ie/licence-profile/W0033/compliance/sitevisit/1304f3ba-dcbd-ef11-a324-0050568a66b2,2025-06-26T00:00:00+00:00,Closed,2025-05-27T00:00:00,W0033,6bc1e2c2-4171-4b38-b9e5-fb044362ec89,https://data.epa.ie/leap/api/v1/SiteVisit/byid?sv_id=1304f3ba-dcbd-ef11-a324-0050568a66b2
Vermilion Exploration and Production Ireland Limited - P0738,Site Visit,,https://leap.epa.ie/licence-profile/P0738/compliance/sitevisit/2103f3ba-dcbd-ef11-a324-0050568a66b2,2025-06-26T00:00:00+00:00,Closed,2025-05-13T00:00:00,P0738,aa3749e0-2af5-4c42-b314-e161593785e9,https://data.epa.ie/leap/api/v1/SiteVisit/byid?sv_id=2103f3ba-dcbd-ef11-a324-0050568a66b2
Starrus Eco Holdings Limited (Fassaroe) - W0053,Site Visit,,https://leap.epa.ie/licence-profile/W0053/compliance/sitevisit/2b04f3ba-dcbd-ef11-a324-0050568a66b2,2025-06-26T00:00:00+00:00,Closed,2025-03-31T00:00:00,W0053,63f9513e-c55e-49ef-bf41-76721b9b43ef,https://data.epa.ie/leap/api/v1/SiteVisit/byid?sv_id=2b04f3ba-dcbd-ef11-a324-0050568a66b2
ERAS ECO Ltd - W0211,Site Visit,,https://leap.epa.ie/licence-profile/W0211/compliance/sitevisit/3a639925-a6d1-ef11-a325-0050568a66b2,2025-06-26T00:00:00+00:00,Closed,2025-05-21T00:00:00,W0211,8851c993-adac-4688-93b4-13c9820afc14,https://data.epa.ie/leap/api/v1/SiteVisit/byid?sv_id=3a639925-a6d1-ef11-a325-0050568a66b2
Lakeland Agri Limited - P1020,Site Visit,,https://leap.epa.ie/licence-profile/P1020/compliance/sitevisit/44a57276-b342-f011-a373-0050568a2d1a,2025-06-26T00:00:00+00:00,Closed,2025-06-05T00:00:00,P1020,ae1911dd-db54-e611-9a04-0050568a69e2,https://data.epa.ie/leap/api/v1/SiteVisit/byid?sv_id=44a57276-b342-f011-a373-0050568a2d1a
Clean (Irl) Refuse & Recycling Co. Unlimited Company - W0253,Site Visit,,https://leap.epa.ie/licence-profile/W0253/compliance/sitevisit/457a8a31-a6d1-ef11-a325-0050568a66b2,2025-06-26T00:00:00+00:00,Closed,2025-05-27T00:00:00,W0253,5d15f26d-b67b-4ea1-b1b6-77ba80c43b0b,https://data.epa.ie/leap/api/v1/SiteVisit/byid?sv_id=457a8a31-a6d1-ef11-a325-0050568a66b2
Bord Na Móna Recycling Limited - W0104,Site Visit,,https://leap.epa.ie/licence-profile/W0104/compliance/sitevisit/5504f3ba-dcbd-ef11-a324-0050568a66b2,2025-06-26T00:00:00+00:00,Closed,2025-04-29T00:00:00,W0104,9edd1e60-f193-4c3a-89a5-bea69f6fc380,https://data.epa.ie/leap/api/v1/SiteVisit/byid?sv_id=5504f3ba-dcbd-ef11-a324-0050568a66b2
Bruscar Bhearna Teoranta (Carrowbrowne) - W0106,Site Visit,,https://leap.epa.ie/licence-profile/W0106/compliance/sitevisit/5704f3ba-dcbd-ef11-a324-0050568a66b2,2025-06-26T00:00:00+00:00,Closed,2025-06-12T00:00:00,W0106,e160ef1e-7fb5-4500-9a23-e6b09e887e77,https://data.epa.ie/leap/api/v1/SiteVisit/byid?sv_id=5704f3ba-dcbd-ef11-a324-0050568a66b2
Aurivo Dairy Ingredients Limited - P0802,Site Visit,,https://leap.epa.ie/licence-profile/P0802/compliance/sitevisit/74ac25cd-2a2f-f011-a373-0050568a2d1a,2025-06-26T00:00:00+00:00,Closed,2025-05-12T00:00:00,P0802,61015510-114f-4e15-be24-1b39ab3f2899,https://data.epa.ie/leap/api/v1/SiteVisit/byid?sv_id=74ac25cd-2a2f-f011-a373-0050568a2d1a
Limerick Gasworks - W0281,Site Visit,,https://leap.epa.ie/licence-profile/W0281/compliance/sitevisit/7ed709cc-d551-f011-a373-0050568a2d1a,2025-06-26T00:00:00+00:00,Closed,2025-06-24T00:00:00,W0281,5f803ada-cc94-e411-b3b4-0050568a69e2,https://data.epa.ie/leap/api/v1/SiteVisit/byid?sv_id=7ed709cc-d551-f011-a373-0050568a2d1a
Portumna Pastry Limited - P0816,Site Visit,,https://leap.epa.ie/licence-profile/P0816/compliance/sitevisit/88ec8937-a6d1-ef11-a325-0050568a66b2,2025-06-26T00:00:00+00:00,Closed,2025-05-27T00:00:00,P0816,8eef72b4-227d-4e72-b0af-37e8f03d898e,https://data.epa.ie/leap/api/v1/SiteVisit/byid?sv_id=88ec8937-a6d1-ef11-a325-0050568a66b2
Drehid Waste Management Facility - W0201,Site Visit,,https://leap.epa.ie/licence-profile/W0201/compliance/sitevisit/a104f3ba-dcbd-ef11-a324-0050568a66b2,2025-06-26T00:00:00+00:00,Closed,2025-05-20T00:00:00,W0201,cc39b8c1-819f-4b39-ad05-22361694bb41,https://data.epa.ie/leap/api/v1/SiteVisit/byid?sv_id=a104f3ba-dcbd-ef11-a324-0050568a66b2
Dairygold Co-Operative Society Limited (Mallow) - P0403,Site Visit,,https://leap.epa.ie/licence-profile/P0403/compliance/sitevisit/a502f3ba-dcbd-ef11-a324-0050568a66b2,2025-06-26T00:00:00+00:00,Closed,2025-05-29T00:00:00,P0403,5fcb6ee2-5118-483c-a0a6-d2ae67d117e9,https://data.epa.ie/leap/api/v1/SiteVisit/byid?sv_id=a502f3ba-dcbd-ef11-a324-0050568a66b2
Waterford Joinery - P0350,Site Visit,,https://leap.epa.ie/licence-profile/P0350/compliance/sitevisit/b7ca9ef2-cd51-f011-a373-0050568a2d1a,2025-06-26T00:00:00+00:00,Closed,2025-06-25T00:00:00,P0350,e7bac78c-fbf5-4c7a-97a0-3c089ac9b29f,https://data.epa.ie/leap/api/v1/SiteVisit/byid?sv_id=b7ca9ef2-cd51-f011-a373-0050568a2d1a
Heineken Ireland Limited - P0445,Site Visit,,https://leap.epa.ie/licence-profile/P0445/compliance/sitevisit/bb02f3ba-dcbd-ef11-a324-0050568a66b2,2025-06-26T00:00:00+00:00,Closed,2025-04-15T00:00:00,P0445,c52556b1-fa4b-4ba9-83bd-bdbf6e2ffa5c,https://data.epa.ie/leap/api/v1/SiteVisit/byid?sv_id=bb02f3ba-dcbd-ef11-a324-0050568a66b2
Clean (Irl) Refuse & Recycling Co. Unlimited Company - W0253,Site Visit,,https://leap.epa.ie/licence-profile/W0253/compliance/sitevisit/c304f3ba-dcbd-ef11-a324-0050568a66b2,2025-06-26T00:00:00+00:00,Closed,2025-06-03T00:00:00,W0253,5d15f26d-b67b-4ea1-b1b6-77ba80c43b0b,https://data.epa.ie/leap/api/v1/SiteVisit/byid?sv_id=c304f3ba-dcbd-ef11-a324-0050568a66b2
ERAS ECO Ltd - W0211,Site Visit,,https://leap.epa.ie/licence-profile/W0211/compliance/sitevisit/cbca9b9b-c646-f011-a373-0050568a2d1a,2025-06-26T00:00:00+00:00,Closed,2025-05-27T00:00:00,W0211,8851c993-adac-4688-93b4-13c9820afc14,https://data.epa.ie/leap/api/v1/SiteVisit/byid?sv_id=cbca9b9b-c646-f011-a373-0050568a2d1a
Dairygold Agri Business Limited - P1052,Site Visit,,https://leap.epa.ie/licence-profile/P1052/compliance/sitevisit/d303f3ba-dcbd-ef11-a324-0050568a66b2,2025-06-26T00:00:00+00:00,Closed,2025-05-29T00:00:00,P1052,cb27580f-5fd8-e811-a2db-0050568a66b2,https://data.epa.ie/leap/api/v1/SiteVisit/byid?sv_id=d303f3ba-dcbd-ef11-a324-0050568a66b2
Smyths Daleside Limited - P1040,Site Visit,,https://leap.epa.ie/licence-profile/P1040/compliance/sitevisit/e09c524d-874a-f011-a373-0050568a2d1a,2025-06-26T00:00:00+00:00,Closed,2025-06-12T00:00:00,P1040,c127580f-5fd8-e811-a2db-0050568a66b2,https://data.epa.ie/leap/api/v1/SiteVisit/byid?sv_id=e09c524d-874a-f011-a373-0050568a2d1a
ITW Ireland Unlimited Company - P0072,Site Visit,,https://leap.epa.ie/licence-profile/P0072/compliance/sitevisit/e101f3ba-dcbd-ef11-a324-0050568a66b2,2025-06-26T00:00:00+00:00,Closed,2025-05-28T00:00:00,P0072,ea570b93-47be-4e20-bd5f-3dbc4673bcc3,https://data.epa.ie/leap/api/v1/SiteVisit/byid?sv_id=e101f3ba-dcbd-ef11-a324-0050568a66b2
Ormonde Organics Limited (Portlaw) - W0287,Site Visit,,https://leap.epa.ie/licence-profile/W0287/compliance/sitevisit/e704f3ba-dcbd-ef11-a324-0050568a66b2,2025-06-26T00:00:00+00:00,Closed,2025-05-13T00:00:00,W0287,6ad3c482-80ad-e611-8d41-0050568a69e2,https://data.epa.ie/leap/api/v1/SiteVisit/byid?sv_id=e704f3ba-dcbd-ef11-a324-0050568a66b2
E&I Engineering Limited - P1116,Site Visit,,https://leap.epa.ie/licence-profile/P1116/compliance/sitevisit/ed03f3ba-dcbd-ef11-a324-0050568a66b2,2025-06-26T00:00:00+00:00,Closed,2025-05-01T00:00:00,P1116,94447f00-06a6-4212-9998-67c132db8ff5,https://data.epa.ie/leap/api/v1/SiteVisit/byid?sv_id=ed03f3ba-dcbd-ef11-a324-0050568a66b2
Arthurstown Landfill - W0004,Site Visit,,https://leap.epa.ie/licence-profile/W0004/compliance/sitevisit/ff03f3ba-dcbd-ef11-a324-0050568a66b2,2025-06-26T00:00:00+00:00,Closed,2025-05-13T00:00:00,W0004,290726e2-768f-4dee-a99b-75696d74e521,https://data.epa.ie/leap/api/v1/SiteVisit/byid?sv_id=ff03f3ba-dcbd-ef11-a324-0050568a66b2
Killarney - D0037,Complaint,Odours from Killarney WWTP.,https://leap.epa.ie/licence-profile/D0037/compliance/complaint/176c2ca0-6752-f011-a373-0050568a2d1a,2025-06-25T00:00:00+00:00,Open,2025-06-25T00:00:00,D0037,719e9679-ae59-4ae1-8f3f-9e339f931f3c,https://data.epa.ie/leap/api/v1/Complaint/byid?complaint_id=176c2ca0-6752-f011-a373-0050568a2d1a
Radley Engineering Limited - P0314,Complaint,"P0314-01, 19/06/2025, Noise",https://leap.epa.ie/licence-profile/P0314/compliance/complaint/4c0023a6-124d-f011-a373-0050568a2d1a,2025-06-25T00:00:00+00:00,Closed,2025-06-19T00:00:00,P0314,8f6e40db-e2d5-49ff-a312-0c3378faab52,https://data.epa.ie/leap/api/v1/Complaint/byid?complaint_id=4c0023a6-124d-f011-a373-0050568a2d1a
Carrigtwohill and Environs - D0044,Complaint,Odour Carrigtwohill,https://leap.epa.ie/licence-profile/D0044/compliance/complaint/56e2633e-bd51-f011-a373-0050568a2d1a,2025-06-25T00:00:00+00:00,Open,2025-06-25T00:00:00,D0044,f30c9103-ac93-4c9b-a488-c0f3d05fa465,https://data.epa.ie/leap/api/v1/Complaint/byid?complaint_id=56e2633e-bd51-f011-a373-0050568a2d1a
North Cork Co-Op Creameries Limited - P1051,Complaint,"P1051-01, 23/06/2025, Discharge to River",https://leap.epa.ie/licence-profile/P1051/compliance/complaint/7aa9446d-5f5e-f011-a373-0050568a2d1a,2025-06-25T00:00:00+00:00,Open,2025-06-25T00:00:00,P1051,c927580f-5fd8-e811-a2db-0050568a66b2,https://data.epa.ie/leap/api/v1/Complaint/byid?complaint_id=7aa9446d-5f5e-f011-a373-0050568a2d1a
Staunton Foods Limited - P0947,Complaint,"P0947-02, 26/05/2025, Noise",https://leap.epa.ie/licence-profile/P0947/compliance/complaint/bcccae56-873a-f011-a373-0050568a2d1a,2025-06-25T00:00:00+00:00,Closed,2025-05-27T00:00:00,P0947,479f42a6-4d72-e511-a5db-0050568a69e2,https://data.epa.ie/leap/api/v1/Complaint/byid?complaint_id=bcccae56-873a-f011-a373-0050568a2d1a
Staunton Foods Limited - P0947,Complaint,"P0947-02, 28/05/2025, Noise",https://leap.epa.ie/licence-profile/P0947/compliance/complaint/dba1d16e-a73b-f011-a373-0050568a2d1a,2025-06-25T00:00:00+00:00,Closed,2025-05-28T00:00:00,P0947,479f42a6-4d72-e511-a5db-0050568a69e2,https://data.epa.ie/leap/api/v1/Complaint/byid?complaint_id=dba1d16e-a73b-f011-a373-0050568a2d1a
Slaney Foods International Unlimited Company - P0047,Incident,Trigger Level Reached,https://leap.epa.ie/licence-profile/P0047/compliance/incident/0f11960c-d751-f011-a373-0050568a2d1a,2025-06-25T00:00:00+00:00,Open,2025-06-25T00:00:00,P0047,4035f7d3-b2af-46e5-8013-575501921a7d,https://data.epa.ie/leap/api/v1/Incident/byid?incident_id=0f11960c-d751-f011-a373-0050568a2d1a
Dublin Aerospace Limited - P1121,Incident,Spillage,https://leap.epa.ie/licence-profile/P1121/compliance/incident/84a69ee9-d251-f011-a373-0050568a2d1a,2025-06-25T00:00:00+00:00,Open,2025-06-25T00:00:00,P1121,898fd0d9-de0b-41e7-a972-99a0c3fd79a3,https://data.epa.ie/leap/api/v1/Incident/byid?incident_id=84a69ee9-d251-f011-a373-0050568a2d1a
Carney - A0545,Incident,Abatement equipment off-line,https://leap.epa.ie/licence-profile/A0545/compliance/incident/a49e21f2-b251-f011-a373-0050568a2d1a,2025-06-25T00:00:00+00:00,Open,2025-06-25T00:00:00,A0545,6f625484-a0a8-e511-987f-0050568a69e2,https://data.epa.ie/leap/api/v1/Incident/byid?incident_id=a49e21f2-b251-f011-a373-0050568a2d1a
Leitrim Village - D0278,Incident,Abatement equipment off-line,https://leap.epa.ie/licence-profile/D0278/compliance/incident/ae4cbd87-e637-f011-a373-0050568a2d1a,2025-06-25T00:00:00+00:00,Closed,2025-05-23T00:00:00,D0278,42e6c987-6b00-4e61-95d9-1f8c9f61d404,https://data.epa.ie/leap/api/v1/Incident/byid?incident_id=ae4cbd87-e637-f011-a373-0050568a2d1a
Amazon Data Services Ireland Limited - P1170,Incident,Uncontrolled Release,https://leap.epa.ie/licence-profile/P1170/compliance/incident/baa42a71-e151-f011-a373-0050568a2d1a,2025-06-25T00:00:00+00:00,Open,2025-06-25T00:00:00,P1170,f43ba22b-ecc9-4379-9c1a-16bfec4a73bf,https://data.epa.ie/leap/api/v1/Incident/byid?incident_id=baa42a71-e151-f011-a373-0050568a2d1a
Mallinckrodt Pharmaceuticals Ireland Limited - P1060,Incident,Monitoring Equipment Issues,https://leap.epa.ie/licence-profile/P1060/compliance/incident/be3a3423-274d-f011-a373-0050568a2d1a,2025-06-25T00:00:00+00:00,Closed,2025-06-19T00:00:00,P1060,f0906e87-d97a-e811-a2d5-0050568a66b2,https://data.epa.ie/leap/api/v1/Incident/byid?incident_id=be3a3423-274d-f011-a373-0050568a2d1a
Clarochem Ireland Limited - P0125,Incident,Breach of ELV,https://leap.epa.ie/licence-profile/P0125/compliance/incident/beb0e921-4e50-f011-a373-0050568a2d1a,2025-06-25T00:00:00+00:00,Closed,2025-06-23T00:00:00,P0125,582c502f-08c7-4351-8a3e-f35bf25777c1,https://data.epa.ie/leap/api/v1/Incident/byid?incident_id=beb0e921-4e50-f011-a373-0050568a2d1a
Arran Chemical Company Limited - P0110,Incident,Breach of ELV,https://leap.epa.ie/licence-profile/P0110/compliance/incident/df7b7720-5540-f011-a373-0050568a2d1a,2025-06-25T00:00:00+00:00,Closed,2025-06-03T00:00:00,P0110,77e11786-8292-4f95-8724-32e3e816d005,https://data.epa.ie/leap/api/v1/Incident/byid?incident_id=df7b7720-5540-f011-a373-0050568a2d1a
Ballaghveny Landfill - W0078,Incident,Monitoring Equipment Issues,https://leap.epa.ie/licence-profile/W0078/compliance/incident/e3dc4673-ec4d-f011-a373-0050568a2d1a,2025-06-25T00:00:00+00:00,Closed,2025-06-20T00:00:00,W0078,5979b920-a267-4a80-9f3e-e63c4e930d60,https://data.epa.ie/leap/api/v1/Incident/byid?incident_id=e3dc4673-ec4d-f011-a373-0050568a2d1a
Ballinamore - D0281,Incident,Breach of ELV,https://leap.epa.ie/licence-profile/D0281/compliance/incident/ef945c79-b451-f011-a373-0050568a2d1a,2025-06-25T00:00:00+00:00,Open,2025-06-25T00:00:00,D0281,22473602-537d-45cf-b696-2746420e31ac,https://data.epa.ie/leap/api/v1/Incident/byid?incident_id=ef945c79-b451-f011-a373-0050568a2d1a
Guerbet Ireland Unlimited Company - P0050,Site Updates/Notifications,Interim Site Director Guerbet,https://leap.epa.ie/licence-profile/P0050/compliance/return/0940729c-cc51-f011-a373-0050568a2d1a,2025-06-25T00:00:00+00:00,Closed,2025-06-25T00:00:00,P0050,ef9f7457-a43a-4fd3-bbdc-12082f22b1dc,https://data.epa.ie/leap/api/v1/LicenseeReturns/byid?lr_id=0940729c-cc51-f011-a373-0050568a2d1a
KMK Metals Recycling Limited - P1076,Monitoring Returns,Q2 Surface Water Report 2025,https://leap.epa.ie/licence-profile/P1076/compliance/return/0d2db08f-0850-f011-a373-0050568a2d1a,2025-06-25T00:00:00+00:00,Closed,2025-06-23T00:00:00,P1076,4f96e519-9176-4caf-8dc8-67f93ae4a83a,https://data.epa.ie/leap/api/v1/LicenseeReturns/byid?lr_id=0d2db08f-0850-f011-a373-0050568a2d1a
Mannok Cement Limited - P0378,Requests for Approval and Site Reports,Kiln SRF Test Programme Monthly Report 2,https://leap.epa.ie/licence-profile/P0378/compliance/return/0fa4f942-c651-f011-a373-0050568a2d1a,2025-06-25T00:00:00+00:00,Open,2025-06-25T00:00:00,P0378,378af8f1-f920-4793-8c2b-269b8f1da13a,https://data.epa.ie/leap/api/v1/LicenseeReturns/byid?lr_id=0fa4f942-c651-f011-a373-0050568a2d1a
N&C Enterprises Limited - W0292,Monitoring Returns,Procedure for less than 2000 tonnes,https://leap.epa.ie/licence-profile/W0292/compliance/return/20555342-244d-f011-a373-0050568a2d1a,2025-06-25T00:00:00+00:00,Closed,2025-06-19T00:00:00,W0292,54f8da29-b073-e711-bce9-0050568a69e2,https://data.epa.ie/leap/api/v1/LicenseeReturns/byid?lr_id=20555342-244d-f011-a373-0050568a2d1a
Huntstown Bioenergy Unlimited Company - P0993,Site Updates/Notifications,Response to Observations (Site Visit SV31829) - Continuous CO Monitoring at CHP Units,https://leap.epa.ie/licence-profile/P0993/compliance/return/35df5345-d651-f011-a373-0050568a2d1a,2025-06-25T00:00:00+00:00,Open,2025-06-25T00:00:00,P0993,3c30d42b-0fe8-e411-b3b4-0050568a69e2,https://data.epa.ie/leap/api/v1/LicenseeReturns/byid?lr_id=35df5345-d651-f011-a373-0050568a2d1a
Starrus Eco Holdings Limited (Fassaroe) - W0053,Monitoring Returns,Q4 2024 Dust Monitoring Report,https://leap.epa.ie/licence-profile/W0053/compliance/return/3708ffef-a246-f011-a373-0050568a2d1a,2025-06-25T00:00:00+00:00,Closed,2025-06-11T00:00:00,W0053,63f9513e-c55e-49ef-bf41-76721b9b43ef,https://data.epa.ie/leap/api/v1/LicenseeReturns/byid?lr_id=3708ffef-a246-f011-a373-0050568a2d1a
Breedon Cement Ireland Limited - P0487,Site Updates/Notifications,Request for time extension,https://leap.epa.ie/licence-profile/P0487/compliance/return/3828747d-d750-f011-a373-0050568a2d1a,2025-06-25T00:00:00+00:00,Closed,2025-06-24T00:00:00,P0487,dc8a6607-72a5-4772-b0f4-4374830d59f7,https://data.epa.ie/leap/api/v1/LicenseeReturns/byid?lr_id=3828747d-d750-f011-a373-0050568a2d1a
Huntstown Bioenergy Unlimited Company - P0993,Site Updates/Notifications,Response to Observations (Site Visit SV31829) - Biofilter Fan Motor Operation,https://leap.epa.ie/licence-profile/P0993/compliance/return/40827ce0-d651-f011-a373-0050568a2d1a,2025-06-25T00:00:00+00:00,Open,2025-06-25T00:00:00,P0993,3c30d42b-0fe8-e411-b3b4-0050568a69e2,https://data.epa.ie/leap/api/v1/LicenseeReturns/byid?lr_id=40827ce0-d651-f011-a373-0050568a2d1a
Abbott Ireland (Cootehill) - P0687,Site Updates/Notifications,Summer shut down period 2025,https://leap.epa.ie/licence-profile/P0687/compliance/return/46911e66-0151-f011-a373-0050568a2d1a,2025-06-25T00:00:00+00:00,Closed,2025-06-24T00:00:00,P0687,85ea537d-8839-437b-ac08-e924b4850a0d,https://data.epa.ie/leap/api/v1/LicenseeReturns/byid?lr_id=46911e66-0151-f011-a373-0050568a2d1a
Rampere Landfill - W0066,Monitoring Returns,Q1 2024 Noise Monitoring Report,https://leap.epa.ie/licence-profile/W0066/compliance/return/58e45da9-2cc9-ef11-a36e-0050568a2d1a,2025-06-25T00:00:00+00:00,Closed,2025-01-02T00:00:00,W0066,ce558a21-cef0-4883-b109-27eb4b326e32,https://data.epa.ie/leap/api/v1/LicenseeReturns/byid?lr_id=58e45da9-2cc9-ef11-a36e-0050568a2d1a
Cook Ireland Ltd - P0973,Site Updates/Notifications,SV31555 - update,https://leap.epa.ie/licence-profile/P0973/compliance/return/6e367175-a351-f011-a373-0050568a2d1a,2025-06-25T00:00:00+00:00,Closed,2025-06-25T00:00:00,P0973,30bb652e-11fa-e411-a5db-0050568a69e2,https://data.epa.ie/leap/api/v1/LicenseeReturns/byid?lr_id=6e367175-a351-f011-a373-0050568a2d1a
Fenit Harbour - S0007,Site Updates/Notifications,Post Dredge Survey,https://leap.epa.ie/licence-profile/S0007/compliance/return/72922a53-693c-f011-a373-0050568a2d1a,2025-06-25T00:00:00+00:00,Closed,2025-05-29T00:00:00,S0007,c9e61a83-98a6-e611-8d41-0050568a69e2,https://data.epa.ie/leap/api/v1/LicenseeReturns/byid?lr_id=72922a53-693c-f011-a373-0050568a2d1a
Wellman International Limited - P0236,Site Updates/Notifications,EPR Site Update (Heavy Metals),https://leap.epa.ie/licence-profile/P0236/compliance/return/7482039d-3750-f011-a373-0050568a2d1a,2025-06-25T00:00:00+00:00,Closed,2025-06-23T00:00:00,P0236,10f49a20-e2de-47ab-bbdc-2992e54e413f,https://data.epa.ie/leap/api/v1/LicenseeReturns/byid?lr_id=7482039d-3750-f011-a373-0050568a2d1a
Fenit Harbour - S0007,Monitoring Returns,Post Dredge Survey,https://leap.epa.ie/licence-profile/S0007/compliance/return/81a00927-2950-f011-a373-0050568a2d1a,2025-06-25T00:00:00+00:00,Closed,2025-06-23T00:00:00,S0007,c9e61a83-98a6-e611-8d41-0050568a69e2,https://data.epa.ie/leap/api/v1/LicenseeReturns/byid?lr_id=81a00927-2950-f011-a373-0050568a2d1a
Arran Chemical Company Limited - P0110,Site Updates/Notifications,EPA935 Site Visit Response on Corrective actions,https://leap.epa.ie/licence-profile/P0110/compliance/return/8afb8eb1-c151-f011-a373-0050568a2d1a,2025-06-25T00:00:00+00:00,Open,2025-06-25T00:00:00,P0110,77e11786-8292-4f95-8724-32e3e816d005,https://data.epa.ie/leap/api/v1/LicenseeReturns/byid?lr_id=8afb8eb1-c151-f011-a373-0050568a2d1a
Cooley Distillery Unlimited Company - P0826,Requests for Approval and Site Reports,Noise Management Plan 2025,https://leap.epa.ie/licence-profile/P0826/compliance/return/9ae44321-ca4d-f011-a373-0050568a2d1a,2025-06-25T00:00:00+00:00,Closed,2025-06-20T00:00:00,P0826,ca79fb7f-7622-4e1f-b0da-9e31a449671a,https://data.epa.ie/leap/api/v1/LicenseeReturns/byid?lr_id=9ae44321-ca4d-f011-a373-0050568a2d1a
N&C Enterprises Limited - W0292,Monitoring Returns,Procedure for less than 2000 tonnes,https://leap.epa.ie/licence-profile/W0292/compliance/return/a7e56b8f-5e40-f011-a373-0050568a2d1a,2025-06-25T00:00:00+00:00,Closed,2025-06-03T00:00:00,W0292,54f8da29-b073-e711-bce9-0050568a69e2,https://data.epa.ie/leap/api/v1/LicenseeReturns/byid?lr_id=a7e56b8f-5e40-f011-a373-0050568a2d1a
Kyte Powertech Limited - P0106,Monitoring Returns,Q4 Emissions to Sewer Oct to Dec 2024,https://leap.epa.ie/licence-profile/P0106/compliance/return/a9668444-ecdf-ef11-a372-0050568a2d1a,2025-06-25T00:00:00+00:00,Closed,2025-01-31T00:00:00,P0106,e9690cd4-633d-4986-8ed1-6ca49b49ae0d,https://data.epa.ie/leap/api/v1/LicenseeReturns/byid?lr_id=a9668444-ecdf-ef11-a372-0050568a2d1a
Mallinckrodt Pharmaceuticals Ireland Limited - P1060,Site Updates/Notifications,Stormwater System Periodic Testing,https://leap.epa.ie/licence-profile/P1060/compliance/return/bb499811-b351-f011-a373-0050568a2d1a,2025-06-25T00:00:00+00:00,Closed,2025-06-25T00:00:00,P1060,f0906e87-d97a-e811-a2d5-0050568a66b2,https://data.epa.ie/leap/api/v1/LicenseeReturns/byid?lr_id=bb499811-b351-f011-a373-0050568a2d1a
Port of Waterford. - S0012,Site Updates/Notifications,Q3 Ploughing commencement notice,https://leap.epa.ie/licence-profile/S0012/compliance/return/caf45ba4-c551-f011-a373-0050568a2d1a,2025-06-25T00:00:00+00:00,Closed,2025-06-25T00:00:00,S0012,d3e61a83-98a6-e611-8d41-0050568a69e2,https://data.epa.ie/leap/api/v1/LicenseeReturns/byid?lr_id=caf45ba4-c551-f011-a373-0050568a2d1a
Port of Waterford. - S0012,Site Updates/Notifications,Q3 ploughing commencement notice,https://leap.epa.ie/licence-profile/S0012/compliance/return/cf09d928-b851-f011-a373-0050568a2d1a,2025-06-25T00:00:00+00:00,Closed,2025-06-25T00:00:00,S0012,d3e61a83-98a6-e611-8d41-0050568a69e2,https://data.epa.ie/leap/api/v1/LicenseeReturns/byid?lr_id=cf09d928-b851-f011-a373-0050568a2d1a
Waste Recovery Services (Fermoy) Limited - W0107,Requests for Approval and Site Reports,Bund Test report (Bund ID No. 09),https://leap.epa.ie/licence-profile/W0107/compliance/return/d1fbc4a0-a54b-f011-a373-0050568a2d1a,2025-06-25T00:00:00+00:00,Closed,2025-06-17T00:00:00,W0107,88b52f89-872b-4046-a2ab-d219d6985f1e,https://data.epa.ie/leap/api/v1/LicenseeReturns/byid?lr_id=d1fbc4a0-a54b-f011-a373-0050568a2d1a
Rampere Landfill - W0066,Monitoring Returns,Q3 2024 Noise Monitoring Report - Rampere Landfill,https://leap.epa.ie/licence-profile/W0066/compliance/return/f6866a56-2dc9-ef11-a36e-0050568a2d1a,2025-06-25T00:00:00+00:00,Closed,2025-01-02T00:00:00,W0066,ce558a21-cef0-4883-b109-27eb4b326e32,https://data.epa.ie/leap/api/v1/LicenseeReturns/byid?lr_id=f6866a56-2dc9-ef11-a36e-0050568a2d1a
Boylan Print Limited - P0784,Monitoring Returns,Occupational Testing for Tetrachloroethylene,https://leap.epa.ie/licence-profile/P0784/compliance/return/f9608faa-f40e-f011-a373-0050568a2d1a,2025-06-25T00:00:00+00:00,Closed,2025-04-01T00:00:00,P0784,a63be021-1763-4c21-bc79-1e2698598da2,https://data.epa.ie/leap/api/v1/LicenseeReturns/byid?lr_id=f9608faa-f40e-f011-a373-0050568a2d1a
Breedon Cement Ireland Limited - P0487,EPA Initiated Correspondence,,https://leap.epa.ie/licence-profile/P0487/compliance/epa-correspondence/13f4c694-534c-f011-a373-0050568a2d1a,2025-06-25T00:00:00+00:00,Closed,2025-06-18T00:00:00,P0487,dc8a6607-72a5-4772-b0f4-4374830d59f7,https://data.epa.ie/leap/api/v1/MeetingCorrespondence/epainiciatedcorrespondencebyid?epainitiatedcorrespondence_id=13f4c694-534c-f011-a373-0050568a2d1a
Walshestown Restoration Limited - W0254,EPA Initiated Correspondence,,https://leap.epa.ie/licence-profile/W0254/compliance/epa-correspondence/34c67d62-c151-f011-a373-0050568a2d1a,2025-06-25T00:00:00+00:00,Open,2025-06-25T00:00:00,W0254,af4ef788-0ab5-4ca6-8f58-98bd88a78c59,https://data.epa.ie/leap/api/v1/MeetingCorrespondence/epainiciatedcorrespondencebyid?epainitiatedcorrespondence_id=34c67d62-c151-f011-a373-0050568a2d1a
Integrated Materials Solutions Limited Partnership - W0129,EPA Initiated Correspondence,,https://leap.epa.ie/licence-profile/W0129/compliance/epa-correspondence/cb467a40-c451-f011-a373-0050568a2d1a,2025-06-25T00:00:00+00:00,Open,2025-06-25T00:00:00,W0129,6883afaf-4bda-4b0d-b76d-1808ed2cf9e9,https://data.epa.ie/leap/api/v1/MeetingCorrespondence/epainiciatedcorrespondencebyid?epainitiatedcorrespondence_id=cb467a40-c451-f011-a373-0050568a2d1a
Drehid Waste Management Facility - W0201,EPA Initiated Correspondence,,https://leap.epa.ie/licence-profile/W0201/compliance/epa-correspondence/fef8e4be-c351-f011-a373-0050568a2d1a,2025-06-25T00:00:00+00:00,Open,2025-06-25T00:00:00,W0201,cc39b8c1-819f-4b39-ad05-22361694bb41,https://data.epa.ie/leap/api/v1/MeetingCorrespondence/epainiciatedcorrespondencebyid?epainitiatedcorrespondence_id=fef8e4be-c351-f011-a373-0050568a2d1a
Kyte Powertech Limited - P0106,Non Compliance,,https://leap.epa.ie/licence-profile/P0106/compliance/non-compliance/094b4492-3450-f011-a373-0050568a2d1a,2025-06-25T00:00:00+00:00,Issued,2025-06-25T00:00:00,P0106,e9690cd4-633d-4986-8ed1-6ca49b49ae0d,https://data.epa.ie/leap/api/v1/NonCompliance/byid?nc_id=094b4492-3450-f011-a373-0050568a2d1a
Kyte Powertech Limited - P0106,Non Compliance,,https://leap.epa.ie/licence-profile/P0106/compliance/non-compliance/35dbe421-3c50-f011-a373-0050568a2d1a,2025-06-25T00:00:00+00:00,Issued,2025-06-25T00:00:00,P0106,e9690cd4-633d-4986-8ed1-6ca49b49ae0d,https://data.epa.ie/leap/api/v1/NonCompliance/byid?nc_id=35dbe421-3c50-f011-a373-0050568a2d1a
Kiernan Structural Steel Limited - P0855,Non Compliance,,https://leap.epa.ie/licence-profile/P0855/compliance/non-compliance/3f5a018e-0751-f011-a373-0050568a2d1a,2025-06-25T00:00:00+00:00,Issued,2025-06-25T00:00:00,P0855,5366c821-c928-4d44-8c26-f4281cb22ce2,https://data.epa.ie/leap/api/v1/NonCompliance/byid?nc_id=3f5a018e-0751-f011-a373-0050568a2d1a
Kiernan Structural Steel Limited - P0855,Non Compliance,,https://leap.epa.ie/licence-profile/P0855/compliance/non-compliance/c37a1456-0651-f011-a373-0050568a2d1a,2025-06-25T00:00:00+00:00,Issued,2025-06-25T00:00:00,P0855,5366c821-c928-4d44-8c26-f4281cb22ce2,https://data.epa.ie/leap/api/v1/NonCompliance/byid?nc_id=c37a1456-0651-f011-a373-0050568a2d1a
Ashgrove Recycling - W0147,Non Compliance,,https://leap.epa.ie/licence-profile/W0147/compliance/non-compliance/c780fea2-2a4d-f011-a373-0050568a2d1a,2025-06-25T00:00:00+00:00,Issued,2025-06-25T00:00:00,W0147,cea8ece2-1a09-4083-b7d4-2db25f0e4b57,https://data.epa.ie/leap/api/v1/NonCompliance/byid?nc_id=c780fea2-2a4d-f011-a373-0050568a2d1a
Thermo Fisher Scientific Cork Limited - P0004,Site Visit,,https://leap.epa.ie/licence-profile/P0004/compliance/sitevisit/16471439-b6bb-ef11-a324-0050568a66b2,2025-06-25T00:00:00+00:00,Closed,2025-05-14T00:00:00,P0004,1a507022-d459-4a98-afb9-cc0587998ac1,https://data.epa.ie/leap/api/v1/SiteVisit/byid?sv_id=16471439-b6bb-ef11-a324-0050568a66b2
Ashgrove Recycling - W0147,Site Visit,,https://leap.epa.ie/licence-profile/W0147/compliance/sitevisit/4ec2a9e4-234d-f011-a373-0050568a2d1a,2025-06-25T00:00:00+00:00,Closed,2025-06-12T00:00:00,W0147,cea8ece2-1a09-4083-b7d4-2db25f0e4b57,https://data.epa.ie/leap/api/v1/SiteVisit/byid?sv_id=4ec2a9e4-234d-f011-a373-0050568a2d1a
Zoetis Belgium S.A. - P0638,Site Visit,,https://leap.epa.ie/licence-profile/P0638/compliance/sitevisit/92471439-b6bb-ef11-a324-0050568a66b2,2025-06-25T00:00:00+00:00,Closed,2025-05-07T00:00:00,P0638,189d7de6-f0b6-4a66-9948-0c5bd626a79b,https://data.epa.ie/leap/api/v1/SiteVisit/byid?sv_id=92471439-b6bb-ef11-a324-0050568a66b2
Gairdini - P0639,Site Visit,,https://leap.epa.ie/licence-profile/P0639/compliance/sitevisit/94471439-b6bb-ef11-a324-0050568a66b2,2025-06-25T00:00:00+00:00,Closed,2025-05-01T00:00:00,P0639,ad521268-f974-43a7-b12d-74ab4b779731,https://data.epa.ie/leap/api/v1/SiteVisit/byid?sv_id=94471439-b6bb-ef11-a324-0050568a66b2
Staunton Foods Limited - P0947,Site Visit,,https://leap.epa.ie/licence-profile/P0947/compliance/sitevisit/aa292986-2441-f011-a373-0050568a2d1a,2025-06-25T00:00:00+00:00,Closed,2025-05-23T00:00:00,P0947,479f42a6-4d72-e511-a5db-0050568a69e2,https://data.epa.ie/leap/api/v1/SiteVisit/byid?sv_id=aa292986-2441-f011-a373-0050568a2d1a
Kiernan Farms (Aughafad) - P0679,Site Visit,,https://leap.epa.ie/licence-profile/P0679/compliance/sitevisit/ac627e33-5f40-f011-a373-0050568a2d1a,2025-06-25T00:00:00+00:00,Closed,2025-05-27T00:00:00,P0679,3ca5c455-5af1-4e13-995f-0f3dde550b21,https://data.epa.ie/leap/api/v1/SiteVisit/byid?sv_id=ac627e33-5f40-f011-a373-0050568a2d1a
Kiernan Structural Steel Limited - P0855,Site Visit,,https://leap.epa.ie/licence-profile/P0855/compliance/sitevisit/d57abf5b-fa3a-f011-a373-0050568a2d1a,2025-06-25T00:00:00+00:00,Closed,2025-05-22T00:00:00,P0855,5366c821-c928-4d44-8c26-f4281cb22ce2,https://data.epa.ie/leap/api/v1/SiteVisit/byid?sv_id=d57abf5b-fa3a-f011-a373-0050568a2d1a
North Cork Co-Op Creameries Limited - P1051,Site Visit,,https://leap.epa.ie/licence-profile/P1051/compliance/sitevisit/dc471439-b6bb-ef11-a324-0050568a66b2,2025-06-25T00:00:00+00:00,Closed,2025-04-11T00:00:00,P1051,c927580f-5fd8-e811-a2db-0050568a66b2,https://data.epa.ie/leap/api/v1/SiteVisit/byid?sv_id=dc471439-b6bb-ef11-a324-0050568a66b2
Anglo Beef Processors Ireland Unlimited Company trading as ABP Waterford - P0205,Complaint,"P0205-02, 24/06/25, Odour",https://leap.epa.ie/licence-profile/P0205/compliance/complaint/2c58edf6-a351-f011-a373-0050568a2d1a,2025-06-24T00:00:00+00:00,Open,2025-06-24T00:00:00,P0205,e45b9e00-8ace-4157-b3e3-7a5d07ddea3a,https://data.epa.ie/leap/api/v1/Complaint/byid?complaint_id=2c58edf6-a351-f011-a373-0050568a2d1a
Allergan Pharmaceuticals Ireland Unlimited Company - P0126,Incident,Uncontrolled Release,https://leap.epa.ie/licence-profile/P0126/compliance/incident/0a415c90-8850-f011-a373-0050568a2d1a,2025-06-24T00:00:00+00:00,Open,2025-06-24T00:00:00,P0126,cbef24a2-cdd0-40f5-9b6c-93ecbcf24c3c,https://data.epa.ie/leap/api/v1/Incident/byid?incident_id=0a415c90-8850-f011-a373-0050568a2d1a
Courtown-Gorey - D0046,Incident,Uncontrolled Release,https://leap.epa.ie/licence-profile/D0046/compliance/incident/2f290a5e-794b-f011-a373-0050568a2d1a,2025-06-24T00:00:00+00:00,Closed,2025-06-17T00:00:00,D0046,b1da7310-f129-4bc8-9786-f973184d15aa,https://data.epa.ie/leap/api/v1/Incident/byid?incident_id=2f290a5e-794b-f011-a373-0050568a2d1a
Ballybofey-Stranorlar - D0120,Incident,Abatement equipment off-line,https://leap.epa.ie/licence-profile/D0120/compliance/incident/6cd829f8-fd50-f011-a373-0050568a2d1a,2025-06-24T00:00:00+00:00,Closed,2025-06-24T00:00:00,D0120,9586e6e7-c9c0-4c5a-8bdb-5f462f1b9f8e,https://data.epa.ie/leap/api/v1/Incident/byid?incident_id=6cd829f8-fd50-f011-a373-0050568a2d1a
Watergrasshill - D0201,Incident,Uncontrolled Release,https://leap.epa.ie/licence-profile/D0201/compliance/incident/708c8c68-e950-f011-a373-0050568a2d1a,2025-06-24T00:00:00+00:00,Open,2025-06-24T00:00:00,D0201,98e6d5a0-3aba-44bf-8adc-ce6ef203151c,https://data.epa.ie/leap/api/v1/Incident/byid?incident_id=708c8c68-e950-f011-a373-0050568a2d1a
Ringsend - D0034,Incident,Uncontrolled Release,https://leap.epa.ie/licence-profile/D0034/compliance/incident/8085436e-fe50-f011-a373-0050568a2d1a,2025-06-24T00:00:00+00:00,Open,2025-06-24T00:00:00,D0034,188b6e9c-77a4-4dd9-895c-17080f6af298,https://data.epa.ie/leap/api/v1/Incident/byid?incident_id=8085436e-fe50-f011-a373-0050568a2d1a
Belmullet - D0074,Incident,Uncontrolled Release,https://leap.epa.ie/licence-profile/D0074/compliance/incident/8aa38e2b-0351-f011-a373-0050568a2d1a,2025-06-24T00:00:00+00:00,Open,2025-06-24T00:00:00,D0074,2a248958-8424-4e9c-ae0b-e6598a5e6ef9,https://data.epa.ie/leap/api/v1/Incident/byid?incident_id=8aa38e2b-0351-f011-a373-0050568a2d1a
Timoleague Agri Gen Limited - P0986,Incident,Breach of ELV,https://leap.epa.ie/licence-profile/P0986/compliance/incident/b489298d-4451-f011-a373-0050568a2d1a,2025-06-24T00:00:00+00:00,Open,2025-06-24T00:00:00,P0986,e334799f-9bb0-e611-8d41-0050568a69e2,https://data.epa.ie/leap/api/v1/Incident/byid?incident_id=b489298d-4451-f011-a373-0050568a2d1a
Courtown-Gorey - D0046,Incident,Uncontrolled Release,https://leap.epa.ie/licence-profile/D0046/compliance/incident/e9ee8616-7a4b-f011-a373-0050568a2d1a,2025-06-24T00:00:00+00:00,Closed,2025-06-17T00:00:00,D0046,b1da7310-f129-4bc8-9786-f973184d15aa,https://data.epa.ie/leap/api/v1/Incident/byid?incident_id=e9ee8616-7a4b-f011-a373-0050568a2d1a
Lower Liffey Valley Regional Sewerage Scheme - D0004,Incident,Uncontrolled Release,https://leap.epa.ie/licence-profile/D0004/compliance/incident/ec928183-ec37-f011-a373-0050568a2d1a,2025-06-24T00:00:00+00:00,Closed,2025-05-23T00:00:00,D0004,7196c04b-4bd8-478e-99af-010482136e26,https://data.epa.ie/leap/api/v1/Incident/byid?incident_id=ec928183-ec37-f011-a373-0050568a2d1a
Vermilion Exploration and Production Ireland Limited - P0738,Incident,Breach of ELV,https://leap.epa.ie/licence-profile/P0738/compliance/incident/f329dbc7-e250-f011-a373-0050568a2d1a,2025-06-24T00:00:00+00:00,Open,2025-06-24T00:00:00,P0738,aa3749e0-2af5-4c42-b314-e161593785e9,https://data.epa.ie/leap/api/v1/Incident/byid?incident_id=f329dbc7-e250-f011-a373-0050568a2d1a
Midleton - D0056,Site Updates/Notifications,SV32708 Site Visit Documentation,https://leap.epa.ie/licence-profile/D0056/compliance/return/022c6f45-0451-f011-a373-0050568a2d1a,2025-06-24T00:00:00+00:00,Open,2025-06-24T00:00:00,D0056,b2c067ea-de2f-4275-8982-feb0724a0a82,https://data.epa.ie/leap/api/v1/LicenseeReturns/byid?lr_id=022c6f45-0451-f011-a373-0050568a2d1a
Thermo Fisher Scientific Cork Limited - P0004,Requests for Approval and Site Reports,New Product Introduction – Project Rocky Stage 1,https://leap.epa.ie/licence-profile/P0004/compliance/return/02ced895-d54d-f011-a373-0050568a2d1a,2025-06-24T00:00:00+00:00,Closed,2025-06-20T00:00:00,P0004,1a507022-d459-4a98-afb9-cc0587998ac1,https://data.epa.ie/leap/api/v1/LicenseeReturns/byid?lr_id=02ced895-d54d-f011-a373-0050568a2d1a
Thermo Fisher Scientific Cork Limited - P0004,Requests for Approval and Site Reports,New Product Introduction – Project Anta Stage 1,https://leap.epa.ie/licence-profile/P0004/compliance/return/0779acc5-0651-f011-a373-0050568a2d1a,2025-06-24T00:00:00+00:00,Closed,2025-06-24T00:00:00,P0004,1a507022-d459-4a98-afb9-cc0587998ac1,https://data.epa.ie/leap/api/v1/LicenseeReturns/byid?lr_id=0779acc5-0651-f011-a373-0050568a2d1a
Pilgrim's Food Masters Ireland Limited - P0806,Requests for Approval and Site Reports,NC032171: Failure to provide/install infrastructure,https://leap.epa.ie/licence-profile/P0806/compliance/return/09828d06-5150-f011-a373-0050568a2d1a,2025-06-24T00:00:00+00:00,Closed,2025-06-23T00:00:00,P0806,558f6bcd-baec-43b5-b4f0-97f1479b61e0,https://data.epa.ie/leap/api/v1/LicenseeReturns/byid?lr_id=09828d06-5150-f011-a373-0050568a2d1a
Oled Material Manufacturing Limited - P0020,Site Updates/Notifications,Fire water assessment,https://leap.epa.ie/licence-profile/P0020/compliance/return/0bcb6e7a-cc4a-f011-a373-0050568a2d1a,2025-06-24T00:00:00+00:00,Closed,2025-06-16T00:00:00,P0020,1b3d43b2-2b13-4bab-a61a-ea698de8889a,https://data.epa.ie/leap/api/v1/LicenseeReturns/byid?lr_id=0bcb6e7a-cc4a-f011-a373-0050568a2d1a
Ballinagar - D0362,Annual Environmental Report,AER 2024,https://leap.epa.ie/licence-profile/D0362/compliance/return/122043ae-0225-f011-a373-0050568a2d1a,2025-06-24T00:00:00+00:00,Closed,2025-04-29T00:00:00,D0362,be15aaae-c308-436a-b4b5-6bc6c379ab11,https://data.epa.ie/leap/api/v1/LicenseeReturns/byid?lr_id=122043ae-0225-f011-a373-0050568a2d1a
JANSSEN SCIENCES IRELAND UC - P0778,Site Updates/Notifications,Planned SEMP3 Continuous Monitoring Signal Downtime,https://leap.epa.ie/licence-profile/P0778/compliance/return/27c2c722-ca4a-f011-a373-0050568a2d1a,2025-06-24T00:00:00+00:00,Closed,2025-06-16T00:00:00,P0778,ff8e8bb5-cf35-4fb1-a789-af7571da741d,https://data.epa.ie/leap/api/v1/LicenseeReturns/byid?lr_id=27c2c722-ca4a-f011-a373-0050568a2d1a
Ballinamore - D0281,Annual Environmental Report,AER 2024,https://leap.epa.ie/licence-profile/D0281/compliance/return/39c4ad69-d425-f011-a373-0050568a2d1a,2025-06-24T00:00:00+00:00,Closed,2025-04-30T00:00:00,D0281,22473602-537d-45cf-b696-2746420e31ac,https://data.epa.ie/leap/api/v1/LicenseeReturns/byid?lr_id=39c4ad69-d425-f011-a373-0050568a2d1a
Carlanstown - D0488,Annual Environmental Report,AER 2024,https://leap.epa.ie/licence-profile/D0488/compliance/return/3effc311-0021-f011-a373-0050568a2d1a,2025-06-24T00:00:00+00:00,Closed,2025-04-24T00:00:00,D0488,0a85823a-db9d-4bbd-bf4f-da18050b4f59,https://data.epa.ie/leap/api/v1/LicenseeReturns/byid?lr_id=3effc311-0021-f011-a373-0050568a2d1a
Ballylynan - D0291,Annual Environmental Report,AER 2024,https://leap.epa.ie/licence-profile/D0291/compliance/return/4036d159-b316-f011-a373-0050568a2d1a,2025-06-24T00:00:00+00:00,Closed,2025-04-11T00:00:00,D0291,97e3f612-89da-4660-8087-28ed279770c8,https://data.epa.ie/leap/api/v1/LicenseeReturns/byid?lr_id=4036d159-b316-f011-a373-0050568a2d1a
Dungarvan Waste Disposal Site - W0032,Monitoring Returns,2025 slope stability survey,https://leap.epa.ie/licence-profile/W0032/compliance/return/415298c6-6d10-f011-a373-0050568a2d1a,2025-06-24T00:00:00+00:00,Closed,2025-04-03T00:00:00,W0032,c05d6935-9ea3-4293-9701-a683e71e1b02,https://data.epa.ie/leap/api/v1/LicenseeReturns/byid?lr_id=415298c6-6d10-f011-a373-0050568a2d1a
Kinsale - D0132,Site Updates/Notifications,Licensee Public Response - SV32308,https://leap.epa.ie/licence-profile/D0132/compliance/return/48e761cc-0b51-f011-a373-0050568a2d1a,2025-06-24T00:00:00+00:00,Open,2025-06-24T00:00:00,D0132,ca1418e2-37c6-4715-9a7b-5ed69a537db6,https://data.epa.ie/leap/api/v1/LicenseeReturns/byid?lr_id=48e761cc-0b51-f011-a373-0050568a2d1a
Corranure Landfill - W0077,Annual Environmental Report,Corranure 2024 AER,https://leap.epa.ie/licence-profile/W0077/compliance/return/4d6f98de-cf45-f011-a373-0050568a2d1a,2025-06-24T00:00:00+00:00,Closed,2025-06-10T00:00:00,W0077,f65c34d6-7c95-4321-afb4-5d17f6ce575f,https://data.epa.ie/leap/api/v1/LicenseeReturns/byid?lr_id=4d6f98de-cf45-f011-a373-0050568a2d1a
Don French - P0982,Annual Environmental Report,Ammonia Management Plan,https://leap.epa.ie/licence-profile/P0982/compliance/return/54b47325-453a-f011-a373-0050568a2d1a,2025-06-24T00:00:00+00:00,Closed,2025-05-26T00:00:00,P0982,d594e998-52f4-e611-a4f6-0050568a69e2,https://data.epa.ie/leap/api/v1/LicenseeReturns/byid?lr_id=54b47325-453a-f011-a373-0050568a2d1a
Achill Island Central Waste Water Treatment Plant - D0072,Annual Environmental Report,AER 2024,https://leap.epa.ie/licence-profile/D0072/compliance/return/57bb9f45-3e3a-f011-a373-0050568a2d1a,2025-06-24T00:00:00+00:00,Closed,2025-05-26T00:00:00,D0072,d09870f1-c269-4520-a199-373a51b5851b,https://data.epa.ie/leap/api/v1/LicenseeReturns/byid?lr_id=57bb9f45-3e3a-f011-a373-0050568a2d1a
Derryclure Landfill - W0029,Site Updates/Notifications,Response to LR090115,https://leap.epa.ie/licence-profile/W0029/compliance/return/5a992779-df4d-f011-a373-0050568a2d1a,2025-06-24T00:00:00+00:00,Closed,2025-06-20T00:00:00,W0029,a3148361-f26a-4d49-b615-f37a0a243e7b,https://data.epa.ie/leap/api/v1/LicenseeReturns/byid?lr_id=5a992779-df4d-f011-a373-0050568a2d1a
Milltown Composting Systems Limited - W0270,Site Updates/Notifications,Response to Part 4.5 of SV31573 - Daily Nuisance Inspection Sheet,https://leap.epa.ie/licence-profile/W0270/compliance/return/5d006df1-0a45-f011-a373-0050568a2d1a,2025-06-24T00:00:00+00:00,Closed,2025-06-09T00:00:00,W0270,fe25a7be-b6b1-4353-a8b8-5d5ce20c15dd,https://data.epa.ie/leap/api/v1/LicenseeReturns/byid?lr_id=5d006df1-0a45-f011-a373-0050568a2d1a
Blessington - D0063,Annual Environmental Report,AER 2024,https://leap.epa.ie/licence-profile/D0063/compliance/return/6080d8ae-2d15-f011-a373-0050568a2d1a,2025-06-24T00:00:00+00:00,Closed,2025-04-09T00:00:00,D0063,27522e2d-55fb-4e50-8236-23d672c707ec,https://data.epa.ie/leap/api/v1/LicenseeReturns/byid?lr_id=6080d8ae-2d15-f011-a373-0050568a2d1a
Derryclure Landfill - W0029,Site Updates/Notifications,Response to LR089622,https://leap.epa.ie/licence-profile/W0029/compliance/return/642fc904-e04d-f011-a373-0050568a2d1a,2025-06-24T00:00:00+00:00,Closed,2025-06-20T00:00:00,W0029,a3148361-f26a-4d49-b615-f37a0a243e7b,https://data.epa.ie/leap/api/v1/LicenseeReturns/byid?lr_id=642fc904-e04d-f011-a373-0050568a2d1a
Borris-in-Ossory - D0290,Annual Environmental Report,AER 2024,https://leap.epa.ie/licence-profile/D0290/compliance/return/6743d048-f320-f011-a373-0050568a2d1a,2025-06-24T00:00:00+00:00,Closed,2025-04-24T00:00:00,D0290,bd5c9f41-2d1c-4767-b32a-e05b19568076,https://data.epa.ie/leap/api/v1/LicenseeReturns/byid?lr_id=6743d048-f320-f011-a373-0050568a2d1a
Bord na Mona Lanesboro (Longford) - P0504,Site Updates/Notifications,Cloontuskert Bog Rehabilitation,https://leap.epa.ie/licence-profile/P0504/compliance/return/678567e2-554d-f011-a373-0050568a2d1a,2025-06-24T00:00:00+00:00,Closed,2025-06-19T00:00:00,P0504,f86701c7-076c-4369-8422-8adb6334959f,https://data.epa.ie/leap/api/v1/LicenseeReturns/byid?lr_id=678567e2-554d-f011-a373-0050568a2d1a
Don French - P0982,Annual Environmental Report,AER P0982-01,https://leap.epa.ie/licence-profile/P0982/compliance/return/6786c8a2-3232-f011-a373-0050568a2d1a,2025-06-24T00:00:00+00:00,Closed,2025-05-16T00:00:00,P0982,d594e998-52f4-e611-a4f6-0050568a69e2,https://data.epa.ie/leap/api/v1/LicenseeReturns/byid?lr_id=6786c8a2-3232-f011-a373-0050568a2d1a
Ashbourne Meats Roscrea - P0194,Site Updates/Notifications,CI Action - A121913 - Rationalisation of surface water discharges,https://leap.epa.ie/licence-profile/P0194/compliance/return/70a25d2d-1451-f011-a373-0050568a2d1a,2025-06-24T00:00:00+00:00,Open,2025-06-24T00:00:00,P0194,ede8417b-c18d-419b-bded-798b3d995403,https://data.epa.ie/leap/api/v1/LicenseeReturns/byid?lr_id=70a25d2d-1451-f011-a373-0050568a2d1a
Derryclure Landfill - W0029,Site Updates/Notifications,NCO 32072,https://leap.epa.ie/licence-profile/W0029/compliance/return/74f892ca-bc4d-f011-a373-0050568a2d1a,2025-06-24T00:00:00+00:00,Closed,2025-06-20T00:00:00,W0029,a3148361-f26a-4d49-b615-f37a0a243e7b,https://data.epa.ie/leap/api/v1/LicenseeReturns/byid?lr_id=74f892ca-bc4d-f011-a373-0050568a2d1a
Rampere Landfill - W0066,Monitoring Returns,Annual Landfill Gas Flare Monitoring Report 2024,https://leap.epa.ie/licence-profile/W0066/compliance/return/7a92b7ee-f6c8-ef11-a36e-0050568a2d1a,2025-06-24T00:00:00+00:00,Closed,2025-01-02T00:00:00,W0066,ce558a21-cef0-4883-b109-27eb4b326e32,https://data.epa.ie/leap/api/v1/LicenseeReturns/byid?lr_id=7a92b7ee-f6c8-ef11-a36e-0050568a2d1a
Ballymahon - D0096,Annual Environmental Report,AER 2024,https://leap.epa.ie/licence-profile/D0096/compliance/return/806c45d1-0021-f011-a373-0050568a2d1a,2025-06-24T00:00:00+00:00,Closed,2025-04-24T00:00:00,D0096,81f43613-76a7-4b58-98c1-91bdd67dda38,https://data.epa.ie/leap/api/v1/LicenseeReturns/byid?lr_id=806c45d1-0021-f011-a373-0050568a2d1a
Balla - D0216,Annual Environmental Report,AER 2024,https://leap.epa.ie/licence-profile/D0216/compliance/return/822e77b8-3e3a-f011-a373-0050568a2d1a,2025-06-24T00:00:00+00:00,Closed,2025-05-26T00:00:00,D0216,2a36d3cb-1852-4c7f-9b66-ff7490463257,https://data.epa.ie/leap/api/v1/LicenseeReturns/byid?lr_id=822e77b8-3e3a-f011-a373-0050568a2d1a
Ballinaclash - D0412,Annual Environmental Report,AER 2024,https://leap.epa.ie/licence-profile/D0412/compliance/return/8475f7c5-f520-f011-a373-0050568a2d1a,2025-06-24T00:00:00+00:00,Closed,2025-04-24T00:00:00,D0412,5553e5fb-cce4-4e7f-bde6-d174b9f08d8a,https://data.epa.ie/leap/api/v1/LicenseeReturns/byid?lr_id=8475f7c5-f520-f011-a373-0050568a2d1a
Irish Cement Limited (Platin) - P0030,Site Updates/Notifications,Kiln Shut Down,https://leap.epa.ie/licence-profile/P0030/compliance/return/85dcde7d-c834-f011-a373-0050568a2d1a,2025-06-24T00:00:00+00:00,Closed,2025-05-19T00:00:00,P0030,d35a8ce3-2aa7-4796-b118-b9fd69335ba1,https://data.epa.ie/leap/api/v1/LicenseeReturns/byid?lr_id=85dcde7d-c834-f011-a373-0050568a2d1a
Castlebellingham - D0269,Annual Environmental Report,AER 2024,https://leap.epa.ie/licence-profile/D0269/compliance/return/8c2727ef-921a-f011-a373-0050568a2d1a,2025-06-24T00:00:00+00:00,Closed,2025-04-16T00:00:00,D0269,6419d180-2b1a-43f5-b240-1be8876cc2d5,https://data.epa.ie/leap/api/v1/LicenseeReturns/byid?lr_id=8c2727ef-921a-f011-a373-0050568a2d1a
Banagher - D0141,Annual Environmental Report,AER 2024,https://leap.epa.ie/licence-profile/D0141/compliance/return/96f35a80-5315-f011-a373-0050568a2d1a,2025-06-24T00:00:00+00:00,Closed,2025-04-09T00:00:00,D0141,e6eaa9eb-a6bf-4afe-8b84-8376b26940eb,https://data.epa.ie/leap/api/v1/LicenseeReturns/byid?lr_id=96f35a80-5315-f011-a373-0050568a2d1a
Galmoy Mines Limited - P0517,Site Updates/Notifications,Approval to receive material as part of a trial.,https://leap.epa.ie/licence-profile/P0517/compliance/return/980ac76d-0525-f011-a373-0050568a2d1a,2025-06-24T00:00:00+00:00,Closed,2025-04-29T00:00:00,P0517,2d474abd-8042-4974-90ba-473c9d3e6ea5,https://data.epa.ie/leap/api/v1/LicenseeReturns/byid?lr_id=980ac76d-0525-f011-a373-0050568a2d1a
BASF Ireland Designated Activity Company - P0052,Site Updates/Notifications,Summer shutdown,https://leap.epa.ie/licence-profile/P0052/compliance/return/9c0aea38-e24c-f011-a373-0050568a2d1a,2025-06-24T00:00:00+00:00,Closed,2025-06-19T00:00:00,P0052,cc146706-f674-4ba1-9e55-832e03ed4883,https://data.epa.ie/leap/api/v1/LicenseeReturns/byid?lr_id=9c0aea38-e24c-f011-a373-0050568a2d1a
Bord na Móna Energy Limited (Derrygreenagh) - P0501,Requests for Approval and Site Reports,Silt Pond Maintenance Requirements,https://leap.epa.ie/licence-profile/P0501/compliance/return/a223aeff-1b50-f011-a373-0050568a2d1a,2025-06-24T00:00:00+00:00,Closed,2025-06-23T00:00:00,P0501,3835c56f-73dd-4286-a5c9-9640a200769e,https://data.epa.ie/leap/api/v1/LicenseeReturns/byid?lr_id=a223aeff-1b50-f011-a373-0050568a2d1a
Ashbourne Meats Roscrea - P0194,Site Updates/Notifications,CI Action - Hard standing integrity - A121916,https://leap.epa.ie/licence-profile/P0194/compliance/return/a80e20bd-1351-f011-a373-0050568a2d1a,2025-06-24T00:00:00+00:00,Open,2025-06-24T00:00:00,P0194,ede8417b-c18d-419b-bded-798b3d995403,https://data.epa.ie/leap/api/v1/LicenseeReturns/byid?lr_id=a80e20bd-1351-f011-a373-0050568a2d1a
Ballivor - D0254,Annual Environmental Report,AER 2024,https://leap.epa.ie/licence-profile/D0254/compliance/return/ab939d57-bf16-f011-a373-0050568a2d1a,2025-06-24T00:00:00+00:00,Closed,2025-04-11T00:00:00,D0254,75a22dc5-bf20-4978-8e42-3e5521011a1f,https://data.epa.ie/leap/api/v1/LicenseeReturns/byid?lr_id=ab939d57-bf16-f011-a373-0050568a2d1a
Zinc Processors Limited Trading As Shannonside Galvanizing - P0650,Monitoring Returns,SE 1 Results Mar & Apr 25,https://leap.epa.ie/licence-profile/P0650/compliance/return/b2ee5240-c73e-f011-a373-0050568a2d1a,2025-06-24T00:00:00+00:00,Closed,2025-06-01T00:00:00,P0650,4f1f67a4-0f13-4d2d-a451-d546f03f1cb4,https://data.epa.ie/leap/api/v1/LicenseeReturns/byid?lr_id=b2ee5240-c73e-f011-a373-0050568a2d1a
Kilbrittain - D0425,Annual Environmental Report,AER 2024,https://leap.epa.ie/licence-profile/D0425/compliance/return/b6ddb757-344c-f011-a373-0050568a2d1a,2025-06-24T00:00:00+00:00,Closed,2025-06-18T00:00:00,D0425,2ff7928c-5d94-47ab-8eac-5da3e7091969,https://data.epa.ie/leap/api/v1/LicenseeReturns/byid?lr_id=b6ddb757-344c-f011-a373-0050568a2d1a
Premier Periclase Limited - P0376,Site Updates/Notifications,Response to site visit report SV29356,https://leap.epa.ie/licence-profile/P0376/compliance/return/bb36b394-1edf-ef11-a372-0050568a2d1a,2025-06-24T00:00:00+00:00,Closed,2025-01-30T00:00:00,P0376,e3d4cdd5-7ad0-4785-83af-614411710884,https://data.epa.ie/leap/api/v1/LicenseeReturns/byid?lr_id=bb36b394-1edf-ef11-a372-0050568a2d1a
Anglo Beef Processors Ireland Unlimited Company t/a ABP Proteins Waterford - P0040,Requests for Approval and Site Reports,Approval Tallow standby fuel in TO 230625,https://leap.epa.ie/licence-profile/P0040/compliance/return/bd90fcbe-0251-f011-a373-0050568a2d1a,2025-06-24T00:00:00+00:00,Open,2025-06-24T00:00:00,P0040,c4a88361-1b4e-4f46-89d9-6655753bb9e6,https://data.epa.ie/leap/api/v1/LicenseeReturns/byid?lr_id=bd90fcbe-0251-f011-a373-0050568a2d1a
Kilbarry Landfill Site - W0018,Requests for Approval and Site Reports,Ground Investigation Scope and Decommissioning of GW31s,https://leap.epa.ie/licence-profile/W0018/compliance/return/be2b03a9-d045-f011-a373-0050568a2d1a,2025-06-24T00:00:00+00:00,Closed,2025-06-10T00:00:00,W0018,73fbb170-e9d4-4c99-8dc8-9bcaaa1213b5,https://data.epa.ie/leap/api/v1/LicenseeReturns/byid?lr_id=be2b03a9-d045-f011-a373-0050568a2d1a
Bord na Mona Biomass Limited - P0503,Site Updates/Notifications,PCAS Progress Map,https://leap.epa.ie/licence-profile/P0503/compliance/return/c0918f5e-7647-f011-a373-0050568a2d1a,2025-06-24T00:00:00+00:00,Closed,2025-06-12T00:00:00,P0503,f83e1d51-7f03-49da-b583-8c68fa966b33,https://data.epa.ie/leap/api/v1/LicenseeReturns/byid?lr_id=c0918f5e-7647-f011-a373-0050568a2d1a
Ballynacarrigy - D0482,Annual Environmental Report,AER 2024,https://leap.epa.ie/licence-profile/D0482/compliance/return/c40aa8f5-0325-f011-a373-0050568a2d1a,2025-06-24T00:00:00+00:00,Closed,2025-04-29T00:00:00,D0482,35d5fd54-fa5c-4e32-9ce4-3ae56b7334d7,https://data.epa.ie/leap/api/v1/LicenseeReturns/byid?lr_id=c40aa8f5-0325-f011-a373-0050568a2d1a
Bord na Móna Energy Limited (Kilberry) - P0506,Site Updates/Notifications,PCAS Progress Map,https://leap.epa.ie/licence-profile/P0506/compliance/return/c75c231c-7647-f011-a373-0050568a2d1a,2025-06-24T00:00:00+00:00,Closed,2025-06-12T00:00:00,P0506,9bf8b5da-f0fe-4c36-99b2-cb63faa9b413,https://data.epa.ie/leap/api/v1/LicenseeReturns/byid?lr_id=c75c231c-7647-f011-a373-0050568a2d1a
Blackrock - D0188,Annual Environmental Report,AER 2024,https://leap.epa.ie/licence-profile/D0188/compliance/return/cb91ca95-f820-f011-a373-0050568a2d1a,2025-06-24T00:00:00+00:00,Closed,2025-04-24T00:00:00,D0188,02c378a0-0b5b-42a5-826e-5dc6bb2e7826,https://data.epa.ie/leap/api/v1/LicenseeReturns/byid?lr_id=cb91ca95-f820-f011-a373-0050568a2d1a
Ballynacarrick Landfill Site - W0024,Site Updates/Notifications,Licensee Public Response - SV32371,https://leap.epa.ie/licence-profile/W0024/compliance/return/d46f716c-0f51-f011-a373-0050568a2d1a,2025-06-24T00:00:00+00:00,Open,2025-06-24T00:00:00,W0024,708e0e98-3eb9-4ef5-8da8-81b1f6b4c18b,https://data.epa.ie/leap/api/v1/LicenseeReturns/byid?lr_id=d46f716c-0f51-f011-a373-0050568a2d1a
Indaver Ireland Limited (Duleek) - W0167,Site Updates/Notifications,Data on request for waste capacity at W0167-03,https://leap.epa.ie/licence-profile/W0167/compliance/return/d5522970-ec50-f011-a373-0050568a2d1a,2025-06-24T00:00:00+00:00,Closed,2025-06-24T00:00:00,W0167,8dc6d731-ef7b-4e1e-9a08-8e8009148d52,https://data.epa.ie/leap/api/v1/LicenseeReturns/byid?lr_id=d5522970-ec50-f011-a373-0050568a2d1a
Irish Cement Limited (Platin) - P0030,Site Updates/Notifications,Licensee Public Response - SV28481,https://leap.epa.ie/licence-profile/P0030/compliance/return/dc0f4e89-e0cc-ef11-a36e-0050568a2d1a,2025-06-24T00:00:00+00:00,Closed,2025-01-07T00:00:00,P0030,d35a8ce3-2aa7-4796-b118-b9fd69335ba1,https://data.epa.ie/leap/api/v1/LicenseeReturns/byid?lr_id=dc0f4e89-e0cc-ef11-a36e-0050568a2d1a
Alert Packaging Limited - P0366,Site Updates/Notifications,Licensee Public Response - SV32453,https://leap.epa.ie/licence-profile/P0366/compliance/return/dcafc5f6-0651-f011-a373-0050568a2d1a,2025-06-24T00:00:00+00:00,Open,2025-06-24T00:00:00,P0366,359b4db8-d712-4f91-bbbb-25f7d0633ca6,https://data.epa.ie/leap/api/v1/LicenseeReturns/byid?lr_id=dcafc5f6-0651-f011-a373-0050568a2d1a
Tramore Waste Disposal Site - W0075,Monitoring Returns,2025 slope stability survey,https://leap.epa.ie/licence-profile/W0075/compliance/return/de8926ac-6b10-f011-a373-0050568a2d1a,2025-06-24T00:00:00+00:00,Closed,2025-04-03T00:00:00,W0075,40137712-e0e3-47b6-96c4-02f3a277169a,https://data.epa.ie/leap/api/v1/LicenseeReturns/byid?lr_id=de8926ac-6b10-f011-a373-0050568a2d1a
Baltinglass Wastewater Treatment Works - D0089,Annual Environmental Report,AER 2024,https://leap.epa.ie/licence-profile/D0089/compliance/return/deda8249-e820-f011-a373-0050568a2d1a,2025-06-24T00:00:00+00:00,Closed,2025-04-24T00:00:00,D0089,12562230-e94b-4aae-b03f-df4650ae63ef,https://data.epa.ie/leap/api/v1/LicenseeReturns/byid?lr_id=deda8249-e820-f011-a373-0050568a2d1a
Don French - P0982,Annual Environmental Report,BATC for P0982-01,https://leap.epa.ie/licence-profile/P0982/compliance/return/e327e6de-3332-f011-a373-0050568a2d1a,2025-06-24T00:00:00+00:00,Closed,2025-05-16T00:00:00,P0982,d594e998-52f4-e611-a4f6-0050568a69e2,https://data.epa.ie/leap/api/v1/LicenseeReturns/byid?lr_id=e327e6de-3332-f011-a373-0050568a2d1a
Ashbourne Meats Roscrea - P0194,Site Updates/Notifications,compliance investigation CI002155 - A121863 integrity of pipelines and tanks,https://leap.epa.ie/licence-profile/P0194/compliance/return/e3a858fe-1251-f011-a373-0050568a2d1a,2025-06-24T00:00:00+00:00,Open,2025-06-24T00:00:00,P0194,ede8417b-c18d-419b-bded-798b3d995403,https://data.epa.ie/leap/api/v1/LicenseeReturns/byid?lr_id=e3a858fe-1251-f011-a373-0050568a2d1a
Huntstown Bioenergy Unlimited Company - P0993,Requests for Approval and Site Reports,SEW for Biogas Upgrader Installation,https://leap.epa.ie/licence-profile/P0993/compliance/return/eb8eaf3c-1651-f011-a373-0050568a2d1a,2025-06-24T00:00:00+00:00,Open,2025-06-24T00:00:00,P0993,3c30d42b-0fe8-e411-b3b4-0050568a69e2,https://data.epa.ie/leap/api/v1/LicenseeReturns/byid?lr_id=eb8eaf3c-1651-f011-a373-0050568a2d1a
Birr - D0109,Annual Environmental Report,AER 2024,https://leap.epa.ie/licence-profile/D0109/compliance/return/ee093855-1624-f011-a373-0050568a2d1a,2025-06-24T00:00:00+00:00,Closed,2025-04-28T00:00:00,D0109,968aeff0-4daf-45f9-8ca7-1b5289691c17,https://data.epa.ie/leap/api/v1/LicenseeReturns/byid?lr_id=ee093855-1624-f011-a373-0050568a2d1a
Ballinakill - D0384,Annual Environmental Report,AER 2024,https://leap.epa.ie/licence-profile/D0384/compliance/return/ee7ba37b-e824-f011-a373-0050568a2d1a,2025-06-24T00:00:00+00:00,Closed,2025-04-29T00:00:00,D0384,31b7ef5d-54e5-45fa-95de-5068d1aee00f,https://data.epa.ie/leap/api/v1/LicenseeReturns/byid?lr_id=ee7ba37b-e824-f011-a373-0050568a2d1a
Derrinumera Landfill Facility - W0021,Monitoring Returns,Additional Surface Water Sampling May-July 2024,https://leap.epa.ie/licence-profile/W0021/compliance/return/f527fb96-e350-f011-a373-0050568a2d1a,2025-06-24T00:00:00+00:00,Open,2025-06-24T00:00:00,W0021,89d360bc-5bb9-49ac-9ef7-5caf66333d3e,https://data.epa.ie/leap/api/v1/LicenseeReturns/byid?lr_id=f527fb96-e350-f011-a373-0050568a2d1a
"MSD International GmbH, trading as MSD Ireland (Brinny) - P0005",Site Updates/Notifications,Condition 3.16 Boiler operating on diesel,https://leap.epa.ie/licence-profile/P0005/compliance/return/fa615b68-ca4d-f011-a373-0050568a2d1a,2025-06-24T00:00:00+00:00,Closed,2025-06-20T00:00:00,P0005,402b12ea-8c77-4050-bc57-908a1f088899,https://data.epa.ie/leap/api/v1/LicenseeReturns/byid?lr_id=fa615b68-ca4d-f011-a373-0050568a2d1a
Fassaroe Waste Recovery Facility - W0269,Monitoring Returns,SIte Visit update,https://leap.epa.ie/licence-profile/W0269/compliance/return/fadf3532-c54a-f011-a373-0050568a2d1a,2025-06-24T00:00:00+00:00,Closed,2025-06-16T00:00:00,W0269,f4d153c7-cb29-4c92-92dc-05d2951e1f2d,https://data.epa.ie/leap/api/v1/LicenseeReturns/byid?lr_id=fadf3532-c54a-f011-a373-0050568a2d1a
Breedon Cement Ireland Limited - P0487,EPA Initiated Correspondence,,https://leap.epa.ie/licence-profile/P0487/compliance/epa-correspondence/564e33eb-b64d-f011-a373-0050568a2d1a,2025-06-24T00:00:00+00:00,Closed,2025-06-20T00:00:00,P0487,dc8a6607-72a5-4772-b0f4-4374830d59f7,https://data.epa.ie/leap/api/v1/MeetingCorrespondence/epainiciatedcorrespondencebyid?epainitiatedcorrespondence_id=564e33eb-b64d-f011-a373-0050568a2d1a
Drehid Waste Management Facility - W0201,EPA Initiated Correspondence,,https://leap.epa.ie/licence-profile/W0201/compliance/epa-correspondence/bbb55da0-2850-f011-a373-0050568a2d1a,2025-06-24T00:00:00+00:00,Open,2025-06-23T00:00:00,W0201,cc39b8c1-819f-4b39-ad05-22361694bb41,https://data.epa.ie/leap/api/v1/MeetingCorrespondence/epainiciatedcorrespondencebyid?epainitiatedcorrespondence_id=bbb55da0-2850-f011-a373-0050568a2d1a
Kingspan Building Products Limited - P0065,Meeting,,https://leap.epa.ie/licence-profile/P0065/compliance/return/0168521c-1b62-41fa-bf8b-d75126d2d1a1,2025-06-24T00:00:00+00:00,Closed,2025-06-24T00:00:00,P0065,41bfea9c-c15a-4569-9cdf-a90959127188,https://data.epa.ie/leap/api/v1/MeetingCorrespondence/meetingbyid?meeting_id=0168521c-1b62-41fa-bf8b-d75126d2d1a1
Kingspan Building Products Limited - P0065,Meeting,,https://leap.epa.ie/licence-profile/P0065/compliance/return/070adc28-cfef-4966-a196-dc5cfec2569e,2025-06-24T00:00:00+00:00,Closed,2025-06-24T00:00:00,P0065,41bfea9c-c15a-4569-9cdf-a90959127188,https://data.epa.ie/leap/api/v1/MeetingCorrespondence/meetingbyid?meeting_id=070adc28-cfef-4966-a196-dc5cfec2569e
Kingspan Building Products Limited - P0065,Meeting,,https://leap.epa.ie/licence-profile/P0065/compliance/return/0c1fd5ae-8901-43f4-8d42-ce283f8a33a8,2025-06-24T00:00:00+00:00,Closed,2025-06-24T00:00:00,P0065,41bfea9c-c15a-4569-9cdf-a90959127188,https://data.epa.ie/leap/api/v1/MeetingCorrespondence/meetingbyid?meeting_id=0c1fd5ae-8901-43f4-8d42-ce283f8a33a8
Kingspan Building Products Limited - P0065,Meeting,,https://leap.epa.ie/licence-profile/P0065/compliance/return/0d09cd29-69c6-44df-84d3-660889b18b5e,2025-06-24T00:00:00+00:00,Closed,2025-06-24T00:00:00,P0065,41bfea9c-c15a-4569-9cdf-a90959127188,https://data.epa.ie/leap/api/v1/MeetingCorrespondence/meetingbyid?meeting_id=0d09cd29-69c6-44df-84d3-660889b18b5e
Kingspan Building Products Limited - P0065,Meeting,,https://leap.epa.ie/licence-profile/P0065/compliance/return/0fceae70-4148-4a2e-b06e-2628e9487493,2025-06-24T00:00:00+00:00,Closed,2025-06-24T00:00:00,P0065,41bfea9c-c15a-4569-9cdf-a90959127188,https://data.epa.ie/leap/api/v1/MeetingCorrespondence/meetingbyid?meeting_id=0fceae70-4148-4a2e-b06e-2628e9487493
Kingspan Building Products Limited - P0065,Meeting,,https://leap.epa.ie/licence-profile/P0065/compliance/return/10a96ffc-7144-4438-8d17-7273db468894,2025-06-24T00:00:00+00:00,Closed,2025-06-24T00:00:00,P0065,41bfea9c-c15a-4569-9cdf-a90959127188,https://data.epa.ie/leap/api/v1/MeetingCorrespondence/meetingbyid?meeting_id=10a96ffc-7144-4438-8d17-7273db468894
Kingspan Building Products Limited - P0065,Meeting,,https://leap.epa.ie/licence-profile/P0065/compliance/return/11a1e052-f073-4d71-a346-62b9705ca66a,2025-06-24T00:00:00+00:00,Closed,2025-06-24T00:00:00,P0065,41bfea9c-c15a-4569-9cdf-a90959127188,https://data.epa.ie/leap/api/v1/MeetingCorrespondence/meetingbyid?meeting_id=11a1e052-f073-4d71-a346-62b9705ca66a
Kingspan Building Products Limited - P0065,Meeting,,https://leap.epa.ie/licence-profile/P0065/compliance/return/1861c442-b495-4af9-a9d8-aa911fd6edfc,2025-06-24T00:00:00+00:00,Closed,2025-06-24T00:00:00,P0065,41bfea9c-c15a-4569-9cdf-a90959127188,https://data.epa.ie/leap/api/v1/MeetingCorrespondence/meetingbyid?meeting_id=1861c442-b495-4af9-a9d8-aa911fd6edfc
Kingspan Building Products Limited - P0065,Meeting,,https://leap.epa.ie/licence-profile/P0065/compliance/return/1a968609-0834-4d3a-90de-ebb6f48fb6c9,2025-06-24T00:00:00+00:00,Closed,2025-06-24T00:00:00,P0065,41bfea9c-c15a-4569-9cdf-a90959127188,https://data.epa.ie/leap/api/v1/MeetingCorrespondence/meetingbyid?meeting_id=1a968609-0834-4d3a-90de-ebb6f48fb6c9
Kingspan Building Products Limited - P0065,Meeting,,https://leap.epa.ie/licence-profile/P0065/compliance/return/1c24c43a-03ac-42de-a806-c34c68cba164,2025-06-24T00:00:00+00:00,Closed,2025-06-24T00:00:00,P0065,41bfea9c-c15a-4569-9cdf-a90959127188,https://data.epa.ie/leap/api/v1/MeetingCorrespondence/meetingbyid?meeting_id=1c24c43a-03ac-42de-a806-c34c68cba164
Kingspan Building Products Limited - P0065,Meeting,,https://leap.epa.ie/licence-profile/P0065/compliance/return/218342ed-fdae-4663-ac12-19e06ad4687e,2025-06-24T00:00:00+00:00,Closed,2025-06-24T00:00:00,P0065,41bfea9c-c15a-4569-9cdf-a90959127188,https://data.epa.ie/leap/api/v1/MeetingCorrespondence/meetingbyid?meeting_id=218342ed-fdae-4663-ac12-19e06ad4687e
Kingspan Building Products Limited - P0065,Meeting,,https://leap.epa.ie/licence-profile/P0065/compliance/return/219cfab7-82f2-4aa6-aa4c-f99b251ef11c,2025-06-24T00:00:00+00:00,Closed,2025-06-24T00:00:00,P0065,41bfea9c-c15a-4569-9cdf-a90959127188,https://data.epa.ie/leap/api/v1/MeetingCorrespondence/meetingbyid?meeting_id=219cfab7-82f2-4aa6-aa4c-f99b251ef11c
Kingspan Building Products Limited - P0065,Meeting,,https://leap.epa.ie/licence-profile/P0065/compliance/return/244542e0-8706-47a6-85af-3c9b29f8d672,2025-06-24T00:00:00+00:00,Closed,2025-06-24T00:00:00,P0065,41bfea9c-c15a-4569-9cdf-a90959127188,https://data.epa.ie/leap/api/v1/MeetingCorrespondence/meetingbyid?meeting_id=244542e0-8706-47a6-85af-3c9b29f8d672
Kingspan Building Products Limited - P0065,Meeting,,https://leap.epa.ie/licence-profile/P0065/compliance/return/2a85a35a-9a11-4210-9f27-3ea5ad8a974a,2025-06-24T00:00:00+00:00,Closed,2025-06-24T00:00:00,P0065,41bfea9c-c15a-4569-9cdf-a90959127188,https://data.epa.ie/leap/api/v1/MeetingCorrespondence/meetingbyid?meeting_id=2a85a35a-9a11-4210-9f27-3ea5ad8a974a
Kingspan Building Products Limited - P0065,Meeting,,https://leap.epa.ie/licence-profile/P0065/compliance/return/324390d3-f9d9-4f8d-8d7b-6fdedfc7125a,2025-06-24T00:00:00+00:00,Closed,2025-06-24T00:00:00,P0065,41bfea9c-c15a-4569-9cdf-a90959127188,https://data.epa.ie/leap/api/v1/MeetingCorrespondence/meetingbyid?meeting_id=324390d3-f9d9-4f8d-8d7b-6fdedfc7125a
Kingspan Building Products Limited - P0065,Meeting,,https://leap.epa.ie/licence-profile/P0065/compliance/return/32a5a7cc-172b-4d20-8780-062442d3d3ab,2025-06-24T00:00:00+00:00,Closed,2025-06-24T00:00:00,P0065,41bfea9c-c15a-4569-9cdf-a90959127188,https://data.epa.ie/leap/api/v1/MeetingCorrespondence/meetingbyid?meeting_id=32a5a7cc-172b-4d20-8780-062442d3d3ab
Kingspan Building Products Limited - P0065,Meeting,,https://leap.epa.ie/licence-profile/P0065/compliance/return/37c03f4c-a2d6-460d-aee0-57ed4c62188e,2025-06-24T00:00:00+00:00,Closed,2025-06-24T00:00:00,P0065,41bfea9c-c15a-4569-9cdf-a90959127188,https://data.epa.ie/leap/api/v1/MeetingCorrespondence/meetingbyid?meeting_id=37c03f4c-a2d6-460d-aee0-57ed4c62188e
Kingspan Building Products Limited - P0065,Meeting,,https://leap.epa.ie/licence-profile/P0065/compliance/return/393f74cd-1d50-4761-8b19-39424708ecd3,2025-06-24T00:00:00+00:00,Closed,2025-06-24T00:00:00,P0065,41bfea9c-c15a-4569-9cdf-a90959127188,https://data.epa.ie/leap/api/v1/MeetingCorrespondence/meetingbyid?meeting_id=393f74cd-1d50-4761-8b19-39424708ecd3
Kingspan Building Products Limited - P0065,Meeting,,https://leap.epa.ie/licence-profile/P0065/compliance/return/39f682d8-9c1d-4ce5-a38d-a747edfa691e,2025-06-24T00:00:00+00:00,Closed,2025-06-24T00:00:00,P0065,41bfea9c-c15a-4569-9cdf-a90959127188,https://data.epa.ie/leap/api/v1/MeetingCorrespondence/meetingbyid?meeting_id=39f682d8-9c1d-4ce5-a38d-a747edfa691e
Kingspan Building Products Limited - P0065,Meeting,,https://leap.epa.ie/licence-profile/P0065/compliance/return/3eb42148-4fec-4fe4-ba83-7033ab269b51,2025-06-24T00:00:00+00:00,Closed,2025-06-24T00:00:00,P0065,41bfea9c-c15a-4569-9cdf-a90959127188,https://data.epa.ie/leap/api/v1/MeetingCorrespondence/meetingbyid?meeting_id=3eb42148-4fec-4fe4-ba83-7033ab269b51
Kingspan Building Products Limited - P0065,Meeting,,https://leap.epa.ie/licence-profile/P0065/compliance/return/3fa549c8-1c5b-42d6-9820-e9126ddd12d6,2025-06-24T00:00:00+00:00,Closed,2025-06-24T00:00:00,P0065,41bfea9c-c15a-4569-9cdf-a90959127188,https://data.epa.ie/leap/api/v1/MeetingCorrespondence/meetingbyid?meeting_id=3fa549c8-1c5b-42d6-9820-e9126ddd12d6
Kingspan Building Products Limited - P0065,Meeting,,https://leap.epa.ie/licence-profile/P0065/compliance/return/4667cdf5-c2b2-4704-97a4-524fc99a9375,2025-06-24T00:00:00+00:00,Closed,2025-06-24T00:00:00,P0065,41bfea9c-c15a-4569-9cdf-a90959127188,https://data.epa.ie/leap/api/v1/MeetingCorrespondence/meetingbyid?meeting_id=4667cdf5-c2b2-4704-97a4-524fc99a9375
Kingspan Building Products Limited - P0065,Meeting,,https://leap.epa.ie/licence-profile/P0065/compliance/return/4895f659-af25-467d-b4af-04cee1b493c6,2025-06-24T00:00:00+00:00,Closed,2025-06-24T00:00:00,P0065,41bfea9c-c15a-4569-9cdf-a90959127188,https://data.epa.ie/leap/api/v1/MeetingCorrespondence/meetingbyid?meeting_id=4895f659-af25-467d-b4af-04cee1b493c6
Kingspan Building Products Limited - P0065,Meeting,,https://leap.epa.ie/licence-profile/P0065/compliance/return/4e655393-14cc-4c3a-9de0-82e50e5e627c,2025-06-24T00:00:00+00:00,Closed,2025-06-24T00:00:00,P0065,41bfea9c-c15a-4569-9cdf-a90959127188,https://data.epa.ie/leap/api/v1/MeetingCorrespondence/meetingbyid?meeting_id=4e655393-14cc-4c3a-9de0-82e50e5e627c
Kingspan Building Products Limited - P0065,Meeting,,https://leap.epa.ie/licence-profile/P0065/compliance/return/4f4e35db-d256-4e09-98d4-2b70a6c736b3,2025-06-24T00:00:00+00:00,Closed,2025-06-24T00:00:00,P0065,41bfea9c-c15a-4569-9cdf-a90959127188,https://data.epa.ie/leap/api/v1/MeetingCorrespondence/meetingbyid?meeting_id=4f4e35db-d256-4e09-98d4-2b70a6c736b3
Kingspan Building Products Limited - P0065,Meeting,,https://leap.epa.ie/licence-profile/P0065/compliance/return/5071a448-e9c9-4804-a4e5-fe4e36c04f49,2025-06-24T00:00:00+00:00,Closed,2025-06-24T00:00:00,P0065,41bfea9c-c15a-4569-9cdf-a90959127188,https://data.epa.ie/leap/api/v1/MeetingCorrespondence/meetingbyid?meeting_id=5071a448-e9c9-4804-a4e5-fe4e36c04f49
Kingspan Building Products Limited - P0065,Meeting,,https://leap.epa.ie/licence-profile/P0065/compliance/return/54a1e242-596a-45ac-875b-10beb2139325,2025-06-24T00:00:00+00:00,Closed,2025-06-24T00:00:00,P0065,41bfea9c-c15a-4569-9cdf-a90959127188,https://data.epa.ie/leap/api/v1/MeetingCorrespondence/meetingbyid?meeting_id=54a1e242-596a-45ac-875b-10beb2139325
Kingspan Building Products Limited - P0065,Meeting,,https://leap.epa.ie/licence-profile/P0065/compliance/return/57078f28-76bb-4447-99cf-8c973cb58ae2,2025-06-24T00:00:00+00:00,Closed,2025-06-24T00:00:00,P0065,41bfea9c-c15a-4569-9cdf-a90959127188,https://data.epa.ie/leap/api/v1/MeetingCorrespondence/meetingbyid?meeting_id=57078f28-76bb-4447-99cf-8c973cb58ae2
Kingspan Building Products Limited - P0065,Meeting,,https://leap.epa.ie/licence-profile/P0065/compliance/return/5bab8c79-e73e-40e5-a711-cdc63a245563,2025-06-24T00:00:00+00:00,Closed,2025-06-24T00:00:00,P0065,41bfea9c-c15a-4569-9cdf-a90959127188,https://data.epa.ie/leap/api/v1/MeetingCorrespondence/meetingbyid?meeting_id=5bab8c79-e73e-40e5-a711-cdc63a245563
Kingspan Building Products Limited - P0065,Meeting,,https://leap.epa.ie/licence-profile/P0065/compliance/return/669e4784-23f8-47f0-bd62-03a436f3adb2,2025-06-24T00:00:00+00:00,Closed,2025-06-24T00:00:00,P0065,41bfea9c-c15a-4569-9cdf-a90959127188,https://data.epa.ie/leap/api/v1/MeetingCorrespondence/meetingbyid?meeting_id=669e4784-23f8-47f0-bd62-03a436f3adb2
Kingspan Building Products Limited - P0065,Meeting,,https://leap.epa.ie/licence-profile/P0065/compliance/return/66e7d551-7c84-4b84-9417-4355cbf6723c,2025-06-24T00:00:00+00:00,Closed,2025-06-24T00:00:00,P0065,41bfea9c-c15a-4569-9cdf-a90959127188,https://data.epa.ie/leap/api/v1/MeetingCorrespondence/meetingbyid?meeting_id=66e7d551-7c84-4b84-9417-4355cbf6723c
Kingspan Building Products Limited - P0065,Meeting,,https://leap.epa.ie/licence-profile/P0065/compliance/return/6d7a03f5-84bd-4033-bc52-c3811adb8fe0,2025-06-24T00:00:00+00:00,Closed,2025-06-24T00:00:00,P0065,41bfea9c-c15a-4569-9cdf-a90959127188,https://data.epa.ie/leap/api/v1/MeetingCorrespondence/meetingbyid?meeting_id=6d7a03f5-84bd-4033-bc52-c3811adb8fe0
Kingspan Building Products Limited - P0065,Meeting,,https://leap.epa.ie/licence-profile/P0065/compliance/return/70f4e9ac-8a07-4457-81e9-882fe3b65c6c,2025-06-24T00:00:00+00:00,Closed,2025-06-24T00:00:00,P0065,41bfea9c-c15a-4569-9cdf-a90959127188,https://data.epa.ie/leap/api/v1/MeetingCorrespondence/meetingbyid?meeting_id=70f4e9ac-8a07-4457-81e9-882fe3b65c6c
Kingspan Building Products Limited - P0065,Meeting,,https://leap.epa.ie/licence-profile/P0065/compliance/return/72140e49-aef6-4623-987d-3e3c6a597483,2025-06-24T00:00:00+00:00,Closed,2025-06-24T00:00:00,P0065,41bfea9c-c15a-4569-9cdf-a90959127188,https://data.epa.ie/leap/api/v1/MeetingCorrespondence/meetingbyid?meeting_id=72140e49-aef6-4623-987d-3e3c6a597483
Kingspan Building Products Limited - P0065,Meeting,,https://leap.epa.ie/licence-profile/P0065/compliance/return/73005e84-e357-443a-b9c7-8bc958956227,2025-06-24T00:00:00+00:00,Closed,2025-06-24T00:00:00,P0065,41bfea9c-c15a-4569-9cdf-a90959127188,https://data.epa.ie/leap/api/v1/MeetingCorrespondence/meetingbyid?meeting_id=73005e84-e357-443a-b9c7-8bc958956227
Kingspan Building Products Limited - P0065,Meeting,,https://leap.epa.ie/licence-profile/P0065/compliance/return/755cdae1-ec73-45db-ad1c-41403eb09389,2025-06-24T00:00:00+00:00,Closed,2025-06-24T00:00:00,P0065,41bfea9c-c15a-4569-9cdf-a90959127188,https://data.epa.ie/leap/api/v1/MeetingCorrespondence/meetingbyid?meeting_id=755cdae1-ec73-45db-ad1c-41403eb09389
Kingspan Building Products Limited - P0065,Meeting,,https://leap.epa.ie/licence-profile/P0065/compliance/return/761254be-5086-444a-a5b3-f112c7c8cc56,2025-06-24T00:00:00+00:00,Closed,2025-06-24T00:00:00,P0065,41bfea9c-c15a-4569-9cdf-a90959127188,https://data.epa.ie/leap/api/v1/MeetingCorrespondence/meetingbyid?meeting_id=761254be-5086-444a-a5b3-f112c7c8cc56
Kingspan Building Products Limited - P0065,Meeting,,https://leap.epa.ie/licence-profile/P0065/compliance/return/7725685e-21ca-494a-8809-dbeaed7b965b,2025-06-24T00:00:00+00:00,Closed,2025-06-24T00:00:00,P0065,41bfea9c-c15a-4569-9cdf-a90959127188,https://data.epa.ie/leap/api/v1/MeetingCorrespondence/meetingbyid?meeting_id=7725685e-21ca-494a-8809-dbeaed7b965b
Kingspan Building Products Limited - P0065,Meeting,,https://leap.epa.ie/licence-profile/P0065/compliance/return/7c24f72e-6e61-4710-a142-4d95f8f15cb9,2025-06-24T00:00:00+00:00,Closed,2025-06-24T00:00:00,P0065,41bfea9c-c15a-4569-9cdf-a90959127188,https://data.epa.ie/leap/api/v1/MeetingCorrespondence/meetingbyid?meeting_id=7c24f72e-6e61-4710-a142-4d95f8f15cb9
Kingspan Building Products Limited - P0065,Meeting,,https://leap.epa.ie/licence-profile/P0065/compliance/return/7ed2b6c4-e949-4a36-ba23-1cd50d81f099,2025-06-24T00:00:00+00:00,Closed,2025-06-24T00:00:00,P0065,41bfea9c-c15a-4569-9cdf-a90959127188,https://data.epa.ie/leap/api/v1/MeetingCorrespondence/meetingbyid?meeting_id=7ed2b6c4-e949-4a36-ba23-1cd50d81f099
Kingspan Building Products Limited - P0065,Meeting,,https://leap.epa.ie/licence-profile/P0065/compliance/return/84877313-2ec4-402f-b4a4-1b5a852d206a,2025-06-24T00:00:00+00:00,Closed,2025-06-24T00:00:00,P0065,41bfea9c-c15a-4569-9cdf-a90959127188,https://data.epa.ie/leap/api/v1/MeetingCorrespondence/meetingbyid?meeting_id=84877313-2ec4-402f-b4a4-1b5a852d206a
Kingspan Building Products Limited - P0065,Meeting,,https://leap.epa.ie/licence-profile/P0065/compliance/return/8513a7a8-7733-4bd3-ac34-68745340d624,2025-06-24T00:00:00+00:00,Closed,2025-06-24T00:00:00,P0065,41bfea9c-c15a-4569-9cdf-a90959127188,https://data.epa.ie/leap/api/v1/MeetingCorrespondence/meetingbyid?meeting_id=8513a7a8-7733-4bd3-ac34-68745340d624
Kingspan Building Products Limited - P0065,Meeting,,https://leap.epa.ie/licence-profile/P0065/compliance/return/8bab73e1-a617-4c1a-9f4b-2100bf2b014e,2025-06-24T00:00:00+00:00,Closed,2025-06-24T00:00:00,P0065,41bfea9c-c15a-4569-9cdf-a90959127188,https://data.epa.ie/leap/api/v1/MeetingCorrespondence/meetingbyid?meeting_id=8bab73e1-a617-4c1a-9f4b-2100bf2b014e
Kingspan Building Products Limited - P0065,Meeting,,https://leap.epa.ie/licence-profile/P0065/compliance/return/912caeff-345d-451f-81fa-4f9d763f1094,2025-06-24T00:00:00+00:00,Closed,2025-06-24T00:00:00,P0065,41bfea9c-c15a-4569-9cdf-a90959127188,https://data.epa.ie/leap/api/v1/MeetingCorrespondence/meetingbyid?meeting_id=912caeff-345d-451f-81fa-4f9d763f1094
Kingspan Building Products Limited - P0065,Meeting,,https://leap.epa.ie/licence-profile/P0065/compliance/return/96bcc225-1886-462f-b7a0-e5949f18be18,2025-06-24T00:00:00+00:00,Closed,2025-06-24T00:00:00,P0065,41bfea9c-c15a-4569-9cdf-a90959127188,https://data.epa.ie/leap/api/v1/MeetingCorrespondence/meetingbyid?meeting_id=96bcc225-1886-462f-b7a0-e5949f18be18
Kingspan Building Products Limited - P0065,Meeting,,https://leap.epa.ie/licence-profile/P0065/compliance/return/9718d3bc-156b-48d5-a15a-c7c4ae1aa419,2025-06-24T00:00:00+00:00,Closed,2025-06-24T00:00:00,P0065,41bfea9c-c15a-4569-9cdf-a90959127188,https://data.epa.ie/leap/api/v1/MeetingCorrespondence/meetingbyid?meeting_id=9718d3bc-156b-48d5-a15a-c7c4ae1aa419
Kingspan Building Products Limited - P0065,Meeting,,https://leap.epa.ie/licence-profile/P0065/compliance/return/977c2a01-4497-4018-b3bd-22accca05d63,2025-06-24T00:00:00+00:00,Closed,2025-06-24T00:00:00,P0065,41bfea9c-c15a-4569-9cdf-a90959127188,https://data.epa.ie/leap/api/v1/MeetingCorrespondence/meetingbyid?meeting_id=977c2a01-4497-4018-b3bd-22accca05d63
Kingspan Building Products Limited - P0065,Meeting,,https://leap.epa.ie/licence-profile/P0065/compliance/return/99788d64-c6cc-432a-b630-422c193d45f1,2025-06-24T00:00:00+00:00,Closed,2025-06-24T00:00:00,P0065,41bfea9c-c15a-4569-9cdf-a90959127188,https://data.epa.ie/leap/api/v1/MeetingCorrespondence/meetingbyid?meeting_id=99788d64-c6cc-432a-b630-422c193d45f1
Kingspan Building Products Limited - P0065,Meeting,,https://leap.epa.ie/licence-profile/P0065/compliance/return/9ef19634-8fd7-48b6-adea-f99986da9b22,2025-06-24T00:00:00+00:00,Closed,2025-06-24T00:00:00,P0065,41bfea9c-c15a-4569-9cdf-a90959127188,https://data.epa.ie/leap/api/v1/MeetingCorrespondence/meetingbyid?meeting_id=9ef19634-8fd7-48b6-adea-f99986da9b22
Kingspan Building Products Limited - P0065,Meeting,,https://leap.epa.ie/licence-profile/P0065/compliance/return/a162ad19-18d3-4b2b-bbc2-72f0acffb500,2025-06-24T00:00:00+00:00,Closed,2025-06-24T00:00:00,P0065,41bfea9c-c15a-4569-9cdf-a90959127188,https://data.epa.ie/leap/api/v1/MeetingCorrespondence/meetingbyid?meeting_id=a162ad19-18d3-4b2b-bbc2-72f0acffb500
Kingspan Building Products Limited - P0065,Meeting,,https://leap.epa.ie/licence-profile/P0065/compliance/return/a1de5474-8159-43b2-a625-79e7bd91aa87,2025-06-24T00:00:00+00:00,Closed,2025-06-24T00:00:00,P0065,41bfea9c-c15a-4569-9cdf-a90959127188,https://data.epa.ie/leap/api/v1/MeetingCorrespondence/meetingbyid?meeting_id=a1de5474-8159-43b2-a625-79e7bd91aa87
Kingspan Building Products Limited - P0065,Meeting,,https://leap.epa.ie/licence-profile/P0065/compliance/return/a541b48d-2eea-4c05-add1-30408748be8e,2025-06-24T00:00:00+00:00,Closed,2025-06-24T00:00:00,P0065,41bfea9c-c15a-4569-9cdf-a90959127188,https://data.epa.ie/leap/api/v1/MeetingCorrespondence/meetingbyid?meeting_id=a541b48d-2eea-4c05-add1-30408748be8e
Kingspan Building Products Limited - P0065,Meeting,,https://leap.epa.ie/licence-profile/P0065/compliance/return/a590c21e-f738-4446-ac02-00ad2610814e,2025-06-24T00:00:00+00:00,Closed,2025-06-24T00:00:00,P0065,41bfea9c-c15a-4569-9cdf-a90959127188,https://data.epa.ie/leap/api/v1/MeetingCorrespondence/meetingbyid?meeting_id=a590c21e-f738-4446-ac02-00ad2610814e
Kingspan Building Products Limited - P0065,Meeting,,https://leap.epa.ie/licence-profile/P0065/compliance/return/a63c5386-1952-471d-b0c3-0c56b99d5064,2025-06-24T00:00:00+00:00,Closed,2025-06-24T00:00:00,P0065,41bfea9c-c15a-4569-9cdf-a90959127188,https://data.epa.ie/leap/api/v1/MeetingCorrespondence/meetingbyid?meeting_id=a63c5386-1952-471d-b0c3-0c56b99d5064
Kingspan Building Products Limited - P0065,Meeting,,https://leap.epa.ie/licence-profile/P0065/compliance/return/aeb3fc62-03e9-4bc5-b4c1-d06c9d32ecbd,2025-06-24T00:00:00+00:00,Closed,2025-06-24T00:00:00,P0065,41bfea9c-c15a-4569-9cdf-a90959127188,https://data.epa.ie/leap/api/v1/MeetingCorrespondence/meetingbyid?meeting_id=aeb3fc62-03e9-4bc5-b4c1-d06c9d32ecbd
Kingspan Building Products Limited - P0065,Meeting,,https://leap.epa.ie/licence-profile/P0065/compliance/return/b278b37c-53ed-41c5-b856-e9df97ef742a,2025-06-24T00:00:00+00:00,Closed,2025-06-24T00:00:00,P0065,41bfea9c-c15a-4569-9cdf-a90959127188,https://data.epa.ie/leap/api/v1/MeetingCorrespondence/meetingbyid?meeting_id=b278b37c-53ed-41c5-b856-e9df97ef742a
Kingspan Building Products Limited - P0065,Meeting,,https://leap.epa.ie/licence-profile/P0065/compliance/return/b3a9993e-9937-4a63-b397-15873999fa99,2025-06-24T00:00:00+00:00,Closed,2025-06-24T00:00:00,P0065,41bfea9c-c15a-4569-9cdf-a90959127188,https://data.epa.ie/leap/api/v1/MeetingCorrespondence/meetingbyid?meeting_id=b3a9993e-9937-4a63-b397-15873999fa99
Kingspan Building Products Limited - P0065,Meeting,,https://leap.epa.ie/licence-profile/P0065/compliance/return/b6bb6217-7312-44b6-9c1a-c0f86d9922bd,2025-06-24T00:00:00+00:00,Closed,2025-06-24T00:00:00,P0065,41bfea9c-c15a-4569-9cdf-a90959127188,https://data.epa.ie/leap/api/v1/MeetingCorrespondence/meetingbyid?meeting_id=b6bb6217-7312-44b6-9c1a-c0f86d9922bd
Kingspan Building Products Limited - P0065,Meeting,,https://leap.epa.ie/licence-profile/P0065/compliance/return/ba574c50-e89e-4c69-afc0-9db29c3ff5d4,2025-06-24T00:00:00+00:00,Closed,2025-06-24T00:00:00,P0065,41bfea9c-c15a-4569-9cdf-a90959127188,https://data.epa.ie/leap/api/v1/MeetingCorrespondence/meetingbyid?meeting_id=ba574c50-e89e-4c69-afc0-9db29c3ff5d4
Kingspan Building Products Limited - P0065,Meeting,,https://leap.epa.ie/licence-profile/P0065/compliance/return/c395ce29-af84-4058-86a6-6d0ce7bf08e6,2025-06-24T00:00:00+00:00,Closed,2025-06-24T00:00:00,P0065,41bfea9c-c15a-4569-9cdf-a90959127188,https://data.epa.ie/leap/api/v1/MeetingCorrespondence/meetingbyid?meeting_id=c395ce29-af84-4058-86a6-6d0ce7bf08e6
Kingspan Building Products Limited - P0065,Meeting,,https://leap.epa.ie/licence-profile/P0065/compliance/return/c8370619-9250-4d2c-b27a-993a5b114220,2025-06-24T00:00:00+00:00,Closed,2025-06-24T00:00:00,P0065,41bfea9c-c15a-4569-9cdf-a90959127188,https://data.epa.ie/leap/api/v1/MeetingCorrespondence/meetingbyid?meeting_id=c8370619-9250-4d2c-b27a-993a5b114220
Kingspan Building Products Limited - P0065,Meeting,,https://leap.epa.ie/licence-profile/P0065/compliance/return/caa7e14d-06cd-4b5e-8d2d-947bee585688,2025-06-24T00:00:00+00:00,Closed,2025-06-24T00:00:00,P0065,41bfea9c-c15a-4569-9cdf-a90959127188,https://data.epa.ie/leap/api/v1/MeetingCorrespondence/meetingbyid?meeting_id=caa7e14d-06cd-4b5e-8d2d-947bee585688
Kingspan Building Products Limited - P0065,Meeting,,https://leap.epa.ie/licence-profile/P0065/compliance/return/cce6d7d7-5da9-4107-ba27-d49457146ce7,2025-06-24T00:00:00+00:00,Closed,2025-06-24T00:00:00,P0065,41bfea9c-c15a-4569-9cdf-a90959127188,https://data.epa.ie/leap/api/v1/MeetingCorrespondence/meetingbyid?meeting_id=cce6d7d7-5da9-4107-ba27-d49457146ce7
Kingspan Building Products Limited - P0065,Meeting,,https://leap.epa.ie/licence-profile/P0065/compliance/return/d2154ba7-4a4c-42df-a05f-f5b9a1d0c8cd,2025-06-24T00:00:00+00:00,Closed,2025-06-24T00:00:00,P0065,41bfea9c-c15a-4569-9cdf-a90959127188,https://data.epa.ie/leap/api/v1/MeetingCorrespondence/meetingbyid?meeting_id=d2154ba7-4a4c-42df-a05f-f5b9a1d0c8cd
Kingspan Building Products Limited - P0065,Meeting,,https://leap.epa.ie/licence-profile/P0065/compliance/return/d2d2b9a7-5314-4721-8d84-312d8eb0a013,2025-06-24T00:00:00+00:00,Closed,2025-06-24T00:00:00,P0065,41bfea9c-c15a-4569-9cdf-a90959127188,https://data.epa.ie/leap/api/v1/MeetingCorrespondence/meetingbyid?meeting_id=d2d2b9a7-5314-4721-8d84-312d8eb0a013
Kingspan Building Products Limited - P0065,Meeting,,https://leap.epa.ie/licence-profile/P0065/compliance/return/d3698f6a-d087-4944-a013-e37f22551e61,2025-06-24T00:00:00+00:00,Closed,2025-06-24T00:00:00,P0065,41bfea9c-c15a-4569-9cdf-a90959127188,https://data.epa.ie/leap/api/v1/MeetingCorrespondence/meetingbyid?meeting_id=d3698f6a-d087-4944-a013-e37f22551e61
Kingspan Building Products Limited - P0065,Meeting,,https://leap.epa.ie/licence-profile/P0065/compliance/return/d42b9ee5-008c-46a3-b886-86c8f7aa8fdf,2025-06-24T00:00:00+00:00,Closed,2025-06-24T00:00:00,P0065,41bfea9c-c15a-4569-9cdf-a90959127188,https://data.epa.ie/leap/api/v1/MeetingCorrespondence/meetingbyid?meeting_id=d42b9ee5-008c-46a3-b886-86c8f7aa8fdf
Kingspan Building Products Limited - P0065,Meeting,,https://leap.epa.ie/licence-profile/P0065/compliance/return/d4ae60e1-870d-44c3-b954-2808f29dbb66,2025-06-24T00:00:00+00:00,Closed,2025-06-24T00:00:00,P0065,41bfea9c-c15a-4569-9cdf-a90959127188,https://data.epa.ie/leap/api/v1/MeetingCorrespondence/meetingbyid?meeting_id=d4ae60e1-870d-44c3-b954-2808f29dbb66
Kingspan Building Products Limited - P0065,Meeting,,https://leap.epa.ie/licence-profile/P0065/compliance/return/d9b120a2-8c7c-45a1-a7b2-2244d628f17c,2025-06-24T00:00:00+00:00,Closed,2025-06-24T00:00:00,P0065,41bfea9c-c15a-4569-9cdf-a90959127188,https://data.epa.ie/leap/api/v1/MeetingCorrespondence/meetingbyid?meeting_id=d9b120a2-8c7c-45a1-a7b2-2244d628f17c
Kingspan Building Products Limited - P0065,Meeting,,https://leap.epa.ie/licence-profile/P0065/compliance/return/da458e92-248b-4bcd-8f09-5b8c8570f323,2025-06-24T00:00:00+00:00,Closed,2025-06-24T00:00:00,P0065,41bfea9c-c15a-4569-9cdf-a90959127188,https://data.epa.ie/leap/api/v1/MeetingCorrespondence/meetingbyid?meeting_id=da458e92-248b-4bcd-8f09-5b8c8570f323
Kingspan Building Products Limited - P0065,Meeting,,https://leap.epa.ie/licence-profile/P0065/compliance/return/dc026dd1-e6ab-4388-9749-1efbb09128e1,2025-06-24T00:00:00+00:00,Closed,2025-06-24T00:00:00,P0065,41bfea9c-c15a-4569-9cdf-a90959127188,https://data.epa.ie/leap/api/v1/MeetingCorrespondence/meetingbyid?meeting_id=dc026dd1-e6ab-4388-9749-1efbb09128e1
Kingspan Building Products Limited - P0065,Meeting,,https://leap.epa.ie/licence-profile/P0065/compliance/return/dcbe6d19-6ff2-4621-ba4f-75bf961c8a6f,2025-06-24T00:00:00+00:00,Closed,2025-06-24T00:00:00,P0065,41bfea9c-c15a-4569-9cdf-a90959127188,https://data.epa.ie/leap/api/v1/MeetingCorrespondence/meetingbyid?meeting_id=dcbe6d19-6ff2-4621-ba4f-75bf961c8a6f
Kingspan Building Products Limited - P0065,Meeting,,https://leap.epa.ie/licence-profile/P0065/compliance/return/e06667e9-c19d-4a8d-a985-265f4b4444a2,2025-06-24T00:00:00+00:00,Closed,2025-06-24T00:00:00,P0065,41bfea9c-c15a-4569-9cdf-a90959127188,https://data.epa.ie/leap/api/v1/MeetingCorrespondence/meetingbyid?meeting_id=e06667e9-c19d-4a8d-a985-265f4b4444a2
Kingspan Building Products Limited - P0065,Meeting,,https://leap.epa.ie/licence-profile/P0065/compliance/return/e48092ca-e983-461d-b78b-8e1fa93c89e4,2025-06-24T00:00:00+00:00,Closed,2025-06-24T00:00:00,P0065,41bfea9c-c15a-4569-9cdf-a90959127188,https://data.epa.ie/leap/api/v1/MeetingCorrespondence/meetingbyid?meeting_id=e48092ca-e983-461d-b78b-8e1fa93c89e4
Kingspan Building Products Limited - P0065,Meeting,,https://leap.epa.ie/licence-profile/P0065/compliance/return/e60df9b8-fc13-4df4-bcca-3595015e4dc2,2025-06-24T00:00:00+00:00,Closed,2025-06-24T00:00:00,P0065,41bfea9c-c15a-4569-9cdf-a90959127188,https://data.epa.ie/leap/api/v1/MeetingCorrespondence/meetingbyid?meeting_id=e60df9b8-fc13-4df4-bcca-3595015e4dc2
Kingspan Building Products Limited - P0065,Meeting,,https://leap.epa.ie/licence-profile/P0065/compliance/return/e85c48f2-9684-4389-bd86-14cc4f3e4aa6,2025-06-24T00:00:00+00:00,Closed,2025-06-24T00:00:00,P0065,41bfea9c-c15a-4569-9cdf-a90959127188,https://data.epa.ie/leap/api/v1/MeetingCorrespondence/meetingbyid?meeting_id=e85c48f2-9684-4389-bd86-14cc4f3e4aa6
Kingspan Building Products Limited - P0065,Meeting,,https://leap.epa.ie/licence-profile/P0065/compliance/return/eb70f79d-2fba-4aaa-833a-3990fc402d6b,2025-06-24T00:00:00+00:00,Closed,2025-06-24T00:00:00,P0065,41bfea9c-c15a-4569-9cdf-a90959127188,https://data.epa.ie/leap/api/v1/MeetingCorrespondence/meetingbyid?meeting_id=eb70f79d-2fba-4aaa-833a-3990fc402d6b
Kingspan Building Products Limited - P0065,Meeting,,https://leap.epa.ie/licence-profile/P0065/compliance/return/ef793f1a-6d44-4f56-93fb-b06266df2dc6,2025-06-24T00:00:00+00:00,Closed,2025-06-24T00:00:00,P0065,41bfea9c-c15a-4569-9cdf-a90959127188,https://data.epa.ie/leap/api/v1/MeetingCorrespondence/meetingbyid?meeting_id=ef793f1a-6d44-4f56-93fb-b06266df2dc6
Kingspan Building Products Limited - P0065,Meeting,,https://leap.epa.ie/licence-profile/P0065/compliance/return/f3f219d2-3f2d-471d-a36b-a6a7f3d662b3,2025-06-24T00:00:00+00:00,Closed,2025-06-24T00:00:00,P0065,41bfea9c-c15a-4569-9cdf-a90959127188,https://data.epa.ie/leap/api/v1/MeetingCorrespondence/meetingbyid?meeting_id=f3f219d2-3f2d-471d-a36b-a6a7f3d662b3
Kingspan Building Products Limited - P0065,Meeting,,https://leap.epa.ie/licence-profile/P0065/compliance/return/f807975c-0940-44a4-bc57-b1a4073e8904,2025-06-24T00:00:00+00:00,Closed,2025-06-24T00:00:00,P0065,41bfea9c-c15a-4569-9cdf-a90959127188,https://data.epa.ie/leap/api/v1/MeetingCorrespondence/meetingbyid?meeting_id=f807975c-0940-44a4-bc57-b1a4073e8904
Kingspan Building Products Limited - P0065,Meeting,,https://leap.epa.ie/licence-profile/P0065/compliance/return/fa4e35ad-1c70-4e73-9722-ae5f32693d6f,2025-06-24T00:00:00+00:00,Closed,2025-06-24T00:00:00,P0065,41bfea9c-c15a-4569-9cdf-a90959127188,https://data.epa.ie/leap/api/v1/MeetingCorrespondence/meetingbyid?meeting_id=fa4e35ad-1c70-4e73-9722-ae5f32693d6f
Kingspan Building Products Limited - P0065,Meeting,,https://leap.epa.ie/licence-profile/P0065/compliance/return/fae89bc5-7ddf-439e-8cfd-e72641156f85,2025-06-24T00:00:00+00:00,Closed,2025-06-24T00:00:00,P0065,41bfea9c-c15a-4569-9cdf-a90959127188,https://data.epa.ie/leap/api/v1/MeetingCorrespondence/meetingbyid?meeting_id=fae89bc5-7ddf-439e-8cfd-e72641156f85
Kingspan Building Products Limited - P0065,Meeting,,https://leap.epa.ie/licence-profile/P0065/compliance/return/fb1dc561-cde2-4d55-854e-b60603a3fdfb,2025-06-24T00:00:00+00:00,Closed,2025-06-24T00:00:00,P0065,41bfea9c-c15a-4569-9cdf-a90959127188,https://data.epa.ie/leap/api/v1/MeetingCorrespondence/meetingbyid?meeting_id=fb1dc561-cde2-4d55-854e-b60603a3fdfb
Kingspan Building Products Limited - P0065,Meeting,,https://leap.epa.ie/licence-profile/P0065/compliance/return/ffac06ce-d749-461f-a1d2-8dcae45fe09d,2025-06-24T00:00:00+00:00,Closed,2025-06-24T00:00:00,P0065,41bfea9c-c15a-4569-9cdf-a90959127188,https://data.epa.ie/leap/api/v1/MeetingCorrespondence/meetingbyid?meeting_id=ffac06ce-d749-461f-a1d2-8dcae45fe09d
Western Brand Group Unlimited Company - P0831,Non Compliance,,https://leap.epa.ie/licence-profile/P0831/compliance/non-compliance/4a6264fa-4550-f011-a373-0050568a2d1a,2025-06-24T00:00:00+00:00,Issued,2025-06-24T00:00:00,P0831,9eb4b5a2-706c-494b-abde-0e5f977b732f,https://data.epa.ie/leap/api/v1/NonCompliance/byid?nc_id=4a6264fa-4550-f011-a373-0050568a2d1a
Western Brand Group Unlimited Company - P0831,Non Compliance,,https://leap.epa.ie/licence-profile/P0831/compliance/non-compliance/c1129cba-4550-f011-a373-0050568a2d1a,2025-06-24T00:00:00+00:00,Issued,2025-06-24T00:00:00,P0831,9eb4b5a2-706c-494b-abde-0e5f977b732f,https://data.epa.ie/leap/api/v1/NonCompliance/byid?nc_id=c1129cba-4550-f011-a373-0050568a2d1a
Western Brand Group Unlimited Company - P0831,Non Compliance,,https://leap.epa.ie/licence-profile/P0831/compliance/non-compliance/cb9cd3d2-4650-f011-a373-0050568a2d1a,2025-06-24T00:00:00+00:00,Issued,2025-06-24T00:00:00,P0831,9eb4b5a2-706c-494b-abde-0e5f977b732f,https://data.epa.ie/leap/api/v1/NonCompliance/byid?nc_id=cb9cd3d2-4650-f011-a373-0050568a2d1a
Cook Ireland Ltd - P0973,Non Compliance,,https://leap.epa.ie/licence-profile/P0973/compliance/non-compliance/d139c5c5-1f4d-f011-a373-0050568a2d1a,2025-06-24T00:00:00+00:00,Withdrawn,2025-06-24T00:00:00,P0973,30bb652e-11fa-e411-a5db-0050568a69e2,https://data.epa.ie/leap/api/v1/NonCompliance/byid?nc_id=d139c5c5-1f4d-f011-a373-0050568a2d1a
Mr Eugene Lannon (Hunts Farm) - P0912,Non Compliance,,https://leap.epa.ie/licence-profile/P0912/compliance/non-compliance/ddabbb1c-2450-f011-a373-0050568a2d1a,2025-06-24T00:00:00+00:00,Issued,2025-06-24T00:00:00,P0912,10f1ee34-99fd-4d5d-9fd3-4e00f6e68529,https://data.epa.ie/leap/api/v1/NonCompliance/byid?nc_id=ddabbb1c-2450-f011-a373-0050568a2d1a
Western Brand Group Unlimited Company - P0831,Non Compliance,,https://leap.epa.ie/licence-profile/P0831/compliance/non-compliance/edcc6b93-0b51-f011-a373-0050568a2d1a,2025-06-24T00:00:00+00:00,Withdrawn,2025-06-24T00:00:00,P0831,9eb4b5a2-706c-494b-abde-0e5f977b732f,https://data.epa.ie/leap/api/v1/NonCompliance/byid?nc_id=edcc6b93-0b51-f011-a373-0050568a2d1a
Cook Ireland Ltd - P0973,Non Compliance,,https://leap.epa.ie/licence-profile/P0973/compliance/non-compliance/ef3997f5-204d-f011-a373-0050568a2d1a,2025-06-24T00:00:00+00:00,Issued,2025-06-24T00:00:00,P0973,30bb652e-11fa-e411-a5db-0050568a69e2,https://data.epa.ie/leap/api/v1/NonCompliance/byid?nc_id=ef3997f5-204d-f011-a373-0050568a2d1a
MSD International GmbH t/a MSD Ireland (Biotech Dublin) - P1106,Site Visit,,https://leap.epa.ie/licence-profile/P1106/compliance/sitevisit/19eaebb6-083a-f011-a373-0050568a2d1a,2025-06-24T00:00:00+00:00,Closed,2025-05-23T00:00:00,P1106,2da03876-ace3-4c97-98bc-61678774639c,https://data.epa.ie/leap/api/v1/SiteVisit/byid?sv_id=19eaebb6-083a-f011-a373-0050568a2d1a
Woodfab Timber Limited - P0358,Site Visit,,https://leap.epa.ie/licence-profile/P0358/compliance/sitevisit/5aec8937-a6d1-ef11-a325-0050568a66b2,2025-06-24T00:00:00+00:00,Closed,2025-06-10T00:00:00,P0358,433482f6-7bd7-4bcf-a6ca-0e3e54326a55,https://data.epa.ie/leap/api/v1/SiteVisit/byid?sv_id=5aec8937-a6d1-ef11-a325-0050568a66b2
Rathvilly Wastewater Treatment Plant - D0237,Site Visit,,https://leap.epa.ie/licence-profile/D0237/compliance/sitevisit/83d272c0-1bbe-ef11-a324-0050568a66b2,2025-06-24T00:00:00+00:00,Closed,2025-05-29T00:00:00,D0237,c2ae3140-9a5e-4471-9794-c38cf276cebb,https://data.epa.ie/leap/api/v1/SiteVisit/byid?sv_id=83d272c0-1bbe-ef11-a324-0050568a66b2
Mr Eugene Lannon (Hunts Farm) - P0912,Site Visit,,https://leap.epa.ie/licence-profile/P0912/compliance/sitevisit/863f9c1f-a6d1-ef11-a325-0050568a66b2,2025-06-24T00:00:00+00:00,Closed,2025-06-05T00:00:00,P0912,10f1ee34-99fd-4d5d-9fd3-4e00f6e68529,https://data.epa.ie/leap/api/v1/SiteVisit/byid?sv_id=863f9c1f-a6d1-ef11-a325-0050568a66b2
Cook Ireland Ltd - P0973,Site Visit,,https://leap.epa.ie/licence-profile/P0973/compliance/sitevisit/9103f3ba-dcbd-ef11-a324-0050568a66b2,2025-06-24T00:00:00+00:00,Closed,2025-05-20T00:00:00,P0973,30bb652e-11fa-e411-a5db-0050568a69e2,https://data.epa.ie/leap/api/v1/SiteVisit/byid?sv_id=9103f3ba-dcbd-ef11-a324-0050568a66b2
Newmarket Co-Operative Creameries Limited - P0793,Site Visit,,https://leap.epa.ie/licence-profile/P0793/compliance/sitevisit/ac471439-b6bb-ef11-a324-0050568a66b2,2025-06-24T00:00:00+00:00,Closed,2025-04-30T00:00:00,P0793,bfd7f520-0909-4fa5-a970-4c9653709eaa,https://data.epa.ie/leap/api/v1/SiteVisit/byid?sv_id=ac471439-b6bb-ef11-a324-0050568a66b2
