licence_profile_name,document_type,title,leap_url,document_date,compliance_status,compliance_date,profilenumber,licenceprofileid,document_url
Carrigtwohill and Environs - D0044,Complaint,Odour Carrigtwohill,https://leap.epa.ie/licence-profile/D0044/compliance/complaint/082c4bb6-2399-f011-a377-0050568a2d1a,2025-10-03T00:00:00+00:00,Closed,2025-09-22T00:00:00,D0044,f30c9103-ac93-4c9b-a488-c0f3d05fa465,https://data.epa.ie/leap/api/v1/Complaint/byid?complaint_id=082c4bb6-2399-f011-a377-0050568a2d1a
Carrigtwohill and Environs - D0044,Complaint,Odour Carrigtwohill,https://leap.epa.ie/licence-profile/D0044/compliance/complaint/1842b8df-2499-f011-a377-0050568a2d1a,2025-10-03T00:00:00+00:00,Closed,2025-09-22T00:00:00,D0044,f30c9103-ac93-4c9b-a488-c0f3d05fa465,https://data.epa.ie/leap/api/v1/Complaint/byid?complaint_id=1842b8df-2499-f011-a377-0050568a2d1a
Carrigtwohill and Environs - D0044,Complaint,Odour Carrigtwohill,https://leap.epa.ie/licence-profile/D0044/compliance/complaint/19fddae3-948c-f011-a376-0050568a2d1a,2025-10-03T00:00:00+00:00,Closed,2025-09-05T00:00:00,D0044,f30c9103-ac93-4c9b-a488-c0f3d05fa465,https://data.epa.ie/leap/api/v1/Complaint/byid?complaint_id=19fddae3-948c-f011-a376-0050568a2d1a
Carrigtwohill and Environs - D0044,Complaint,Odour Carrigtwohill,https://leap.epa.ie/licence-profile/D0044/compliance/complaint/33bd7f68-2499-f011-a377-0050568a2d1a,2025-10-03T00:00:00+00:00,Closed,2025-09-22T00:00:00,D0044,f30c9103-ac93-4c9b-a488-c0f3d05fa465,https://data.epa.ie/leap/api/v1/Complaint/byid?complaint_id=33bd7f68-2499-f011-a377-0050568a2d1a
Carrigtwohill and Environs - D0044,Complaint,Odour Carrigtwohill,https://leap.epa.ie/licence-profile/D0044/compliance/complaint/39177a37-5099-f011-a377-0050568a2d1a,2025-10-03T00:00:00+00:00,Closed,2025-09-22T00:00:00,D0044,f30c9103-ac93-4c9b-a488-c0f3d05fa465,https://data.epa.ie/leap/api/v1/Complaint/byid?complaint_id=39177a37-5099-f011-a377-0050568a2d1a
Carrigtwohill and Environs - D0044,Complaint,Odour Carrigtwohill,https://leap.epa.ie/licence-profile/D0044/compliance/complaint/3f27993e-c488-f011-a373-0050568a2d1a,2025-10-03T00:00:00+00:00,Closed,2025-09-03T00:00:00,D0044,f30c9103-ac93-4c9b-a488-c0f3d05fa465,https://data.epa.ie/leap/api/v1/Complaint/byid?complaint_id=3f27993e-c488-f011-a373-0050568a2d1a
Kells - D0127,Complaint,SWO3 Newrath Stream Kells,https://leap.epa.ie/licence-profile/D0127/compliance/complaint/41bb5a5e-68a0-f011-a377-0050568a2d1a,2025-10-03T00:00:00+00:00,Open,2025-10-03T00:00:00,D0127,63ffe3ec-a34d-4ff2-9db9-4b3fe294c79c,https://data.epa.ie/leap/api/v1/Complaint/byid?complaint_id=41bb5a5e-68a0-f011-a377-0050568a2d1a
Carrigtwohill and Environs - D0044,Complaint,Odour Carrigtwohill,https://leap.epa.ie/licence-profile/D0044/compliance/complaint/759d2de4-5599-f011-a377-0050568a2d1a,2025-10-03T00:00:00+00:00,Closed,2025-09-22T00:00:00,D0044,f30c9103-ac93-4c9b-a488-c0f3d05fa465,https://data.epa.ie/leap/api/v1/Complaint/byid?complaint_id=759d2de4-5599-f011-a377-0050568a2d1a
Carrigtwohill and Environs - D0044,Complaint,Odour Carrigtwohill,https://leap.epa.ie/licence-profile/D0044/compliance/complaint/7ac4487c-5599-f011-a377-0050568a2d1a,2025-10-03T00:00:00+00:00,Closed,2025-09-22T00:00:00,D0044,f30c9103-ac93-4c9b-a488-c0f3d05fa465,https://data.epa.ie/leap/api/v1/Complaint/byid?complaint_id=7ac4487c-5599-f011-a377-0050568a2d1a
Irish Distillers Limited - P0442,Complaint,"P0442-02, 17/09/2025, Odour",https://leap.epa.ie/licence-profile/P0442/compliance/complaint/832d4eb9-8494-f011-a377-0050568a2d1a,2025-10-03T00:00:00+00:00,Closed,2025-09-18T00:00:00,P0442,8e66dbf7-8c5f-496c-89ce-79b6dfded6c9,https://data.epa.ie/leap/api/v1/Complaint/byid?complaint_id=832d4eb9-8494-f011-a377-0050568a2d1a
Carrigtwohill and Environs - D0044,Complaint,Odour Carrigtwohill,https://leap.epa.ie/licence-profile/D0044/compliance/complaint/88917ace-5299-f011-a377-0050568a2d1a,2025-10-03T00:00:00+00:00,Closed,2025-09-22T00:00:00,D0044,f30c9103-ac93-4c9b-a488-c0f3d05fa465,https://data.epa.ie/leap/api/v1/Complaint/byid?complaint_id=88917ace-5299-f011-a377-0050568a2d1a
Carrigtwohill and Environs - D0044,Complaint,Odour Carrigtwohill,https://leap.epa.ie/licence-profile/D0044/compliance/complaint/b0f5b156-5399-f011-a377-0050568a2d1a,2025-10-03T00:00:00+00:00,Closed,2025-09-22T00:00:00,D0044,f30c9103-ac93-4c9b-a488-c0f3d05fa465,https://data.epa.ie/leap/api/v1/Complaint/byid?complaint_id=b0f5b156-5399-f011-a377-0050568a2d1a
Carrigtwohill and Environs - D0044,Complaint,Odour Carrigtwohill,https://leap.epa.ie/licence-profile/D0044/compliance/complaint/b1ae0fb0-4f99-f011-a377-0050568a2d1a,2025-10-03T00:00:00+00:00,Closed,2025-09-22T00:00:00,D0044,f30c9103-ac93-4c9b-a488-c0f3d05fa465,https://data.epa.ie/leap/api/v1/Complaint/byid?complaint_id=b1ae0fb0-4f99-f011-a377-0050568a2d1a
Carrigtwohill and Environs - D0044,Complaint,Odour Carrigtwohill,https://leap.epa.ie/licence-profile/D0044/compliance/complaint/dfedd513-5499-f011-a377-0050568a2d1a,2025-10-03T00:00:00+00:00,Closed,2025-09-22T00:00:00,D0044,f30c9103-ac93-4c9b-a488-c0f3d05fa465,https://data.epa.ie/leap/api/v1/Complaint/byid?complaint_id=dfedd513-5499-f011-a377-0050568a2d1a
Carrigtwohill and Environs - D0044,Complaint,Odour Carrigtwohill,https://leap.epa.ie/licence-profile/D0044/compliance/complaint/e481ef88-5499-f011-a377-0050568a2d1a,2025-10-03T00:00:00+00:00,Closed,2025-09-22T00:00:00,D0044,f30c9103-ac93-4c9b-a488-c0f3d05fa465,https://data.epa.ie/leap/api/v1/Complaint/byid?complaint_id=e481ef88-5499-f011-a377-0050568a2d1a
Carrigtwohill and Environs - D0044,Complaint,Odour Carrigtwohill,https://leap.epa.ie/licence-profile/D0044/compliance/complaint/e5919902-928c-f011-a376-0050568a2d1a,2025-10-03T00:00:00+00:00,Closed,2025-09-05T00:00:00,D0044,f30c9103-ac93-4c9b-a488-c0f3d05fa465,https://data.epa.ie/leap/api/v1/Complaint/byid?complaint_id=e5919902-928c-f011-a376-0050568a2d1a
Bruree - D0506,Incident,Abatement equipment off-line,https://leap.epa.ie/licence-profile/D0506/compliance/incident/181816df-6894-f011-a377-0050568a2d1a,2025-10-03T00:00:00+00:00,Closed,2025-09-18T00:00:00,D0506,c648cc30-439f-4326-bf0f-01fe3f2e5df7,https://data.epa.ie/leap/api/v1/Incident/byid?incident_id=181816df-6894-f011-a377-0050568a2d1a
"MSD International GmbH, trading as MSD Ireland (Brinny) - P0005",Incident,Trigger Level Reached,https://leap.epa.ie/licence-profile/P0005/compliance/incident/433fe137-6fa0-f011-a377-0050568a2d1a,2025-10-03T00:00:00+00:00,Closed,2025-10-03T00:00:00,P0005,402b12ea-8c77-4050-bc57-908a1f088899,https://data.epa.ie/leap/api/v1/Incident/byid?incident_id=433fe137-6fa0-f011-a377-0050568a2d1a
Derrinturn - D0244,Incident,Monitoring Equipment Issues,https://leap.epa.ie/licence-profile/D0244/compliance/incident/4d9c28e6-73a0-f011-a377-0050568a2d1a,2025-10-03T00:00:00+00:00,Open,2025-10-03T00:00:00,D0244,52cd4ea6-db5d-4cf3-827d-bda41ff20ade,https://data.epa.ie/leap/api/v1/Incident/byid?incident_id=4d9c28e6-73a0-f011-a377-0050568a2d1a
Kilfenora - A0079,Incident,Uncontrolled Release,https://leap.epa.ie/licence-profile/A0079/compliance/incident/5d5c4b49-40a0-f011-a377-0050568a2d1a,2025-10-03T00:00:00+00:00,Open,2025-10-03T00:00:00,A0079,95ac00bf-8a44-4b42-b9d5-036c2b2611c8,https://data.epa.ie/leap/api/v1/Incident/byid?incident_id=5d5c4b49-40a0-f011-a377-0050568a2d1a
Roscrea - D0025,Incident,Spillage,https://leap.epa.ie/licence-profile/D0025/compliance/incident/6125d4ed-189a-f011-a377-0050568a2d1a,2025-10-03T00:00:00+00:00,Closed,2025-09-25T00:00:00,D0025,14967b7c-e42f-426d-a6c3-c764d10ebe48,https://data.epa.ie/leap/api/v1/Incident/byid?incident_id=6125d4ed-189a-f011-a377-0050568a2d1a
Borrisoleigh - D0323,Incident,Breach of ELV,https://leap.epa.ie/licence-profile/D0323/compliance/incident/621085bf-df88-f011-a373-0050568a2d1a,2025-10-03T00:00:00+00:00,Closed,2025-09-03T00:00:00,D0323,9e254c19-10fa-4423-99c6-586fdc7d20f1,https://data.epa.ie/leap/api/v1/Incident/byid?incident_id=621085bf-df88-f011-a373-0050568a2d1a
Newcastle West - D0108,Incident,Abatement equipment off-line,https://leap.epa.ie/licence-profile/D0108/compliance/incident/6895e3e0-2892-f011-a377-0050568a2d1a,2025-10-03T00:00:00+00:00,Closed,2025-09-15T00:00:00,D0108,ff87e6e2-6e56-410d-95da-dad296907866,https://data.epa.ie/leap/api/v1/Incident/byid?incident_id=6895e3e0-2892-f011-a377-0050568a2d1a
Littleton - D0480,Incident,Abatement equipment off-line,https://leap.epa.ie/licence-profile/D0480/compliance/incident/757b6dcd-2b8e-f011-a376-0050568a2d1a,2025-10-03T00:00:00+00:00,Closed,2025-09-10T00:00:00,D0480,649e7541-3a60-46ee-a8f2-715e719a15ce,https://data.epa.ie/leap/api/v1/Incident/byid?incident_id=757b6dcd-2b8e-f011-a376-0050568a2d1a
Lisdoonvarna - D0077,Incident,Spillage,https://leap.epa.ie/licence-profile/D0077/compliance/incident/aab2d632-fc8e-f011-a377-0050568a2d1a,2025-10-03T00:00:00+00:00,Closed,2025-09-11T00:00:00,D0077,2c557102-fa1b-4054-945c-c0d481b679b4,https://data.epa.ie/leap/api/v1/Incident/byid?incident_id=aab2d632-fc8e-f011-a377-0050568a2d1a
Thermo Fisher Scientific Cork Limited - P0004,Incident,Breach of ELV,https://leap.epa.ie/licence-profile/P0004/compliance/incident/bb395b28-60a0-f011-a377-0050568a2d1a,2025-10-03T00:00:00+00:00,Closed,2025-10-03T00:00:00,P0004,1a507022-d459-4a98-afb9-cc0587998ac1,https://data.epa.ie/leap/api/v1/Incident/byid?incident_id=bb395b28-60a0-f011-a377-0050568a2d1a
Riverstown - A0547,Incident,Abatement equipment off-line,https://leap.epa.ie/licence-profile/A0547/compliance/incident/d07263d7-32a0-f011-a377-0050568a2d1a,2025-10-03T00:00:00+00:00,Open,2025-10-03T00:00:00,A0547,5684f050-8eb4-e511-987f-0050568a69e2,https://data.epa.ie/leap/api/v1/Incident/byid?incident_id=d07263d7-32a0-f011-a377-0050568a2d1a
Kilpedder - D0416,Incident,Breach of ELV,https://leap.epa.ie/licence-profile/D0416/compliance/incident/f86939e1-71a0-f011-a377-0050568a2d1a,2025-10-03T00:00:00+00:00,Open,2025-10-03T00:00:00,D0416,6360e1d2-3404-4674-8e12-1a76aa2b989a,https://data.epa.ie/leap/api/v1/Incident/byid?incident_id=f86939e1-71a0-f011-a377-0050568a2d1a
Shannon Town - D0045,Incident,Uncontrolled Release,https://leap.epa.ie/licence-profile/D0045/compliance/incident/fe381216-119e-f011-a377-0050568a2d1a,2025-10-03T00:00:00+00:00,Closed,2025-09-30T00:00:00,D0045,5d0d0725-77fc-4168-918b-6368fde076c2,https://data.epa.ie/leap/api/v1/Incident/byid?incident_id=fe381216-119e-f011-a377-0050568a2d1a
Anglo Beef Processors Ireland Unlimited Company trading as ABP Waterford - P0205,Monitoring Returns,EMR,https://leap.epa.ie/licence-profile/P0205/compliance/return/00c0ae11-029e-f011-a377-0050568a2d1a,2025-10-03T00:00:00+00:00,Closed,2025-09-30T00:00:00,P0205,e45b9e00-8ace-4157-b3e3-7a5d07ddea3a,https://data.epa.ie/leap/api/v1/LicenseeReturns/byid?lr_id=00c0ae11-029e-f011-a377-0050568a2d1a
Kanturk - D0203,Annual Environmental Report,AER 2024,https://leap.epa.ie/licence-profile/D0203/compliance/return/042b6a83-5ea0-f011-a377-0050568a2d1a,2025-10-03T00:00:00+00:00,Open,2025-10-03T00:00:00,D0203,5edb03b2-3a3c-4976-a957-7fe86430f831,https://data.epa.ie/leap/api/v1/LicenseeReturns/byid?lr_id=042b6a83-5ea0-f011-a377-0050568a2d1a
Ballinagh - D0501,Annual Environmental Report,AER 2024,https://leap.epa.ie/licence-profile/D0501/compliance/return/06467e31-5ea0-f011-a377-0050568a2d1a,2025-10-03T00:00:00+00:00,Open,2025-10-03T00:00:00,D0501,757ddf63-4186-465a-8caf-29f5a0c53e65,https://data.epa.ie/leap/api/v1/LicenseeReturns/byid?lr_id=06467e31-5ea0-f011-a377-0050568a2d1a
Starrus Eco Holdings Limited (Waterford City) - W0177,Site Updates/Notifications,Licensee Public Response - SV32637,https://leap.epa.ie/licence-profile/W0177/compliance/return/08c05649-62a0-f011-a377-0050568a2d1a,2025-10-03T00:00:00+00:00,Open,2025-10-03T00:00:00,W0177,c1850155-df4d-425d-9971-730bdb3c91b8,https://data.epa.ie/leap/api/v1/LicenseeReturns/byid?lr_id=08c05649-62a0-f011-a377-0050568a2d1a
Mr Patrick Moore - P0470,Requests for Approval and Site Reports,Documents for p0470-01,https://leap.epa.ie/licence-profile/P0470/compliance/return/0ce7f520-5f9f-f011-a377-0050568a2d1a,2025-10-03T00:00:00+00:00,Closed,2025-10-02T00:00:00,P0470,46850068-3d69-4abc-8f50-66f1d2414a25,https://data.epa.ie/leap/api/v1/LicenseeReturns/byid?lr_id=0ce7f520-5f9f-f011-a377-0050568a2d1a
Killeshandra - D0499,Annual Environmental Report,AER 2024,https://leap.epa.ie/licence-profile/D0499/compliance/return/1636bd97-5da0-f011-a377-0050568a2d1a,2025-10-03T00:00:00+00:00,Open,2025-10-03T00:00:00,D0499,4d5884d8-c53a-4b2d-8e0c-655d65d1faa0,https://data.epa.ie/leap/api/v1/LicenseeReturns/byid?lr_id=1636bd97-5da0-f011-a377-0050568a2d1a
Barclay Chemicals Manufacturing Limited - P0522,Site Updates/Notifications,Licensee Public Response - SV30861,https://leap.epa.ie/licence-profile/P0522/compliance/return/1868f8a3-879f-f011-a377-0050568a2d1a,2025-10-03T00:00:00+00:00,Closed,2025-10-02T00:00:00,P0522,ce5e8581-496b-4350-908d-00982ca6fb6a,https://data.epa.ie/leap/api/v1/LicenseeReturns/byid?lr_id=1868f8a3-879f-f011-a377-0050568a2d1a
Timoleague Agri Gen Limited - P0986,Requests for Approval and Site Reports,Alternative Quality Standard For Digestate,https://leap.epa.ie/licence-profile/P0986/compliance/return/1a530e63-8d9f-f011-a377-0050568a2d1a,2025-10-03T00:00:00+00:00,Closed,2025-10-02T00:00:00,P0986,e334799f-9bb0-e611-8d41-0050568a69e2,https://data.epa.ie/leap/api/v1/LicenseeReturns/byid?lr_id=1a530e63-8d9f-f011-a377-0050568a2d1a
Woodfab Timber Limited - P0358,Monitoring Returns,WoodFab Noise Monitoring,https://leap.epa.ie/licence-profile/P0358/compliance/return/1ac7f88d-bb8f-f011-a377-0050568a2d1a,2025-10-03T00:00:00+00:00,Closed,2025-09-12T00:00:00,P0358,433482f6-7bd7-4bcf-a6ca-0e3e54326a55,https://data.epa.ie/leap/api/v1/LicenseeReturns/byid?lr_id=1ac7f88d-bb8f-f011-a377-0050568a2d1a
Newtowncunningham - D0349,Annual Environmental Report,AER 2024,https://leap.epa.ie/licence-profile/D0349/compliance/return/20d7d24f-5fa0-f011-a377-0050568a2d1a,2025-10-03T00:00:00+00:00,Open,2025-10-03T00:00:00,D0349,4ea77b69-53de-4827-98ca-8c2ef016ed0f,https://data.epa.ie/leap/api/v1/LicenseeReturns/byid?lr_id=20d7d24f-5fa0-f011-a377-0050568a2d1a
Killala - D0067,Annual Environmental Report,AER 2024,https://leap.epa.ie/licence-profile/D0067/compliance/return/2c602c81-5fa0-f011-a377-0050568a2d1a,2025-10-03T00:00:00+00:00,Open,2025-10-03T00:00:00,D0067,e3b06f01-80f4-4390-9e23-9496b452534f,https://data.epa.ie/leap/api/v1/LicenseeReturns/byid?lr_id=2c602c81-5fa0-f011-a377-0050568a2d1a
Bailieborough - D0085,Annual Environmental Report,AER 2024,https://leap.epa.ie/licence-profile/D0085/compliance/return/2e92af6d-5da0-f011-a377-0050568a2d1a,2025-10-03T00:00:00+00:00,Open,2025-10-03T00:00:00,D0085,5a1d2208-88a9-4c37-9aa4-1e302f7f7df4,https://data.epa.ie/leap/api/v1/LicenseeReturns/byid?lr_id=2e92af6d-5da0-f011-a377-0050568a2d1a
Knockharley Landfill - W0146,Requests for Approval and Site Reports,extention of operating hours for the generator,https://leap.epa.ie/licence-profile/W0146/compliance/return/311d17e5-f39a-f011-a377-0050568a2d1a,2025-10-03T00:00:00+00:00,Closed,2025-09-26T00:00:00,W0146,8a684cb8-e7fb-4d81-b843-20ffd7f4aeeb,https://data.epa.ie/leap/api/v1/LicenseeReturns/byid?lr_id=311d17e5-f39a-f011-a377-0050568a2d1a
Shannonside Building Supplies Limited - P0319,Monitoring Returns,Stormwater Monitoring July 2025,https://leap.epa.ie/licence-profile/P0319/compliance/return/3e49afa8-de7c-f011-a373-0050568a2d1a,2025-10-03T00:00:00+00:00,Closed,2025-08-19T00:00:00,P0319,fa8aa891-8ce6-4c6d-9629-2ec87e0731a5,https://data.epa.ie/leap/api/v1/LicenseeReturns/byid?lr_id=3e49afa8-de7c-f011-a373-0050568a2d1a
Ray Whelan Ltd - W0158,Monitoring Returns,2023 Q1-Q3 Dust Results,https://leap.epa.ie/licence-profile/W0158/compliance/return/402a4261-da9a-f011-a377-0050568a2d1a,2025-10-03T00:00:00+00:00,Closed,2025-09-26T00:00:00,W0158,ae789b77-a988-4cf7-9df5-67696d4b8899,https://data.epa.ie/leap/api/v1/LicenseeReturns/byid?lr_id=402a4261-da9a-f011-a377-0050568a2d1a
Kilrush - D0075,Annual Environmental Report,AER 2024,https://leap.epa.ie/licence-profile/D0075/compliance/return/4645be1b-5fa0-f011-a377-0050568a2d1a,2025-10-03T00:00:00+00:00,Open,2025-10-03T00:00:00,D0075,cc723944-8bb3-4511-88b5-c29e42787726,https://data.epa.ie/leap/api/v1/LicenseeReturns/byid?lr_id=4645be1b-5fa0-f011-a377-0050568a2d1a
Roscommon Town & Environs - D0116,Annual Environmental Report,AER 2024,https://leap.epa.ie/licence-profile/D0116/compliance/return/49963bbb-5fa0-f011-a377-0050568a2d1a,2025-10-03T00:00:00+00:00,Open,2025-10-03T00:00:00,D0116,09508791-1dcd-464f-8606-d81f4365bdd1,https://data.epa.ie/leap/api/v1/LicenseeReturns/byid?lr_id=49963bbb-5fa0-f011-a377-0050568a2d1a
Cavan - D0020,Annual Environmental Report,AER 2024,https://leap.epa.ie/licence-profile/D0020/compliance/return/4c8409e4-5ca0-f011-a377-0050568a2d1a,2025-10-03T00:00:00+00:00,Open,2025-10-03T00:00:00,D0020,5d80fbec-dc4f-4ba7-8da8-874be91cda69,https://data.epa.ie/leap/api/v1/LicenseeReturns/byid?lr_id=4c8409e4-5ca0-f011-a377-0050568a2d1a
Balleally Landfill - W0009,Requests for Approval and Site Reports,Balleally Landfill Leachate Tank Inspection Report 2021,https://leap.epa.ie/licence-profile/W0009/compliance/return/4e46616a-e188-f011-a373-0050568a2d1a,2025-10-03T00:00:00+00:00,Closed,2025-09-03T00:00:00,W0009,136a8b2d-1990-4539-aef5-0c1a713ec64e,https://data.epa.ie/leap/api/v1/LicenseeReturns/byid?lr_id=4e46616a-e188-f011-a373-0050568a2d1a
Knockharley Landfill - W0146,Site Updates/Notifications,Withdraw LR097916,https://leap.epa.ie/licence-profile/W0146/compliance/return/56336ab5-7f9f-f011-a377-0050568a2d1a,2025-10-03T00:00:00+00:00,Closed,2025-10-02T00:00:00,W0146,8a684cb8-e7fb-4d81-b843-20ffd7f4aeeb,https://data.epa.ie/leap/api/v1/LicenseeReturns/byid?lr_id=56336ab5-7f9f-f011-a377-0050568a2d1a
Ray Whelan Ltd - W0158,Monitoring Returns,2021 Annual Noise Monitoring Survey Results,https://leap.epa.ie/licence-profile/W0158/compliance/return/6a388979-d89a-f011-a377-0050568a2d1a,2025-10-03T00:00:00+00:00,Closed,2025-09-26T00:00:00,W0158,ae789b77-a988-4cf7-9df5-67696d4b8899,https://data.epa.ie/leap/api/v1/LicenseeReturns/byid?lr_id=6a388979-d89a-f011-a377-0050568a2d1a
Dromiskin - D0264,Site Updates/Notifications,Planned Essential Maintenance Works- Mixer in SBR 1,https://leap.epa.ie/licence-profile/D0264/compliance/return/6adbe810-71a0-f011-a377-0050568a2d1a,2025-10-03T00:00:00+00:00,Open,2025-10-03T00:00:00,D0264,b1c7797c-26ae-4325-8169-78e4c45b69cb,https://data.epa.ie/leap/api/v1/LicenseeReturns/byid?lr_id=6adbe810-71a0-f011-a377-0050568a2d1a
Belturbet - D0084,Annual Environmental Report,AER 2024,https://leap.epa.ie/licence-profile/D0084/compliance/return/6e499511-5da0-f011-a377-0050568a2d1a,2025-10-03T00:00:00+00:00,Open,2025-10-03T00:00:00,D0084,2199c78c-3e4d-473e-9c7b-1b28675bb0b1,https://data.epa.ie/leap/api/v1/LicenseeReturns/byid?lr_id=6e499511-5da0-f011-a377-0050568a2d1a
Woodfab Timber Limited - P0358,Site Updates/Notifications,Report on work carried out following site visit on 12/8 and phone call on 13/8,https://leap.epa.ie/licence-profile/P0358/compliance/return/833dc230-cd9e-f011-a377-0050568a2d1a,2025-10-03T00:00:00+00:00,Closed,2025-10-01T00:00:00,P0358,433482f6-7bd7-4bcf-a6ca-0e3e54326a55,https://data.epa.ie/leap/api/v1/LicenseeReturns/byid?lr_id=833dc230-cd9e-f011-a377-0050568a2d1a
Anglo Beef Processors Ireland Unlimited Company trading as ABP Waterford - P0205,Site Updates/Notifications,CI,https://leap.epa.ie/licence-profile/P0205/compliance/return/84be63d5-ce9e-f011-a377-0050568a2d1a,2025-10-03T00:00:00+00:00,Closed,2025-10-01T00:00:00,P0205,e45b9e00-8ace-4157-b3e3-7a5d07ddea3a,https://data.epa.ie/leap/api/v1/LicenseeReturns/byid?lr_id=84be63d5-ce9e-f011-a377-0050568a2d1a
Kilnaleck - D0500,Annual Environmental Report,AER 2024,https://leap.epa.ie/licence-profile/D0500/compliance/return/993351d4-5da0-f011-a377-0050568a2d1a,2025-10-03T00:00:00+00:00,Open,2025-10-03T00:00:00,D0500,a0d792ea-657c-43ee-a91a-201391777210,https://data.epa.ie/leap/api/v1/LicenseeReturns/byid?lr_id=993351d4-5da0-f011-a377-0050568a2d1a
Kilmore Quay Village and Environs - D0232,Annual Environmental Report,AER 2024,https://leap.epa.ie/licence-profile/D0232/compliance/return/9c2f985c-60a0-f011-a377-0050568a2d1a,2025-10-03T00:00:00+00:00,Open,2025-10-03T00:00:00,D0232,5306f060-c23e-49f6-b869-0e8978685671,https://data.epa.ie/leap/api/v1/LicenseeReturns/byid?lr_id=9c2f985c-60a0-f011-a377-0050568a2d1a
Ray Whelan Ltd - W0158,Monitoring Returns,Q1-Q3 2021Dust Results,https://leap.epa.ie/licence-profile/W0158/compliance/return/9c8a1c0d-d89a-f011-a377-0050568a2d1a,2025-10-03T00:00:00+00:00,Closed,2025-09-26T00:00:00,W0158,ae789b77-a988-4cf7-9df5-67696d4b8899,https://data.epa.ie/leap/api/v1/LicenseeReturns/byid?lr_id=9c8a1c0d-d89a-f011-a377-0050568a2d1a
Ray Whelan Ltd - W0158,Monitoring Returns,2022 Q1-Q3 Dust Survey Results,https://leap.epa.ie/licence-profile/W0158/compliance/return/afcfdcfc-d89a-f011-a377-0050568a2d1a,2025-10-03T00:00:00+00:00,Closed,2025-09-26T00:00:00,W0158,ae789b77-a988-4cf7-9df5-67696d4b8899,https://data.epa.ie/leap/api/v1/LicenseeReturns/byid?lr_id=afcfdcfc-d89a-f011-a377-0050568a2d1a
N&C Enterprises Limited - W0292,Site Updates/Notifications,Early Closure,https://leap.epa.ie/licence-profile/W0292/compliance/return/c13e9bf4-43a0-f011-a377-0050568a2d1a,2025-10-03T00:00:00+00:00,Closed,2025-10-03T00:00:00,W0292,54f8da29-b073-e711-bce9-0050568a69e2,https://data.epa.ie/leap/api/v1/LicenseeReturns/byid?lr_id=c13e9bf4-43a0-f011-a377-0050568a2d1a
Courtmacsherry and Timoleague - D0294,Annual Environmental Report,AER 2024,https://leap.epa.ie/licence-profile/D0294/compliance/return/ca7926b1-60a0-f011-a377-0050568a2d1a,2025-10-03T00:00:00+00:00,Open,2025-10-03T00:00:00,D0294,3a6eeb1b-6033-44e3-b45d-72e2eb2014f3,https://data.epa.ie/leap/api/v1/LicenseeReturns/byid?lr_id=ca7926b1-60a0-f011-a377-0050568a2d1a
Kilcullen Landfill Limited - W0081,Site Updates/Notifications,Site Update following EPA Site Visit ref SV31703,https://leap.epa.ie/licence-profile/W0081/compliance/return/cd1b8e8f-51a0-f011-a377-0050568a2d1a,2025-10-03T00:00:00+00:00,Open,2025-10-03T00:00:00,W0081,95a2b8b7-d83f-4e20-ae1a-a354b2f9d090,https://data.epa.ie/leap/api/v1/LicenseeReturns/byid?lr_id=cd1b8e8f-51a0-f011-a377-0050568a2d1a
Boherbue and Environs - D0437,Annual Environmental Report,AER 2024,https://leap.epa.ie/licence-profile/D0437/compliance/return/cd5dd5d8-5ea0-f011-a377-0050568a2d1a,2025-10-03T00:00:00+00:00,Open,2025-10-03T00:00:00,D0437,50822259-96ee-4bae-9ebd-6062a9de9a97,https://data.epa.ie/leap/api/v1/LicenseeReturns/byid?lr_id=cd5dd5d8-5ea0-f011-a377-0050568a2d1a
Zoetis Belgium S.A. - P0638,Monitoring Returns,P0638-02 - Q3 2025 Groundwater Monitoring Report,https://leap.epa.ie/licence-profile/P0638/compliance/return/df91b531-2e8f-f011-a377-0050568a2d1a,2025-10-03T00:00:00+00:00,Closed,2025-09-11T00:00:00,P0638,189d7de6-f0b6-4a66-9948-0c5bd626a79b,https://data.epa.ie/leap/api/v1/LicenseeReturns/byid?lr_id=df91b531-2e8f-f011-a377-0050568a2d1a
Barclay Chemicals Manufacturing Limited - P0522,Site Updates/Notifications,SV30861 - Air Monitoring - Observation 1.1,https://leap.epa.ie/licence-profile/P0522/compliance/return/e0078a07-889f-f011-a377-0050568a2d1a,2025-10-03T00:00:00+00:00,Closed,2025-10-02T00:00:00,P0522,ce5e8581-496b-4350-908d-00982ca6fb6a,https://data.epa.ie/leap/api/v1/LicenseeReturns/byid?lr_id=e0078a07-889f-f011-a377-0050568a2d1a
Ballymote - D0094,Annual Environmental Report,AER 2024,https://leap.epa.ie/licence-profile/D0094/compliance/return/ed50f4f1-5fa0-f011-a377-0050568a2d1a,2025-10-03T00:00:00+00:00,Open,2025-10-03T00:00:00,D0094,722f06b6-e630-45fc-8a5f-36b2c256e4f9,https://data.epa.ie/leap/api/v1/LicenseeReturns/byid?lr_id=ed50f4f1-5fa0-f011-a377-0050568a2d1a
Woodfab Timber Limited - P0358,Site Updates/Notifications,Treatment Tank Decommissioning Post Plant Plan Oct25,https://leap.epa.ie/licence-profile/P0358/compliance/return/f741a167-ce9e-f011-a377-0050568a2d1a,2025-10-03T00:00:00+00:00,Closed,2025-10-01T00:00:00,P0358,433482f6-7bd7-4bcf-a6ca-0e3e54326a55,https://data.epa.ie/leap/api/v1/LicenseeReturns/byid?lr_id=f741a167-ce9e-f011-a377-0050568a2d1a
Woodfab Timber Limited - P0358,Monitoring Returns,Bund and underground tank Intergity Test,https://leap.epa.ie/licence-profile/P0358/compliance/return/f9747e0e-bb8f-f011-a377-0050568a2d1a,2025-10-03T00:00:00+00:00,Closed,2025-09-12T00:00:00,P0358,433482f6-7bd7-4bcf-a6ca-0e3e54326a55,https://data.epa.ie/leap/api/v1/LicenseeReturns/byid?lr_id=f9747e0e-bb8f-f011-a377-0050568a2d1a
Mondelez Ireland Production Limited (Coolock) - P0809,EPA Initiated Correspondence,,https://leap.epa.ie/licence-profile/P0809/compliance/epa-correspondence/c9cee76b-4aa0-f011-a377-0050568a2d1a,2025-10-03T00:00:00+00:00,Closed,2025-10-03T00:00:00,P0809,424e2cce-c667-4fd9-9b74-a2f41ac6f4e9,https://data.epa.ie/leap/api/v1/MeetingCorrespondence/epainiciatedcorrespondencebyid?epainitiatedcorrespondence_id=c9cee76b-4aa0-f011-a377-0050568a2d1a
Suretank Limited - P0836,Non Compliance,,https://leap.epa.ie/licence-profile/P0836/compliance/non-compliance/16191fa8-c89e-f011-a377-0050568a2d1a,2025-10-03T00:00:00+00:00,Issued,2025-10-03T00:00:00,P0836,a37a3d27-3c0e-4e61-94eb-6a714e7ded02,https://data.epa.ie/leap/api/v1/NonCompliance/byid?nc_id=16191fa8-c89e-f011-a377-0050568a2d1a
Suretank Limited - P0836,Non Compliance,,https://leap.epa.ie/licence-profile/P0836/compliance/non-compliance/2d415637-c79e-f011-a377-0050568a2d1a,2025-10-03T00:00:00+00:00,Issued,2025-10-03T00:00:00,P0836,a37a3d27-3c0e-4e61-94eb-6a714e7ded02,https://data.epa.ie/leap/api/v1/NonCompliance/byid?nc_id=2d415637-c79e-f011-a377-0050568a2d1a
Dairygold Co-operative Society Limited (Castlefarm) - P0404,Non Compliance,,https://leap.epa.ie/licence-profile/P0404/compliance/non-compliance/342513e5-dd8f-f011-a377-0050568a2d1a,2025-10-03T00:00:00+00:00,Issued,2025-10-03T00:00:00,P0404,7559ca15-a380-41a0-9205-247a2e3bae64,https://data.epa.ie/leap/api/v1/NonCompliance/byid?nc_id=342513e5-dd8f-f011-a377-0050568a2d1a
Future Pigs Limited - P0420,Non Compliance,,https://leap.epa.ie/licence-profile/P0420/compliance/non-compliance/3de7f396-71a0-f011-a377-0050568a2d1a,2025-10-03T00:00:00+00:00,Issued,2025-10-03T00:00:00,P0420,ae069c33-5a18-4e3f-9666-3cf8a6512565,https://data.epa.ie/leap/api/v1/NonCompliance/byid?nc_id=3de7f396-71a0-f011-a377-0050568a2d1a
Kilkenny Cheese Limited - P1180,Non Compliance,,https://leap.epa.ie/licence-profile/P1180/compliance/non-compliance/749397ec-9e9f-f011-a377-0050568a2d1a,2025-10-03T00:00:00+00:00,Issued,2025-10-03T00:00:00,P1180,9372871d-2362-4b79-9bad-3b762b4855ec,https://data.epa.ie/leap/api/v1/NonCompliance/byid?nc_id=749397ec-9e9f-f011-a377-0050568a2d1a
Future Pigs Limited - P0420,Non Compliance,,https://leap.epa.ie/licence-profile/P0420/compliance/non-compliance/7f3cf5eb-72a0-f011-a377-0050568a2d1a,2025-10-03T00:00:00+00:00,Issued,2025-10-03T00:00:00,P0420,ae069c33-5a18-4e3f-9666-3cf8a6512565,https://data.epa.ie/leap/api/v1/NonCompliance/byid?nc_id=7f3cf5eb-72a0-f011-a377-0050568a2d1a
Suretank Limited - P0836,Non Compliance,,https://leap.epa.ie/licence-profile/P0836/compliance/non-compliance/80334b76-c99e-f011-a377-0050568a2d1a,2025-10-03T00:00:00+00:00,Issued,2025-10-03T00:00:00,P0836,a37a3d27-3c0e-4e61-94eb-6a714e7ded02,https://data.epa.ie/leap/api/v1/NonCompliance/byid?nc_id=80334b76-c99e-f011-a377-0050568a2d1a
Sk Biotek Ireland Limited - P0014,Non Compliance,,https://leap.epa.ie/licence-profile/P0014/compliance/non-compliance/84376780-289d-f011-a377-0050568a2d1a,2025-10-03T00:00:00+00:00,Issued,2025-10-03T00:00:00,P0014,4814da41-5cdb-4dcc-a85c-795e3003b2db,https://data.epa.ie/leap/api/v1/NonCompliance/byid?nc_id=84376780-289d-f011-a377-0050568a2d1a
Padraig Thornton Waste Disposal Limited - P1014,Non Compliance,,https://leap.epa.ie/licence-profile/P1014/compliance/non-compliance/94895007-61a0-f011-a377-0050568a2d1a,2025-10-03T00:00:00+00:00,Issued,2025-10-03T00:00:00,P1014,d0eb7292-66a5-e511-987f-0050568a69e2,https://data.epa.ie/leap/api/v1/NonCompliance/byid?nc_id=94895007-61a0-f011-a377-0050568a2d1a
Clashford Recovery Facilities LTD - W0265,Non Compliance,,https://leap.epa.ie/licence-profile/W0265/compliance/non-compliance/9f9599a3-36a0-f011-a377-0050568a2d1a,2025-10-03T00:00:00+00:00,Issued,2025-10-03T00:00:00,W0265,d927580f-5fd8-e811-a2db-0050568a66b2,https://data.epa.ie/leap/api/v1/NonCompliance/byid?nc_id=9f9599a3-36a0-f011-a377-0050568a2d1a
Suretank Limited - P0836,Non Compliance,,https://leap.epa.ie/licence-profile/P0836/compliance/non-compliance/b145d4ea-c79e-f011-a377-0050568a2d1a,2025-10-03T00:00:00+00:00,Issued,2025-10-03T00:00:00,P0836,a37a3d27-3c0e-4e61-94eb-6a714e7ded02,https://data.epa.ie/leap/api/v1/NonCompliance/byid?nc_id=b145d4ea-c79e-f011-a377-0050568a2d1a
Padraig Thornton Waste Disposal Limited - P1014,Non Compliance,,https://leap.epa.ie/licence-profile/P1014/compliance/non-compliance/eb25e6ca-62a0-f011-a377-0050568a2d1a,2025-10-03T00:00:00+00:00,Issued,2025-10-03T00:00:00,P1014,d0eb7292-66a5-e511-987f-0050568a69e2,https://data.epa.ie/leap/api/v1/NonCompliance/byid?nc_id=eb25e6ca-62a0-f011-a377-0050568a2d1a
Padraig Thornton Waste Disposal Limited - P1014,Non Compliance,,https://leap.epa.ie/licence-profile/P1014/compliance/non-compliance/f06ba37d-60a0-f011-a377-0050568a2d1a,2025-10-03T00:00:00+00:00,Issued,2025-10-03T00:00:00,P1014,d0eb7292-66a5-e511-987f-0050568a69e2,https://data.epa.ie/leap/api/v1/NonCompliance/byid?nc_id=f06ba37d-60a0-f011-a377-0050568a2d1a
Midleton Quarry - W0307,Site Visit,,https://leap.epa.ie/licence-profile/W0307/compliance/sitevisit/16f52e25-e19e-f011-a377-0050568a2d1a,2025-10-03T00:00:00+00:00,Closed,2025-10-01T00:00:00,W0307,9691a75c-95ba-4ca9-8a6e-22dc2c7b017d,https://data.epa.ie/leap/api/v1/SiteVisit/byid?sv_id=16f52e25-e19e-f011-a377-0050568a2d1a
Dawn Meats Ireland t/a Dawn Charleville - P0173,Site Visit,,https://leap.epa.ie/licence-profile/P0173/compliance/sitevisit/1d02f3ba-dcbd-ef11-a324-0050568a66b2,2025-10-03T00:00:00+00:00,Closed,2025-07-30T00:00:00,P0173,30ef8c0c-2313-47c9-8235-5950942abef4,https://data.epa.ie/leap/api/v1/SiteVisit/byid?sv_id=1d02f3ba-dcbd-ef11-a324-0050568a66b2
Kilkenny Cheese Limited - P1180,Site Visit,,https://leap.epa.ie/licence-profile/P1180/compliance/sitevisit/27f4377f-8f94-f011-a377-0050568a2d1a,2025-10-03T00:00:00+00:00,Closed,2025-09-18T00:00:00,P1180,9372871d-2362-4b79-9bad-3b762b4855ec,https://data.epa.ie/leap/api/v1/SiteVisit/byid?sv_id=27f4377f-8f94-f011-a377-0050568a2d1a
Padraig Thornton Waste Disposal Limited - P1014,Site Visit,,https://leap.epa.ie/licence-profile/P1014/compliance/sitevisit/2911942b-a6d1-ef11-a325-0050568a66b2,2025-10-03T00:00:00+00:00,Closed,2025-09-05T00:00:00,P1014,d0eb7292-66a5-e511-987f-0050568a69e2,https://data.epa.ie/leap/api/v1/SiteVisit/byid?sv_id=2911942b-a6d1-ef11-a325-0050568a66b2
Dairygold Agri Business Limited - P1052,Site Visit,,https://leap.epa.ie/licence-profile/P1052/compliance/sitevisit/4b25aebe-b29f-f011-a377-0050568a2d1a,2025-10-03T00:00:00+00:00,Closed,2025-09-02T00:00:00,P1052,cb27580f-5fd8-e811-a2db-0050568a66b2,https://data.epa.ie/leap/api/v1/SiteVisit/byid?sv_id=4b25aebe-b29f-f011-a377-0050568a2d1a
Clashford Recovery Facilities LTD - W0265,Site Visit,,https://leap.epa.ie/licence-profile/W0265/compliance/sitevisit/51e56633-049d-f011-a377-0050568a2d1a,2025-10-03T00:00:00+00:00,Closed,2025-09-05T00:00:00,W0265,d927580f-5fd8-e811-a2db-0050568a66b2,https://data.epa.ie/leap/api/v1/SiteVisit/byid?sv_id=51e56633-049d-f011-a377-0050568a2d1a
Sk Biotek Ireland Limited - P0014,Site Visit,,https://leap.epa.ie/licence-profile/P0014/compliance/sitevisit/56409c1f-a6d1-ef11-a325-0050568a66b2,2025-10-03T00:00:00+00:00,Closed,2025-09-04T00:00:00,P0014,4814da41-5cdb-4dcc-a85c-795e3003b2db,https://data.epa.ie/leap/api/v1/SiteVisit/byid?sv_id=56409c1f-a6d1-ef11-a325-0050568a66b2
Future Pigs Limited - P0420,Site Visit,,https://leap.epa.ie/licence-profile/P0420/compliance/sitevisit/e2f762d1-8c8d-f011-a376-0050568a2d1a,2025-10-03T00:00:00+00:00,Closed,2025-09-03T00:00:00,P0420,ae069c33-5a18-4e3f-9666-3cf8a6512565,https://data.epa.ie/leap/api/v1/SiteVisit/byid?sv_id=e2f762d1-8c8d-f011-a376-0050568a2d1a
Suretank Limited - P0836,Site Visit,,https://leap.epa.ie/licence-profile/P0836/compliance/sitevisit/eb992b10-d788-f011-a373-0050568a2d1a,2025-10-03T00:00:00+00:00,Closed,2025-09-03T00:00:00,P0836,a37a3d27-3c0e-4e61-94eb-6a714e7ded02,https://data.epa.ie/leap/api/v1/SiteVisit/byid?sv_id=eb992b10-d788-f011-a373-0050568a2d1a
Dairygold Co-operative Society Limited (Castlefarm) - P0404,Site Visit,,https://leap.epa.ie/licence-profile/P0404/compliance/sitevisit/ee573e7f-a047-f011-a373-0050568a2d1a,2025-10-03T00:00:00+00:00,Closed,2025-06-11T00:00:00,P0404,7559ca15-a380-41a0-9205-247a2e3bae64,https://data.epa.ie/leap/api/v1/SiteVisit/byid?sv_id=ee573e7f-a047-f011-a373-0050568a2d1a
North Cork Co-Op Creameries Limited - P1051,Complaint,"P1051-01, 07/08/2025, Water Quality",https://leap.epa.ie/licence-profile/P1051/compliance/complaint/2400de31-b39f-f011-a377-0050568a2d1a,2025-10-02T00:00:00+00:00,Open,2025-10-02T00:00:00,P1051,c927580f-5fd8-e811-a2db-0050568a66b2,https://data.epa.ie/leap/api/v1/Complaint/byid?complaint_id=2400de31-b39f-f011-a377-0050568a2d1a
Anglo Beef Processors Ireland Unlimited Company trading as ABP Waterford - P0205,Complaint,"P0205-02, 27/09/25, Odour",https://leap.epa.ie/licence-profile/P0205/compliance/complaint/41ca0d69-d09d-f011-a377-0050568a2d1a,2025-10-02T00:00:00+00:00,Closed,2025-09-29T00:00:00,P0205,e45b9e00-8ace-4157-b3e3-7a5d07ddea3a,https://data.epa.ie/leap/api/v1/Complaint/byid?complaint_id=41ca0d69-d09d-f011-a377-0050568a2d1a
Ballynagran Residual Landfill - W0165,Complaint,"W0165-02, 29/09/2025, Waste Odour",https://leap.epa.ie/licence-profile/W0165/compliance/complaint/64d4912b-189d-f011-a377-0050568a2d1a,2025-10-02T00:00:00+00:00,Closed,2025-09-29T00:00:00,W0165,7207345b-6c69-4fa6-9401-b0a8e715d64c,https://data.epa.ie/leap/api/v1/Complaint/byid?complaint_id=64d4912b-189d-f011-a377-0050568a2d1a
Ballynagran Residual Landfill - W0165,Complaint,"W0165-02, 29/09/25, Odours",https://leap.epa.ie/licence-profile/W0165/compliance/complaint/98dc4e70-3a9d-f011-a377-0050568a2d1a,2025-10-02T00:00:00+00:00,Closed,2025-09-29T00:00:00,W0165,7207345b-6c69-4fa6-9401-b0a8e715d64c,https://data.epa.ie/leap/api/v1/Complaint/byid?complaint_id=98dc4e70-3a9d-f011-a377-0050568a2d1a
Ballynagran Residual Landfill - W0165,Complaint,"W0165-02, 30/09/25, Waste odours",https://leap.epa.ie/licence-profile/W0165/compliance/complaint/e370ba77-d49d-f011-a377-0050568a2d1a,2025-10-02T00:00:00+00:00,Closed,2025-09-30T00:00:00,W0165,7207345b-6c69-4fa6-9401-b0a8e715d64c,https://data.epa.ie/leap/api/v1/Complaint/byid?complaint_id=e370ba77-d49d-f011-a377-0050568a2d1a
Kepak Athleague - P0168,Complaint,"P0168-2, 03/09/2025, Odour",https://leap.epa.ie/licence-profile/P0168/compliance/complaint/e78f57f1-dd88-f011-a373-0050568a2d1a,2025-10-02T00:00:00+00:00,Closed,2025-09-03T00:00:00,P0168,9747f926-2521-453e-8dbd-d39177b06596,https://data.epa.ie/leap/api/v1/Complaint/byid?complaint_id=e78f57f1-dd88-f011-a373-0050568a2d1a
Regeneron Ireland Designated Activity Company - P0991,Incident,Responded to low suction pressure alarm in system A room 1074. Upon investigation found leak in sigh,https://leap.epa.ie/licence-profile/P0991/compliance/incident/3f7e12d3-809f-f011-a377-0050568a2d1a,2025-10-02T00:00:00+00:00,Open,2025-10-02T00:00:00,P0991,29177451-53b7-e411-b3b4-0050568a69e2,https://data.epa.ie/leap/api/v1/Incident/byid?incident_id=3f7e12d3-809f-f011-a377-0050568a2d1a
Regeneron Ireland Designated Activity Company - P0991,Incident,"FGAS R134A leak 22 Kg in QC lab chiller 2 system A. Vendor (BAF) carrying out 3 monthly PM., found",https://leap.epa.ie/licence-profile/P0991/compliance/incident/56b62dc9-829f-f011-a377-0050568a2d1a,2025-10-02T00:00:00+00:00,Open,2025-10-02T00:00:00,P0991,29177451-53b7-e411-b3b4-0050568a69e2,https://data.epa.ie/leap/api/v1/Incident/byid?incident_id=56b62dc9-829f-f011-a377-0050568a2d1a
JANSSEN SCIENCES IRELAND UC - P0778,Incident,Monitoring Equipment Issues/Malfunction,https://leap.epa.ie/licence-profile/P0778/compliance/incident/684a5569-9f9f-f011-a377-0050568a2d1a,2025-10-02T00:00:00+00:00,Closed,2025-10-02T00:00:00,P0778,ff8e8bb5-cf35-4fb1-a789-af7571da741d,https://data.epa.ie/leap/api/v1/Incident/byid?incident_id=684a5569-9f9f-f011-a377-0050568a2d1a
Freemount - A0336,Incident,Uncontrolled Release,https://leap.epa.ie/licence-profile/A0336/compliance/incident/972c6b8a-9d9f-f011-a377-0050568a2d1a,2025-10-02T00:00:00+00:00,Open,2025-10-02T00:00:00,A0336,8c3fbf54-0c1f-4a01-9e71-14b6a6f51c4e,https://data.epa.ie/leap/api/v1/Incident/byid?incident_id=972c6b8a-9d9f-f011-a377-0050568a2d1a
Regeneron Ireland Designated Activity Company - P0991,Incident,Freezer room 1075 System A alarming on a high temperature alarm. During investigation found syst,https://leap.epa.ie/licence-profile/P0991/compliance/incident/b548fb17-7f9f-f011-a377-0050568a2d1a,2025-10-02T00:00:00+00:00,Open,2025-10-02T00:00:00,P0991,29177451-53b7-e411-b3b4-0050568a69e2,https://data.epa.ie/leap/api/v1/Incident/byid?incident_id=b548fb17-7f9f-f011-a377-0050568a2d1a
Riverstick - D0433,Incident,Uncontrolled Release,https://leap.epa.ie/licence-profile/D0433/compliance/incident/c2c4235f-929f-f011-a377-0050568a2d1a,2025-10-02T00:00:00+00:00,Open,2025-10-02T00:00:00,D0433,f6210474-6ff1-4248-aafe-e4b6643312b4,https://data.epa.ie/leap/api/v1/Incident/byid?incident_id=c2c4235f-929f-f011-a377-0050568a2d1a
Dingle - D0185,Incident,Abatement equipment off-line,https://leap.epa.ie/licence-profile/D0185/compliance/incident/d35b9b6d-919f-f011-a377-0050568a2d1a,2025-10-02T00:00:00+00:00,Open,2025-10-02T00:00:00,D0185,a7e6cad5-fddf-467b-8091-1d9856df04c5,https://data.epa.ie/leap/api/v1/Incident/byid?incident_id=d35b9b6d-919f-f011-a377-0050568a2d1a
Regeneron Ireland Designated Activity Company - P0991,Incident,On 22 April 2025 release of 9kg of FGas (RR9A) from minus 30 walk in freezer (Room 1056 -System A),https://leap.epa.ie/licence-profile/P0991/compliance/incident/e32ea726-7c9f-f011-a377-0050568a2d1a,2025-10-02T00:00:00+00:00,Open,2025-10-02T00:00:00,P0991,29177451-53b7-e411-b3b4-0050568a69e2,https://data.epa.ie/leap/api/v1/Incident/byid?incident_id=e32ea726-7c9f-f011-a377-0050568a2d1a
Regeneron Ireland Designated Activity Company - P0991,Incident,"Investigated high temperature in room 1074, found refrigerant leak R448A 2.5Kg in room 1074 system A",https://leap.epa.ie/licence-profile/P0991/compliance/incident/f494fd71-849f-f011-a377-0050568a2d1a,2025-10-02T00:00:00+00:00,Open,2025-10-02T00:00:00,P0991,29177451-53b7-e411-b3b4-0050568a69e2,https://data.epa.ie/leap/api/v1/Incident/byid?incident_id=f494fd71-849f-f011-a377-0050568a2d1a
Cavan Waste Disposal Ltd - W0207,Site Updates/Notifications,Interceptor Cleaning 2024-2025,https://leap.epa.ie/licence-profile/W0207/compliance/return/00228bc1-499d-f011-a377-0050568a2d1a,2025-10-02T00:00:00+00:00,Closed,2025-09-29T00:00:00,W0207,090c5119-1b94-43b9-a97d-d4ab3199a426,https://data.epa.ie/leap/api/v1/LicenseeReturns/byid?lr_id=00228bc1-499d-f011-a377-0050568a2d1a
Kepak Athleague - P0168,Site Updates/Notifications,Request to sample Chloride,https://leap.epa.ie/licence-profile/P0168/compliance/return/0f23890c-7195-f011-a377-0050568a2d1a,2025-10-02T00:00:00+00:00,Closed,2025-09-19T00:00:00,P0168,9747f926-2521-453e-8dbd-d39177b06596,https://data.epa.ie/leap/api/v1/LicenseeReturns/byid?lr_id=0f23890c-7195-f011-a377-0050568a2d1a
J.P.H Enterprises Limited - P0838,Site Updates/Notifications,SVR (SV31623) Response,https://leap.epa.ie/licence-profile/P0838/compliance/return/11ca1bb8-5a8d-f011-a376-0050568a2d1a,2025-10-02T00:00:00+00:00,Closed,2025-09-09T00:00:00,P0838,327b169f-7583-4ca7-bd73-da5813b70bd8,https://data.epa.ie/leap/api/v1/LicenseeReturns/byid?lr_id=11ca1bb8-5a8d-f011-a376-0050568a2d1a
Astellas Ireland Company Limited - P0007,Site Updates/Notifications,Emission Point Labels,https://leap.epa.ie/licence-profile/P0007/compliance/return/1bbe7bb5-a48c-f011-a376-0050568a2d1a,2025-10-02T00:00:00+00:00,Closed,2025-09-08T00:00:00,P0007,70af4f9e-968f-4979-b8b4-1902cd92e4f4,https://data.epa.ie/leap/api/v1/LicenseeReturns/byid?lr_id=1bbe7bb5-a48c-f011-a376-0050568a2d1a
Astellas Ireland Company Limited - P0007,Site Updates/Notifications,Licensee Public Response - SV31768,https://leap.epa.ie/licence-profile/P0007/compliance/return/432e0878-4a98-f011-a377-0050568a2d1a,2025-10-02T00:00:00+00:00,Closed,2025-09-23T00:00:00,P0007,70af4f9e-968f-4979-b8b4-1902cd92e4f4,https://data.epa.ie/leap/api/v1/LicenseeReturns/byid?lr_id=432e0878-4a98-f011-a377-0050568a2d1a
Cara Partners - P0017,Site Updates/Notifications,Response to Site Visit - SV31887,https://leap.epa.ie/licence-profile/P0017/compliance/return/4a6eae98-d663-f011-a373-0050568a2d1a,2025-10-02T00:00:00+00:00,Closed,2025-07-18T00:00:00,P0017,177d9576-1c1f-4a4e-98b7-7babe9cdf8b2,https://data.epa.ie/leap/api/v1/LicenseeReturns/byid?lr_id=4a6eae98-d663-f011-a373-0050568a2d1a
Mr. Raymond Brady - P1149,Site Updates/Notifications,Commencement of Activities,https://leap.epa.ie/licence-profile/P1149/compliance/return/50987c0d-d49a-f011-a377-0050568a2d1a,2025-10-02T00:00:00+00:00,Closed,2025-09-26T00:00:00,P1149,cc5ced03-3232-4648-a7ad-d690502c61f5,https://data.epa.ie/leap/api/v1/LicenseeReturns/byid?lr_id=50987c0d-d49a-f011-a377-0050568a2d1a
Pfizer Ireland Pharmaceuticals Unlimited Company (Grange Castle) - P0652,Requests for Approval and Site Reports,Wastewater Characterisation,https://leap.epa.ie/licence-profile/P0652/compliance/return/6cb39097-948d-f011-a376-0050568a2d1a,2025-10-02T00:00:00+00:00,Closed,2025-09-09T00:00:00,P0652,52836abc-c980-4735-818e-6ee1bcfd6152,https://data.epa.ie/leap/api/v1/LicenseeReturns/byid?lr_id=6cb39097-948d-f011-a376-0050568a2d1a
Bruscar Bhearna Teoranta (Ballaghadereen) - W0163,Site Updates/Notifications,SV32660 Drainage Plan & Waste Storage Plan,https://leap.epa.ie/licence-profile/W0163/compliance/return/6cd441eb-0a9e-f011-a377-0050568a2d1a,2025-10-02T00:00:00+00:00,Closed,2025-09-30T00:00:00,W0163,08defcd0-acb8-4401-8d22-1b017da1ec3b,https://data.epa.ie/leap/api/v1/LicenseeReturns/byid?lr_id=6cd441eb-0a9e-f011-a377-0050568a2d1a
Blancomet Recycling IE Limited - P1115,Requests for Approval and Site Reports,Up to date Fire Risk Assessment and Site Layout Plan,https://leap.epa.ie/licence-profile/P1115/compliance/return/82fed6c8-7a9f-f011-a377-0050568a2d1a,2025-10-02T00:00:00+00:00,Open,2025-10-02T00:00:00,P1115,ecbc036b-7025-40d5-af78-abb427d2ee83,https://data.epa.ie/leap/api/v1/LicenseeReturns/byid?lr_id=82fed6c8-7a9f-f011-a377-0050568a2d1a
Sleever International Limited - P0674,Monitoring Returns,2025 Environmental Noise Report,https://leap.epa.ie/licence-profile/P0674/compliance/return/8ea15a9c-2641-f011-a373-0050568a2d1a,2025-10-02T00:00:00+00:00,Closed,2025-06-04T00:00:00,P0674,9fd4c177-829b-4f7b-910e-8c811caaeebc,https://data.epa.ie/leap/api/v1/LicenseeReturns/byid?lr_id=8ea15a9c-2641-f011-a373-0050568a2d1a
Dawn Meats Ireland Unlimited Company - P0811,Site Updates/Notifications,Response to Site Visit report,https://leap.epa.ie/licence-profile/P0811/compliance/return/b7fc45cd-0f9e-f011-a377-0050568a2d1a,2025-10-02T00:00:00+00:00,Closed,2025-09-30T00:00:00,P0811,49e1c863-0ced-458c-ba11-f458f97a2e5b,https://data.epa.ie/leap/api/v1/LicenseeReturns/byid?lr_id=b7fc45cd-0f9e-f011-a377-0050568a2d1a
MSD International GmbH t/a MSD Ireland (Dunboyne Biologics) - P1073,Requests for Approval and Site Reports,Independent Closure Audit IE Licence Boundary Reduction,https://leap.epa.ie/licence-profile/P1073/compliance/return/ccf2db26-839f-f011-a377-0050568a2d1a,2025-10-02T00:00:00+00:00,Open,2025-10-02T00:00:00,P1073,541d080f-45b6-448e-8327-82e0cb13dc2e,https://data.epa.ie/leap/api/v1/LicenseeReturns/byid?lr_id=ccf2db26-839f-f011-a377-0050568a2d1a
O'Toole Composting Limited - W0284,Requests for Approval and Site Reports,SEW Baler,https://leap.epa.ie/licence-profile/W0284/compliance/return/d8a32d00-0a9a-f011-a377-0050568a2d1a,2025-10-02T00:00:00+00:00,Closed,2025-09-25T00:00:00,W0284,0d377f83-f286-e511-a5db-0050568a69e2,https://data.epa.ie/leap/api/v1/LicenseeReturns/byid?lr_id=d8a32d00-0a9a-f011-a377-0050568a2d1a
Södra Wood (Ireland) Limited - P0608,Monitoring Returns,Q3 2025 Surface Water Monitoring Results,https://leap.epa.ie/licence-profile/P0608/compliance/return/d945a885-749f-f011-a377-0050568a2d1a,2025-10-02T00:00:00+00:00,Open,2025-10-02T00:00:00,P0608,7495214d-3b6e-4891-9bb2-d8187ac9007a,https://data.epa.ie/leap/api/v1/LicenseeReturns/byid?lr_id=d945a885-749f-f011-a377-0050568a2d1a
Holmestown Waste Management Facility - W0191,Monitoring Returns,Surface Water Biological Monitoring,https://leap.epa.ie/licence-profile/W0191/compliance/return/e7e7c983-4f99-f011-a377-0050568a2d1a,2025-10-02T00:00:00+00:00,Closed,2025-09-24T00:00:00,W0191,cc7d3f43-b6e6-413a-b51e-64cd4f8a5fae,https://data.epa.ie/leap/api/v1/LicenseeReturns/byid?lr_id=e7e7c983-4f99-f011-a377-0050568a2d1a
Inagh Landfill - W0109,Monitoring Returns,CWMF Flare Monitoring 2024 Reports,https://leap.epa.ie/licence-profile/W0109/compliance/return/f58140c5-9fac-ef11-a36c-0050568a2d1a,2025-10-02T00:00:00+00:00,Closed,2024-11-27T00:00:00,W0109,6b148736-c29d-4a4c-8186-27797dfa4688,https://data.epa.ie/leap/api/v1/LicenseeReturns/byid?lr_id=f58140c5-9fac-ef11-a36c-0050568a2d1a
Wellman International Limited - P0236,EPA Initiated Correspondence,,https://leap.epa.ie/licence-profile/P0236/compliance/epa-correspondence/fde424a1-829f-f011-a377-0050568a2d1a,2025-10-02T00:00:00+00:00,Closed,2025-10-02T00:00:00,P0236,10f49a20-e2de-47ab-bbdc-2992e54e413f,https://data.epa.ie/leap/api/v1/MeetingCorrespondence/epainiciatedcorrespondencebyid?epainitiatedcorrespondence_id=fde424a1-829f-f011-a377-0050568a2d1a
Södra Wood (Ireland) Limited - P0608,Non Compliance,,https://leap.epa.ie/licence-profile/P0608/compliance/non-compliance/1171a248-9d9f-f011-a377-0050568a2d1a,2025-10-02T00:00:00+00:00,Issued,2025-10-02T00:00:00,P0608,7495214d-3b6e-4891-9bb2-d8187ac9007a,https://data.epa.ie/leap/api/v1/NonCompliance/byid?nc_id=1171a248-9d9f-f011-a377-0050568a2d1a
Garryhesta Pit - W0299,Non Compliance,,https://leap.epa.ie/licence-profile/W0299/compliance/non-compliance/69a228c2-f79d-f011-a377-0050568a2d1a,2025-10-02T00:00:00+00:00,Issued,2025-10-02T00:00:00,W0299,fbc4d573-c04e-45f1-b707-197285ecef51,https://data.epa.ie/leap/api/v1/NonCompliance/byid?nc_id=69a228c2-f79d-f011-a377-0050568a2d1a
Garryhesta Pit - W0299,Non Compliance,,https://leap.epa.ie/licence-profile/W0299/compliance/non-compliance/76d194db-f69d-f011-a377-0050568a2d1a,2025-10-02T00:00:00+00:00,Issued,2025-10-02T00:00:00,W0299,fbc4d573-c04e-45f1-b707-197285ecef51,https://data.epa.ie/leap/api/v1/NonCompliance/byid?nc_id=76d194db-f69d-f011-a377-0050568a2d1a
Garryhesta Pit - W0299,Non Compliance,,https://leap.epa.ie/licence-profile/W0299/compliance/non-compliance/ab08652a-ea9d-f011-a377-0050568a2d1a,2025-10-02T00:00:00+00:00,Issued,2025-10-02T00:00:00,W0299,fbc4d573-c04e-45f1-b707-197285ecef51,https://data.epa.ie/leap/api/v1/NonCompliance/byid?nc_id=ab08652a-ea9d-f011-a377-0050568a2d1a
Powerstown Landfill Site - W0025,Site Visit,,https://leap.epa.ie/licence-profile/W0025/compliance/sitevisit/2bfb67a5-0288-f011-a373-0050568a2d1a,2025-10-02T00:00:00+00:00,Closed,2025-09-02T00:00:00,W0025,dd2f07a1-348f-468d-94f6-520b76079112,https://data.epa.ie/leap/api/v1/SiteVisit/byid?sv_id=2bfb67a5-0288-f011-a373-0050568a2d1a
"Brewery, Chemical and Dairy Engineering Limited - P0283",Site Visit,,https://leap.epa.ie/licence-profile/P0283/compliance/sitevisit/5502f3ba-dcbd-ef11-a324-0050568a66b2,2025-10-02T00:00:00+00:00,Closed,2025-07-30T00:00:00,P0283,6fcd892d-ffe5-4837-8956-8c160e0de58b,https://data.epa.ie/leap/api/v1/SiteVisit/byid?sv_id=5502f3ba-dcbd-ef11-a324-0050568a66b2
Kerry Ingredients (Ireland) Limited (Charleville) - P0386,Site Visit,,https://leap.epa.ie/licence-profile/P0386/compliance/sitevisit/9302f3ba-dcbd-ef11-a324-0050568a66b2,2025-10-02T00:00:00+00:00,Closed,2025-07-30T00:00:00,P0386,9e88d0bd-5af8-4982-a9b8-bd344926de74,https://data.epa.ie/leap/api/v1/SiteVisit/byid?sv_id=9302f3ba-dcbd-ef11-a324-0050568a66b2
Tullow Wastewater Treatment Plant - D0091,Site Visit,,https://leap.epa.ie/licence-profile/D0091/compliance/sitevisit/96b231c4-c49a-f011-a377-0050568a2d1a,2025-10-02T00:00:00+00:00,Closed,2025-09-26T00:00:00,D0091,c42bf6c8-9101-48a3-8f9c-62cdbfd157a5,https://data.epa.ie/leap/api/v1/SiteVisit/byid?sv_id=96b231c4-c49a-f011-a377-0050568a2d1a
Rathdrum - D0086,Site Visit,,https://leap.epa.ie/licence-profile/D0086/compliance/sitevisit/b1739fea-988c-f011-a376-0050568a2d1a,2025-10-02T00:00:00+00:00,Closed,2025-09-11T00:00:00,D0086,ec400e8b-4c36-469f-8ece-71147408c086,https://data.epa.ie/leap/api/v1/SiteVisit/byid?sv_id=b1739fea-988c-f011-a376-0050568a2d1a
Dingle Civic Amenity Centre - W0225,Site Visit,,https://leap.epa.ie/licence-profile/W0225/compliance/sitevisit/b504f3ba-dcbd-ef11-a324-0050568a66b2,2025-10-02T00:00:00+00:00,Closed,2025-09-09T00:00:00,W0225,bc6f5443-e7b3-4651-9328-a44661c19205,https://data.epa.ie/leap/api/v1/SiteVisit/byid?sv_id=b504f3ba-dcbd-ef11-a324-0050568a66b2
Mullinahone - D0456,Complaint,Odour Mullinahone,https://leap.epa.ie/licence-profile/D0456/compliance/complaint/bb2d02dd-699f-f011-a377-0050568a2d1a,2025-10-01T00:00:00+00:00,Open,2025-10-01T00:00:00,D0456,2e8d84ab-e170-4e2d-8db7-8055f342c43c,https://data.epa.ie/leap/api/v1/Complaint/byid?complaint_id=bb2d02dd-699f-f011-a377-0050568a2d1a
Anglo Beef Processors Ireland Unlimited Company trading as ABP Waterford - P0205,Complaint,"P0205-02, 24/09/2025, Odours",https://leap.epa.ie/licence-profile/P0205/compliance/complaint/dbd49b96-4899-f011-a377-0050568a2d1a,2025-10-01T00:00:00+00:00,Closed,2025-09-24T00:00:00,P0205,e45b9e00-8ace-4157-b3e3-7a5d07ddea3a,https://data.epa.ie/leap/api/v1/Complaint/byid?complaint_id=dbd49b96-4899-f011-a377-0050568a2d1a
Adhesives Research Ireland Limited - P0452,Incident,Breach of ELV,https://leap.epa.ie/licence-profile/P0452/compliance/incident/19d01e37-d49e-f011-a377-0050568a2d1a,2025-10-01T00:00:00+00:00,Open,2025-10-01T00:00:00,P0452,24b741b8-3179-48f7-b055-bdf4d7f1eedd,https://data.epa.ie/leap/api/v1/Incident/byid?incident_id=19d01e37-d49e-f011-a377-0050568a2d1a
Runways Information Services Limited - P1192,Incident,4 occurrences where the generators were ran for 10 to 15 minutes over the hourly allowance,https://leap.epa.ie/licence-profile/P1192/compliance/incident/730133d2-9e9e-f011-a377-0050568a2d1a,2025-10-01T00:00:00+00:00,Open,2025-10-01T00:00:00,P1192,99afad8e-95b5-4d94-8662-aa598cfc6afd,https://data.epa.ie/leap/api/v1/Incident/byid?incident_id=730133d2-9e9e-f011-a377-0050568a2d1a
Premier Periclase Limited - P0376,Incident,Two exceedances of the dust deposition limit were recorded in August 2025 at the external monitoring,https://leap.epa.ie/licence-profile/P0376/compliance/incident/77dc8bc3-3b9d-f011-a377-0050568a2d1a,2025-10-01T00:00:00+00:00,Closed,2025-09-29T00:00:00,P0376,e3d4cdd5-7ad0-4785-83af-614411710884,https://data.epa.ie/leap/api/v1/Incident/byid?incident_id=77dc8bc3-3b9d-f011-a377-0050568a2d1a
Premier Periclase Limited - P0376,Incident,Two exceedances of the dust deposition limit were recorded in July 2025 at the external monitoring l,https://leap.epa.ie/licence-profile/P0376/compliance/incident/cc8a2902-1e8f-f011-a377-0050568a2d1a,2025-10-01T00:00:00+00:00,Closed,2025-09-11T00:00:00,P0376,e3d4cdd5-7ad0-4785-83af-614411710884,https://data.epa.ie/leap/api/v1/Incident/byid?incident_id=cc8a2902-1e8f-f011-a377-0050568a2d1a
Dromiskin - D0264,Incident,Abatement equipment off-line,https://leap.epa.ie/licence-profile/D0264/compliance/incident/def98ad5-a69e-f011-a377-0050568a2d1a,2025-10-01T00:00:00+00:00,Open,2025-10-01T00:00:00,D0264,b1c7797c-26ae-4325-8169-78e4c45b69cb,https://data.epa.ie/leap/api/v1/Incident/byid?incident_id=def98ad5-a69e-f011-a377-0050568a2d1a
"MSD International GmbH, trading as MSD Ireland (Brinny) - P0005",Incident,Monitoring Equipment Issues,https://leap.epa.ie/licence-profile/P0005/compliance/incident/df0324b5-4592-f011-a377-0050568a2d1a,2025-10-01T00:00:00+00:00,Closed,2025-09-15T00:00:00,P0005,402b12ea-8c77-4050-bc57-908a1f088899,https://data.epa.ie/leap/api/v1/Incident/byid?incident_id=df0324b5-4592-f011-a377-0050568a2d1a
ADSIL Cruiserath - P1182,Site Updates/Notifications,"LS Rejection – Notice - LR095873, “Condition 3.18- Ambient Air Monitoring Programme",https://leap.epa.ie/licence-profile/P1182/compliance/return/0e6ce966-de88-f011-a373-0050568a2d1a,2025-10-01T00:00:00+00:00,Closed,2025-09-03T00:00:00,P1182,c9dcc7e6-5ea1-42c0-957c-dca92867b985,https://data.epa.ie/leap/api/v1/LicenseeReturns/byid?lr_id=0e6ce966-de88-f011-a373-0050568a2d1a
Kepak Longford Unlimited Company - P1084,Requests for Approval and Site Reports,Alternative Sampling,https://leap.epa.ie/licence-profile/P1084/compliance/return/0ee4fbdf-e49a-f011-a377-0050568a2d1a,2025-10-01T00:00:00+00:00,Closed,2025-09-26T00:00:00,P1084,acf675a7-2b7e-4f74-92ab-710651a70335,https://data.epa.ie/leap/api/v1/LicenseeReturns/byid?lr_id=0ee4fbdf-e49a-f011-a377-0050568a2d1a
CRM Pigs Limited - P0642,Site Updates/Notifications,Response to E.P.A. Site Report SV32867,https://leap.epa.ie/licence-profile/P0642/compliance/return/12f535cf-2e87-f011-a373-0050568a2d1a,2025-10-01T00:00:00+00:00,Closed,2025-09-01T00:00:00,P0642,efb30a3d-00dd-41ae-9b14-afa413627953,https://data.epa.ie/leap/api/v1/LicenseeReturns/byid?lr_id=12f535cf-2e87-f011-a373-0050568a2d1a
Amazon Data Services Ireland Limited - P1170,Requests for Approval and Site Reports,Request for Approval - Condition C2.3 Monitoring of Storm Water Emissions,https://leap.epa.ie/licence-profile/P1170/compliance/return/15e52a72-239a-f011-a377-0050568a2d1a,2025-10-01T00:00:00+00:00,Closed,2025-09-25T00:00:00,P1170,f43ba22b-ecc9-4379-9c1a-16bfec4a73bf,https://data.epa.ie/leap/api/v1/LicenseeReturns/byid?lr_id=15e52a72-239a-f011-a377-0050568a2d1a
Amazon Data Services Ireland Limited - P1171,Site Updates/Notifications,Licensee Public Response - SV32686,https://leap.epa.ie/licence-profile/P1171/compliance/return/218151ea-216e-f011-a373-0050568a2d1a,2025-10-01T00:00:00+00:00,Closed,2025-07-31T00:00:00,P1171,92aeecf7-8025-438c-8b6a-f40cdf9b68cf,https://data.epa.ie/leap/api/v1/LicenseeReturns/byid?lr_id=218151ea-216e-f011-a373-0050568a2d1a
Knockharley Landfill - W0146,Site Updates/Notifications,Trial Plans Results 2025,https://leap.epa.ie/licence-profile/W0146/compliance/return/236ba970-b59e-f011-a377-0050568a2d1a,2025-10-01T00:00:00+00:00,Open,2025-10-01T00:00:00,W0146,8a684cb8-e7fb-4d81-b843-20ffd7f4aeeb,https://data.epa.ie/leap/api/v1/LicenseeReturns/byid?lr_id=236ba970-b59e-f011-a377-0050568a2d1a
Runways Information Services Limited - P1192,Site Updates/Notifications,Generator Run Notification,https://leap.epa.ie/licence-profile/P1192/compliance/return/2428ca57-429d-f011-a377-0050568a2d1a,2025-10-01T00:00:00+00:00,Closed,2025-09-29T00:00:00,P1192,99afad8e-95b5-4d94-8662-aa598cfc6afd,https://data.epa.ie/leap/api/v1/LicenseeReturns/byid?lr_id=2428ca57-429d-f011-a377-0050568a2d1a
ADSIL Belgard - P1173,Site Updates/Notifications,Licensee Public Response - SV32750,https://leap.epa.ie/licence-profile/P1173/compliance/return/265a0328-176e-f011-a373-0050568a2d1a,2025-10-01T00:00:00+00:00,Closed,2025-07-31T00:00:00,P1173,4ffb22e1-bee7-4660-bff3-5006e4e53d8d,https://data.epa.ie/leap/api/v1/LicenseeReturns/byid?lr_id=265a0328-176e-f011-a373-0050568a2d1a
ADSIL Belgard - P1173,Site Updates/Notifications,Superseding - LR097176 EPA Site Visit Report SV32750,https://leap.epa.ie/licence-profile/P1173/compliance/return/29eaf260-ef84-f011-a373-0050568a2d1a,2025-10-01T00:00:00+00:00,Closed,2025-08-29T00:00:00,P1173,4ffb22e1-bee7-4660-bff3-5006e4e53d8d,https://data.epa.ie/leap/api/v1/LicenseeReturns/byid?lr_id=29eaf260-ef84-f011-a373-0050568a2d1a
Sk Biotek Ireland Limited - P0014,Monitoring Returns,Q1/Q2 2025 MTBE MNA Report,https://leap.epa.ie/licence-profile/P0014/compliance/return/339d1531-8f5d-f011-a373-0050568a2d1a,2025-10-01T00:00:00+00:00,Closed,2025-07-10T00:00:00,P0014,4814da41-5cdb-4dcc-a85c-795e3003b2db,https://data.epa.ie/leap/api/v1/LicenseeReturns/byid?lr_id=339d1531-8f5d-f011-a373-0050568a2d1a
Amazon Data Services Ireland Limited - P1170,Site Updates/Notifications,"LS Rejection – Notice - LR095654, “Condition 3.18- Ambient Air Monitoring Programme",https://leap.epa.ie/licence-profile/P1170/compliance/return/37d7a0df-dd88-f011-a373-0050568a2d1a,2025-10-01T00:00:00+00:00,Closed,2025-09-03T00:00:00,P1170,f43ba22b-ecc9-4379-9c1a-16bfec4a73bf,https://data.epa.ie/leap/api/v1/LicenseeReturns/byid?lr_id=37d7a0df-dd88-f011-a373-0050568a2d1a
Knockharley Landfill - W0146,Site Updates/Notifications,Q3 Waste In,https://leap.epa.ie/licence-profile/W0146/compliance/return/39cdad8e-b89e-f011-a377-0050568a2d1a,2025-10-01T00:00:00+00:00,Open,2025-10-01T00:00:00,W0146,8a684cb8-e7fb-4d81-b843-20ffd7f4aeeb,https://data.epa.ie/leap/api/v1/LicenseeReturns/byid?lr_id=39cdad8e-b89e-f011-a377-0050568a2d1a
Sk Biotek Ireland Limited - P0014,Monitoring Returns,Monitored Natural Attenuation for MTBE and TBA in PSA 4 – Q4 2024 Report 2024,https://leap.epa.ie/licence-profile/P0014/compliance/return/42b2837f-bef2-ef11-a373-0050568a2d1a,2025-10-01T00:00:00+00:00,Closed,2025-02-24T00:00:00,P0014,4814da41-5cdb-4dcc-a85c-795e3003b2db,https://data.epa.ie/leap/api/v1/LicenseeReturns/byid?lr_id=42b2837f-bef2-ef11-a373-0050568a2d1a
Mr Padraig Kiernan (Ballinalee Pig Farm) - P0613,Requests for Approval and Site Reports,Organic Fertiliser Movement 2025,https://leap.epa.ie/licence-profile/P0613/compliance/return/47247349-9a94-f011-a377-0050568a2d1a,2025-10-01T00:00:00+00:00,Closed,2025-09-18T00:00:00,P0613,0dc5bddd-db9b-40d3-a814-512719a1b309,https://data.epa.ie/leap/api/v1/LicenseeReturns/byid?lr_id=47247349-9a94-f011-a377-0050568a2d1a
Mannok Insulation Limited - P0739,Site Updates/Notifications,Licensee Public Response - SV31789,https://leap.epa.ie/licence-profile/P0739/compliance/return/4b96d8f6-3a9a-f011-a377-0050568a2d1a,2025-10-01T00:00:00+00:00,Closed,2025-09-25T00:00:00,P0739,20ef8bf6-a040-490e-861a-7e2ea428edf7,https://data.epa.ie/leap/api/v1/LicenseeReturns/byid?lr_id=4b96d8f6-3a9a-f011-a377-0050568a2d1a
ADSIL Drogheda - P1181,Site Updates/Notifications,3.17 Evaporative cooling water feasibility study extension Q4 2025,https://leap.epa.ie/licence-profile/P1181/compliance/return/5a0c0e5f-0993-f011-a377-0050568a2d1a,2025-10-01T00:00:00+00:00,Closed,2025-09-16T00:00:00,P1181,682299b9-9644-49fc-8562-46c60af3cd5c,https://data.epa.ie/leap/api/v1/LicenseeReturns/byid?lr_id=5a0c0e5f-0993-f011-a377-0050568a2d1a
ADSIL Blanchardstown - P1172,Site Updates/Notifications,"LS Rejection – Notice - LR095872, “Condition 3.18- Ambient Air Monitoring Programme",https://leap.epa.ie/licence-profile/P1172/compliance/return/6a757d34-de88-f011-a373-0050568a2d1a,2025-10-01T00:00:00+00:00,Closed,2025-09-03T00:00:00,P1172,c55c9492-b292-4d07-96ae-af0a4592b889,https://data.epa.ie/leap/api/v1/LicenseeReturns/byid?lr_id=6a757d34-de88-f011-a373-0050568a2d1a
ADSIL Belgard - P1173,Site Updates/Notifications,EPA Site Visit Report SV32747,https://leap.epa.ie/licence-profile/P1173/compliance/return/6d00dde1-ee84-f011-a373-0050568a2d1a,2025-10-01T00:00:00+00:00,Closed,2025-08-29T00:00:00,P1173,4ffb22e1-bee7-4660-bff3-5006e4e53d8d,https://data.epa.ie/leap/api/v1/LicenseeReturns/byid?lr_id=6d00dde1-ee84-f011-a373-0050568a2d1a
Shannonbridge TEG - P1198,Site Updates/Notifications,Notification of commencement of Scheduled Activity,https://leap.epa.ie/licence-profile/P1198/compliance/return/6f540ded-a29e-f011-a377-0050568a2d1a,2025-10-01T00:00:00+00:00,Open,2025-10-01T00:00:00,P1198,a17a9117-1905-4a9b-b5dc-bab15db838ac,https://data.epa.ie/leap/api/v1/LicenseeReturns/byid?lr_id=6f540ded-a29e-f011-a377-0050568a2d1a
Cara Partners - P0017,Site Updates/Notifications,Response to Site Visit - SV31711,https://leap.epa.ie/licence-profile/P0017/compliance/return/71e57de1-d663-f011-a373-0050568a2d1a,2025-10-01T00:00:00+00:00,Closed,2025-07-18T00:00:00,P0017,177d9576-1c1f-4a4e-98b7-7babe9cdf8b2,https://data.epa.ie/leap/api/v1/LicenseeReturns/byid?lr_id=71e57de1-d663-f011-a373-0050568a2d1a
McHale Engineering Unlimited Company - P0988,Site Updates/Notifications,15 01 02 2022 waste quantity query,https://leap.epa.ie/licence-profile/P0988/compliance/return/75d104f9-bb9d-ee11-a354-0050568a2d1a,2025-10-01T00:00:00+00:00,Closed,2023-12-18T00:00:00,P0988,3b9160ed-6efa-e511-99f8-0050568a69e2,https://data.epa.ie/leap/api/v1/LicenseeReturns/byid?lr_id=75d104f9-bb9d-ee11-a354-0050568a2d1a
ADSIL Greenhills - P1177,Site Updates/Notifications,Licensee Public Response - SV32747,https://leap.epa.ie/licence-profile/P1177/compliance/return/7ab6e8ec-166e-f011-a373-0050568a2d1a,2025-10-01T00:00:00+00:00,Closed,2025-07-31T00:00:00,P1177,f3503d2b-3e4d-4eec-8a63-d9876a8177a3,https://data.epa.ie/leap/api/v1/LicenseeReturns/byid?lr_id=7ab6e8ec-166e-f011-a373-0050568a2d1a
ADSILClonshaugh - P1186,Site Updates/Notifications,SV32685,https://leap.epa.ie/licence-profile/P1186/compliance/return/7ef32d13-8498-f011-a377-0050568a2d1a,2025-10-01T00:00:00+00:00,Closed,2025-09-23T00:00:00,P1186,b4b976e7-da39-4af5-922f-0fc212f5ed6d,https://data.epa.ie/leap/api/v1/LicenseeReturns/byid?lr_id=7ef32d13-8498-f011-a377-0050568a2d1a
Kilsaran Concrete Unlimited Company - W0296,Requests for Approval and Site Reports,Bund Integrity Assessment,https://leap.epa.ie/licence-profile/W0296/compliance/return/81228853-dc9e-f011-a377-0050568a2d1a,2025-10-01T00:00:00+00:00,Open,2025-10-01T00:00:00,W0296,df27580f-5fd8-e811-a2db-0050568a66b2,https://data.epa.ie/leap/api/v1/LicenseeReturns/byid?lr_id=81228853-dc9e-f011-a377-0050568a2d1a
Timoleague Agri Gen Limited - P0986,Site Updates/Notifications,A121983 risk assessment,https://leap.epa.ie/licence-profile/P0986/compliance/return/901ac726-fa63-f011-a373-0050568a2d1a,2025-10-01T00:00:00+00:00,Closed,2025-07-18T00:00:00,P0986,e334799f-9bb0-e611-8d41-0050568a69e2,https://data.epa.ie/leap/api/v1/LicenseeReturns/byid?lr_id=901ac726-fa63-f011-a373-0050568a2d1a
ADSIL Greenhills - P1177,Site Updates/Notifications,EPA Site Visit Report SV32747,https://leap.epa.ie/licence-profile/P1177/compliance/return/9069ba8e-ef84-f011-a373-0050568a2d1a,2025-10-01T00:00:00+00:00,Closed,2025-08-29T00:00:00,P1177,f3503d2b-3e4d-4eec-8a63-d9876a8177a3,https://data.epa.ie/leap/api/v1/LicenseeReturns/byid?lr_id=9069ba8e-ef84-f011-a373-0050568a2d1a
North Cork Co-Op Creameries Limited - P1051,Monitoring Returns,Recommencing Compliant Discharge,https://leap.epa.ie/licence-profile/P1051/compliance/return/90daba98-628d-f011-a376-0050568a2d1a,2025-10-01T00:00:00+00:00,Closed,2025-09-09T00:00:00,P1051,c927580f-5fd8-e811-a2db-0050568a66b2,https://data.epa.ie/leap/api/v1/LicenseeReturns/byid?lr_id=90daba98-628d-f011-a376-0050568a2d1a
ADSILClonshaugh - P1186,Site Updates/Notifications,SV32685,https://leap.epa.ie/licence-profile/P1186/compliance/return/9a72404b-ee84-f011-a373-0050568a2d1a,2025-10-01T00:00:00+00:00,Closed,2025-08-29T00:00:00,P1186,b4b976e7-da39-4af5-922f-0fc212f5ed6d,https://data.epa.ie/leap/api/v1/LicenseeReturns/byid?lr_id=9a72404b-ee84-f011-a373-0050568a2d1a
Electricity Supply Board (Poolbeg) - P0577,Site Updates/Notifications,OCGT Project Soil Management Site Condition Report Final,https://leap.epa.ie/licence-profile/P0577/compliance/return/9c842eb6-e7be-ef11-a36d-0050568a2d1a,2025-10-01T00:00:00+00:00,Closed,2024-12-20T00:00:00,P0577,fb942f45-1bf4-4451-b256-5c7e5bb7d814,https://data.epa.ie/leap/api/v1/LicenseeReturns/byid?lr_id=9c842eb6-e7be-ef11-a36d-0050568a2d1a
ADSIL Grange Castle South - P1184,Site Updates/Notifications,"LS Rejection - Notice - LR095655, “Condition 3.18- Ambient Air Monitoring Programme",https://leap.epa.ie/licence-profile/P1184/compliance/return/a805919e-dd88-f011-a373-0050568a2d1a,2025-10-01T00:00:00+00:00,Closed,2025-09-03T00:00:00,P1184,99f3a622-616c-49db-8ff0-7f8d9daa45d3,https://data.epa.ie/leap/api/v1/LicenseeReturns/byid?lr_id=a805919e-dd88-f011-a373-0050568a2d1a
ADSIL Drogheda - P1181,Site Updates/Notifications,SV31568,https://leap.epa.ie/licence-profile/P1181/compliance/return/ae5c922a-ef84-f011-a373-0050568a2d1a,2025-10-01T00:00:00+00:00,Closed,2025-08-29T00:00:00,P1181,682299b9-9644-49fc-8562-46c60af3cd5c,https://data.epa.ie/leap/api/v1/LicenseeReturns/byid?lr_id=ae5c922a-ef84-f011-a373-0050568a2d1a
Sk Biotek Ireland Limited - P0014,Monitoring Returns,"IE Licence Groundwater Monitoring Report, Q4 2024",https://leap.epa.ie/licence-profile/P0014/compliance/return/b0ce200b-09f5-ef11-a373-0050568a2d1a,2025-10-01T00:00:00+00:00,Closed,2025-02-27T00:00:00,P0014,4814da41-5cdb-4dcc-a85c-795e3003b2db,https://data.epa.ie/leap/api/v1/LicenseeReturns/byid?lr_id=b0ce200b-09f5-ef11-a373-0050568a2d1a
Bord na Móna Plc (Kilberry) - W0198,Site Updates/Notifications,Site Decommissioning,https://leap.epa.ie/licence-profile/W0198/compliance/return/b2c633f7-4999-f011-a377-0050568a2d1a,2025-10-01T00:00:00+00:00,Closed,2025-09-24T00:00:00,W0198,fcfbe6a2-10b4-4e5c-9a43-b0e9a7ab7331,https://data.epa.ie/leap/api/v1/LicenseeReturns/byid?lr_id=b2c633f7-4999-f011-a377-0050568a2d1a
Anglo Beef Processors Ireland Unlimited Company trading as ABP Waterford - P0205,Site Updates/Notifications,Update SV31715,https://leap.epa.ie/licence-profile/P0205/compliance/return/d61915fd-bc88-f011-a373-0050568a2d1a,2025-10-01T00:00:00+00:00,Closed,2025-09-03T00:00:00,P0205,e45b9e00-8ace-4157-b3e3-7a5d07ddea3a,https://data.epa.ie/leap/api/v1/LicenseeReturns/byid?lr_id=d61915fd-bc88-f011-a373-0050568a2d1a
Eli Lilly Kinsale Limited - P0009,Requests for Approval and Site Reports,Request for Approval for the proposed commencement of construction of a new Biomass Boiler facility,https://leap.epa.ie/licence-profile/P0009/compliance/return/dbfb91c9-b17e-f011-a373-0050568a2d1a,2025-10-01T00:00:00+00:00,Closed,2025-08-21T00:00:00,P0009,9749c6a2-a309-4de2-af1c-37bb5381d391,https://data.epa.ie/leap/api/v1/LicenseeReturns/byid?lr_id=dbfb91c9-b17e-f011-a373-0050568a2d1a
Amazon Data Services Ireland Limited - P1171,Site Updates/Notifications,SV32686,https://leap.epa.ie/licence-profile/P1171/compliance/return/dc54bb4b-ef84-f011-a373-0050568a2d1a,2025-10-01T00:00:00+00:00,Closed,2025-08-29T00:00:00,P1171,92aeecf7-8025-438c-8b6a-f40cdf9b68cf,https://data.epa.ie/leap/api/v1/LicenseeReturns/byid?lr_id=dc54bb4b-ef84-f011-a373-0050568a2d1a
ADSIL Blanchardstown - P1172,Site Updates/Notifications,SV32726 - Extension to Action Item,https://leap.epa.ie/licence-profile/P1172/compliance/return/e1d0729a-6b87-f011-a373-0050568a2d1a,2025-10-01T00:00:00+00:00,Closed,2025-09-01T00:00:00,P1172,c55c9492-b292-4d07-96ae-af0a4592b889,https://data.epa.ie/leap/api/v1/LicenseeReturns/byid?lr_id=e1d0729a-6b87-f011-a373-0050568a2d1a
Irish Cement Limited (Platin) - P0030,Site Updates/Notifications,Licensee Public Response - SV31690,https://leap.epa.ie/licence-profile/P0030/compliance/return/e3945778-4592-f011-a377-0050568a2d1a,2025-10-01T00:00:00+00:00,Closed,2025-09-15T00:00:00,P0030,d35a8ce3-2aa7-4796-b118-b9fd69335ba1,https://data.epa.ie/leap/api/v1/LicenseeReturns/byid?lr_id=e3945778-4592-f011-a377-0050568a2d1a
MC-Building Chemicals Müller and Partners. - P0464,Site Updates/Notifications,Licensee Public Response - SV32168,https://leap.epa.ie/licence-profile/P0464/compliance/return/f0b185ed-8898-f011-a377-0050568a2d1a,2025-10-01T00:00:00+00:00,Closed,2025-09-23T00:00:00,P0464,de2f870e-d4c2-4c0f-b4ae-5f99e603a590,https://data.epa.ie/leap/api/v1/LicenseeReturns/byid?lr_id=f0b185ed-8898-f011-a377-0050568a2d1a
CRM Pigs Limited - P0642,Site Updates/Notifications,Response attachments,https://leap.epa.ie/licence-profile/P0642/compliance/return/f2dc2b06-2f87-f011-a373-0050568a2d1a,2025-10-01T00:00:00+00:00,Closed,2025-09-01T00:00:00,P0642,efb30a3d-00dd-41ae-9b14-afa413627953,https://data.epa.ie/leap/api/v1/LicenseeReturns/byid?lr_id=f2dc2b06-2f87-f011-a373-0050568a2d1a
Hi-Volt Ireland Limited - W0267,Requests for Approval and Site Reports,bund assessment,https://leap.epa.ie/licence-profile/W0267/compliance/return/f5b623bc-b29e-f011-a377-0050568a2d1a,2025-10-01T00:00:00+00:00,Open,2025-10-01T00:00:00,W0267,a188b980-cf45-4a01-bb07-06f9fa78a1c2,https://data.epa.ie/leap/api/v1/LicenseeReturns/byid?lr_id=f5b623bc-b29e-f011-a377-0050568a2d1a
Donegal Meat Processors - P0187,Monitoring Returns,Environmental Noise Report 2025,https://leap.epa.ie/licence-profile/P0187/compliance/return/f6508e21-e599-f011-a377-0050568a2d1a,2025-10-01T00:00:00+00:00,Closed,2025-09-25T00:00:00,P0187,25df3fca-29f6-4f9d-a80f-3211abc54de0,https://data.epa.ie/leap/api/v1/LicenseeReturns/byid?lr_id=f6508e21-e599-f011-a377-0050568a2d1a
Bruscar Bhearna Teoranta (Ballaghadereen) - W0163,Non Compliance,,https://leap.epa.ie/licence-profile/W0163/compliance/non-compliance/3941ff0e-409d-f011-a377-0050568a2d1a,2025-10-01T00:00:00+00:00,Issued,2025-10-01T00:00:00,W0163,08defcd0-acb8-4401-8d22-1b017da1ec3b,https://data.epa.ie/leap/api/v1/NonCompliance/byid?nc_id=3941ff0e-409d-f011-a377-0050568a2d1a
Enva Ireland Limited (Shannon) - W0041,Non Compliance,,https://leap.epa.ie/licence-profile/W0041/compliance/non-compliance/646ef12d-8f77-f011-a373-0050568a2d1a,2025-10-01T00:00:00+00:00,Issued,2025-10-01T00:00:00,W0041,b2d3276f-ee79-4f36-96cc-961c1f243f74,https://data.epa.ie/leap/api/v1/NonCompliance/byid?nc_id=646ef12d-8f77-f011-a373-0050568a2d1a
Diageo Ireland Unlimited Company - P0301,Non Compliance,,https://leap.epa.ie/licence-profile/P0301/compliance/non-compliance/c3a4f53c-fe9d-f011-a377-0050568a2d1a,2025-10-01T00:00:00+00:00,Issued,2025-10-01T00:00:00,P0301,9422c5bc-aabb-493f-ad04-862faabadfe0,https://data.epa.ie/leap/api/v1/NonCompliance/byid?nc_id=c3a4f53c-fe9d-f011-a377-0050568a2d1a
Oxigen Environmental Unlimited Company (Robinhood) - W0152,Non Compliance,,https://leap.epa.ie/licence-profile/W0152/compliance/non-compliance/cc227d97-ac9e-f011-a377-0050568a2d1a,2025-10-01T00:00:00+00:00,Issued,2025-10-01T00:00:00,W0152,77b64838-b26d-477c-88cc-fc360873cb37,https://data.epa.ie/leap/api/v1/NonCompliance/byid?nc_id=cc227d97-ac9e-f011-a377-0050568a2d1a
Bruscar Bhearna Teoranta (Ballaghadereen) - W0163,Non Compliance,,https://leap.epa.ie/licence-profile/W0163/compliance/non-compliance/d0c9e8ea-409d-f011-a377-0050568a2d1a,2025-10-01T00:00:00+00:00,Issued,2025-10-01T00:00:00,W0163,08defcd0-acb8-4401-8d22-1b017da1ec3b,https://data.epa.ie/leap/api/v1/NonCompliance/byid?nc_id=d0c9e8ea-409d-f011-a377-0050568a2d1a
Bruscar Bhearna Teoranta (Ballaghadereen) - W0163,Non Compliance,,https://leap.epa.ie/licence-profile/W0163/compliance/non-compliance/f1310a65-419d-f011-a377-0050568a2d1a,2025-10-01T00:00:00+00:00,Issued,2025-10-01T00:00:00,W0163,08defcd0-acb8-4401-8d22-1b017da1ec3b,https://data.epa.ie/leap/api/v1/NonCompliance/byid?nc_id=f1310a65-419d-f011-a377-0050568a2d1a
Diageo Ireland Unlimited Company - P0301,Site Visit,,https://leap.epa.ie/licence-profile/P0301/compliance/sitevisit/657a8a31-a6d1-ef11-a325-0050568a66b2,2025-10-01T00:00:00+00:00,Closed,2025-08-29T00:00:00,P0301,9422c5bc-aabb-493f-ad04-862faabadfe0,https://data.epa.ie/leap/api/v1/SiteVisit/byid?sv_id=657a8a31-a6d1-ef11-a325-0050568a66b2
Enva Ireland Limited (Shannon) - W0041,Site Visit,,https://leap.epa.ie/licence-profile/W0041/compliance/sitevisit/8310942b-a6d1-ef11-a325-0050568a66b2,2025-10-01T00:00:00+00:00,Closed,2025-09-02T00:00:00,W0041,b2d3276f-ee79-4f36-96cc-961c1f243f74,https://data.epa.ie/leap/api/v1/SiteVisit/byid?sv_id=8310942b-a6d1-ef11-a325-0050568a66b2
Bruscar Bhearna Teoranta (Ballaghadereen) - W0163,Site Visit,,https://leap.epa.ie/licence-profile/W0163/compliance/sitevisit/fb523e8c-0b87-f011-a373-0050568a2d1a,2025-10-01T00:00:00+00:00,Closed,2025-09-02T00:00:00,W0163,08defcd0-acb8-4401-8d22-1b017da1ec3b,https://data.epa.ie/leap/api/v1/SiteVisit/byid?sv_id=fb523e8c-0b87-f011-a373-0050568a2d1a
Blackrock - D0188,Complaint,COM021988 - Web Submission,https://leap.epa.ie/licence-profile/D0188/compliance/complaint/4475578a-0d9e-f011-a377-0050568a2d1a,2025-09-30T00:00:00+00:00,Open,2025-09-30T00:00:00,D0188,02c378a0-0b5b-42a5-826e-5dc6bb2e7826,https://data.epa.ie/leap/api/v1/Complaint/byid?complaint_id=4475578a-0d9e-f011-a377-0050568a2d1a
MSD International GmbH t/a MSD Ireland (Biotech Dublin) - P1106,Complaint,"P1106-01, 07/09/2025, Odour",https://leap.epa.ie/licence-profile/P1106/compliance/complaint/5063d843-4f8e-f011-a376-0050568a2d1a,2025-09-30T00:00:00+00:00,Closed,2025-09-10T00:00:00,P1106,2da03876-ace3-4c97-98bc-61678774639c,https://data.epa.ie/leap/api/v1/Complaint/byid?complaint_id=5063d843-4f8e-f011-a376-0050568a2d1a
MSD International GmbH t/a MSD Ireland (Biotech Dublin) - P1106,Complaint,"P1106-01, 07/09/2025, Odour",https://leap.epa.ie/licence-profile/P1106/compliance/complaint/616b2b8a-aa8c-f011-a376-0050568a2d1a,2025-09-30T00:00:00+00:00,Closed,2025-09-08T00:00:00,P1106,2da03876-ace3-4c97-98bc-61678774639c,https://data.epa.ie/leap/api/v1/Complaint/byid?complaint_id=616b2b8a-aa8c-f011-a376-0050568a2d1a
MSD International GmbH t/a MSD Ireland (Biotech Dublin) - P1106,Complaint,"P1106-01, 07/09/2025, odour",https://leap.epa.ie/licence-profile/P1106/compliance/complaint/6e138940-528e-f011-a376-0050568a2d1a,2025-09-30T00:00:00+00:00,Closed,2025-09-10T00:00:00,P1106,2da03876-ace3-4c97-98bc-61678774639c,https://data.epa.ie/leap/api/v1/Complaint/byid?complaint_id=6e138940-528e-f011-a376-0050568a2d1a
Ballynagran Residual Landfill - W0165,Complaint,"W0165-02, 18-09-25, Odours",https://leap.epa.ie/licence-profile/W0165/compliance/complaint/9422b165-7194-f011-a377-0050568a2d1a,2025-09-30T00:00:00+00:00,Closed,2025-09-18T00:00:00,W0165,7207345b-6c69-4fa6-9401-b0a8e715d64c,https://data.epa.ie/leap/api/v1/Complaint/byid?complaint_id=9422b165-7194-f011-a377-0050568a2d1a
MSD International GmbH t/a MSD Ireland (Biotech Dublin) - P1106,Complaint,"P1106-01, 15/05/2025, Odour",https://leap.epa.ie/licence-profile/P1106/compliance/complaint/be659502-aa8c-f011-a376-0050568a2d1a,2025-09-30T00:00:00+00:00,Closed,2025-09-08T00:00:00,P1106,2da03876-ace3-4c97-98bc-61678774639c,https://data.epa.ie/leap/api/v1/Complaint/byid?complaint_id=be659502-aa8c-f011-a376-0050568a2d1a
Blackrock - D0188,Complaint,COM021987 - Web Submission,https://leap.epa.ie/licence-profile/D0188/compliance/complaint/e0ff3048-0b9e-f011-a377-0050568a2d1a,2025-09-30T00:00:00+00:00,Open,2025-09-30T00:00:00,D0188,02c378a0-0b5b-42a5-826e-5dc6bb2e7826,https://data.epa.ie/leap/api/v1/Complaint/byid?complaint_id=e0ff3048-0b9e-f011-a377-0050568a2d1a
Johnson & Johnson Vision Care Ireland Unlimited Company - P0818,Incident,F-Gas loss from Chiller - see detail above.,https://leap.epa.ie/licence-profile/P0818/compliance/incident/11c34e92-1c9e-f011-a377-0050568a2d1a,2025-09-30T00:00:00+00:00,Open,2025-09-30T00:00:00,P0818,c384e292-8ae1-44cd-a0f3-80d28c31c889,https://data.epa.ie/leap/api/v1/Incident/byid?incident_id=11c34e92-1c9e-f011-a377-0050568a2d1a
Arran Chemical Company Limited - P0110,Incident,Abatement equipment off-line,https://leap.epa.ie/licence-profile/P0110/compliance/incident/22f9d968-6194-f011-a377-0050568a2d1a,2025-09-30T00:00:00+00:00,Closed,2025-09-18T00:00:00,P0110,77e11786-8292-4f95-8724-32e3e816d005,https://data.epa.ie/leap/api/v1/Incident/byid?incident_id=22f9d968-6194-f011-a377-0050568a2d1a
Knockharley Landfill - W0146,Incident,Fire,https://leap.epa.ie/licence-profile/W0146/compliance/incident/2f4d8b24-de9d-f011-a377-0050568a2d1a,2025-09-30T00:00:00+00:00,Open,2025-09-30T00:00:00,W0146,8a684cb8-e7fb-4d81-b843-20ffd7f4aeeb,https://data.epa.ie/leap/api/v1/Incident/byid?incident_id=2f4d8b24-de9d-f011-a377-0050568a2d1a
Garryhesta Pit - W0299,Incident,Dust Particulate exceedance at jar location DMMN02 for period 22.05.2025 to 24.06.2025. Dust deposit,https://leap.epa.ie/licence-profile/W0299/compliance/incident/352b4276-e79d-f011-a377-0050568a2d1a,2025-09-30T00:00:00+00:00,Open,2025-09-30T00:00:00,W0299,fbc4d573-c04e-45f1-b707-197285ecef51,https://data.epa.ie/leap/api/v1/Incident/byid?incident_id=352b4276-e79d-f011-a377-0050568a2d1a
Garryhesta Pit - W0299,Incident,Trigger level reached,https://leap.epa.ie/licence-profile/W0299/compliance/incident/7a0e3bb1-ed9d-f011-a377-0050568a2d1a,2025-09-30T00:00:00+00:00,Open,2025-09-30T00:00:00,W0299,fbc4d573-c04e-45f1-b707-197285ecef51,https://data.epa.ie/leap/api/v1/Incident/byid?incident_id=7a0e3bb1-ed9d-f011-a377-0050568a2d1a
Castletownshend - D0468,Incident,Breach of ELV,https://leap.epa.ie/licence-profile/D0468/compliance/incident/7b22da76-129e-f011-a377-0050568a2d1a,2025-09-30T00:00:00+00:00,Open,2025-09-30T00:00:00,D0468,bdf0702e-4bf9-4f68-b993-955c91d27a5c,https://data.epa.ie/leap/api/v1/Incident/byid?incident_id=7b22da76-129e-f011-a377-0050568a2d1a
Garryhesta Pit - W0299,Incident,Dust Particulate exceedance at jar location D4 for period 22.05.2025 to 24.06.2025. Dust deposition,https://leap.epa.ie/licence-profile/W0299/compliance/incident/b2262419-f29d-f011-a377-0050568a2d1a,2025-09-30T00:00:00+00:00,Open,2025-09-30T00:00:00,W0299,fbc4d573-c04e-45f1-b707-197285ecef51,https://data.epa.ie/leap/api/v1/Incident/byid?incident_id=b2262419-f29d-f011-a377-0050568a2d1a
Electricity Supply Board (Poolbeg) - P0577,Incident,Abatement equipment off-line,https://leap.epa.ie/licence-profile/P0577/compliance/incident/fb9e03f5-cc88-f011-a373-0050568a2d1a,2025-09-30T00:00:00+00:00,Closed,2025-09-03T00:00:00,P0577,fb942f45-1bf4-4451-b256-5c7e5bb7d814,https://data.epa.ie/leap/api/v1/Incident/byid?incident_id=fb9e03f5-cc88-f011-a373-0050568a2d1a
Starrus Eco Holdings Limited (Munster) - W0136,Site Updates/Notifications,Update on SV32729,https://leap.epa.ie/licence-profile/W0136/compliance/return/0429688f-db9a-f011-a377-0050568a2d1a,2025-09-30T00:00:00+00:00,Closed,2025-09-26T00:00:00,W0136,52d5b0c6-4089-42df-9633-d03ce8973c39,https://data.epa.ie/leap/api/v1/LicenseeReturns/byid?lr_id=0429688f-db9a-f011-a377-0050568a2d1a
Thermo Fisher Scientific Cork Limited - P0004,Requests for Approval and Site Reports,New Product Introduction - TONI Stage 2,https://leap.epa.ie/licence-profile/P0004/compliance/return/06bc0ad5-2f7f-f011-a373-0050568a2d1a,2025-09-30T00:00:00+00:00,Closed,2025-08-22T00:00:00,P0004,1a507022-d459-4a98-afb9-cc0587998ac1,https://data.epa.ie/leap/api/v1/LicenseeReturns/byid?lr_id=06bc0ad5-2f7f-f011-a373-0050568a2d1a
Enva Ireland Limited (Shannon) - W0041,Requests for Approval and Site Reports,Fire Risk Assessment & Waste Storage Plan,https://leap.epa.ie/licence-profile/W0041/compliance/return/0cb4a8b7-a38c-f011-a376-0050568a2d1a,2025-09-30T00:00:00+00:00,Closed,2025-09-08T00:00:00,W0041,b2d3276f-ee79-4f36-96cc-961c1f243f74,https://data.epa.ie/leap/api/v1/LicenseeReturns/byid?lr_id=0cb4a8b7-a38c-f011-a376-0050568a2d1a
Kayfoam Woolfson - P0058,Monitoring Returns,Storm Water Monitoring Q2,https://leap.epa.ie/licence-profile/P0058/compliance/return/130e7212-978c-f011-a376-0050568a2d1a,2025-09-30T00:00:00+00:00,Closed,2025-09-08T00:00:00,P0058,d705ada1-d35e-4a4f-8010-319fefdd5b5d,https://data.epa.ie/leap/api/v1/LicenseeReturns/byid?lr_id=130e7212-978c-f011-a376-0050568a2d1a
Pfizer Ireland Pharmaceuticals Unlimited Company (Ringaskiddy) - P0013,Requests for Approval and Site Reports,Request approval to install a new minor emission point on filter dryer in RCMF,https://leap.epa.ie/licence-profile/P0013/compliance/return/1c618fd9-c184-f011-a373-0050568a2d1a,2025-09-30T00:00:00+00:00,Closed,2025-08-29T00:00:00,P0013,8e7289a5-44fc-4715-b9b6-a76e88c16c0d,https://data.epa.ie/leap/api/v1/LicenseeReturns/byid?lr_id=1c618fd9-c184-f011-a373-0050568a2d1a
Kingspan Building Products Limited - P0065,Site Updates/Notifications,Additional Foul Line Integrity Reports,https://leap.epa.ie/licence-profile/P0065/compliance/return/1cfd07bb-4b91-f011-a377-0050568a2d1a,2025-09-30T00:00:00+00:00,Closed,2025-09-14T00:00:00,P0065,41bfea9c-c15a-4569-9cdf-a90959127188,https://data.epa.ie/leap/api/v1/LicenseeReturns/byid?lr_id=1cfd07bb-4b91-f011-a377-0050568a2d1a
Electricity Supply Board (North Wall) - P0579,Site Updates/Notifications,Licensee Public Response - SV32734,https://leap.epa.ie/licence-profile/P0579/compliance/return/1dccd104-6594-f011-a377-0050568a2d1a,2025-09-30T00:00:00+00:00,Closed,2025-09-18T00:00:00,P0579,4dccc3f1-97fd-4c6d-9c13-29944f833b8f,https://data.epa.ie/leap/api/v1/LicenseeReturns/byid?lr_id=1dccd104-6594-f011-a377-0050568a2d1a
Anglo Beef Processors Ireland Unlimited Company t/a ABP Proteins Waterford - P0040,Site Updates/Notifications,response to Agency visit,https://leap.epa.ie/licence-profile/P0040/compliance/return/237bb389-c59a-f011-a377-0050568a2d1a,2025-09-30T00:00:00+00:00,Closed,2025-09-26T00:00:00,P0040,c4a88361-1b4e-4f46-89d9-6655753bb9e6,https://data.epa.ie/leap/api/v1/LicenseeReturns/byid?lr_id=237bb389-c59a-f011-a377-0050568a2d1a
Wexport Limited - P0091,Site Updates/Notifications,Licensee Public Response - SV31842,https://leap.epa.ie/licence-profile/P0091/compliance/return/2ffac36d-298a-f011-a376-0050568a2d1a,2025-09-30T00:00:00+00:00,Closed,2025-09-05T00:00:00,P0091,c1238cbc-2056-4df5-8942-ad1706e3b7cf,https://data.epa.ie/leap/api/v1/LicenseeReturns/byid?lr_id=2ffac36d-298a-f011-a376-0050568a2d1a
Pfizer Ireland Pharmaceuticals Unlimited Company (Grange Castle) - P0652,Monitoring Returns,"Response to notification Reference 1-INCI031016, received on 25 August 2025.",https://leap.epa.ie/licence-profile/P0652/compliance/return/3290f8de-b88f-f011-a377-0050568a2d1a,2025-09-30T00:00:00+00:00,Closed,2025-09-12T00:00:00,P0652,52836abc-c980-4735-818e-6ee1bcfd6152,https://data.epa.ie/leap/api/v1/LicenseeReturns/byid?lr_id=3290f8de-b88f-f011-a377-0050568a2d1a
Sleever International Limited - P0674,Site Updates/Notifications,Proof of A2-01 decommissioning,https://leap.epa.ie/licence-profile/P0674/compliance/return/3bb0f4ab-da9d-f011-a377-0050568a2d1a,2025-09-30T00:00:00+00:00,Open,2025-09-30T00:00:00,P0674,9fd4c177-829b-4f7b-910e-8c811caaeebc,https://data.epa.ie/leap/api/v1/LicenseeReturns/byid?lr_id=3bb0f4ab-da9d-f011-a377-0050568a2d1a
ZOETIS BELGIUM S.A - P0015,Site Updates/Notifications,Site Update on air emissions abatament system,https://leap.epa.ie/licence-profile/P0015/compliance/return/476ae720-e39a-f011-a377-0050568a2d1a,2025-09-30T00:00:00+00:00,Closed,2025-09-26T00:00:00,P0015,4447b20a-0d78-4af0-8ceb-27fcdd0f6fe8,https://data.epa.ie/leap/api/v1/LicenseeReturns/byid?lr_id=476ae720-e39a-f011-a377-0050568a2d1a
Thermo Fisher Scientific Cork Limited - P0004,Requests for Approval and Site Reports,New Product Introduction - Project Anta Stage 2,https://leap.epa.ie/licence-profile/P0004/compliance/return/6b2a5719-f599-f011-a377-0050568a2d1a,2025-09-30T00:00:00+00:00,Closed,2025-09-25T00:00:00,P0004,1a507022-d459-4a98-afb9-cc0587998ac1,https://data.epa.ie/leap/api/v1/LicenseeReturns/byid?lr_id=6b2a5719-f599-f011-a377-0050568a2d1a
ADSIL Blanchardstown - P1172,Site Updates/Notifications,TeTemporay SW1-1 Monitoring Point Change - Construction Works,https://leap.epa.ie/licence-profile/P1172/compliance/return/6b8524d1-cf67-f011-a373-0050568a2d1a,2025-09-30T00:00:00+00:00,Closed,2025-07-23T00:00:00,P1172,c55c9492-b292-4d07-96ae-af0a4592b889,https://data.epa.ie/leap/api/v1/LicenseeReturns/byid?lr_id=6b8524d1-cf67-f011-a373-0050568a2d1a
Kayfoam Woolfson - P0058,Monitoring Returns,Air Emissions Q2 2025,https://leap.epa.ie/licence-profile/P0058/compliance/return/6cef6060-978c-f011-a376-0050568a2d1a,2025-09-30T00:00:00+00:00,Closed,2025-09-08T00:00:00,P0058,d705ada1-d35e-4a4f-8010-319fefdd5b5d,https://data.epa.ie/leap/api/v1/LicenseeReturns/byid?lr_id=6cef6060-978c-f011-a376-0050568a2d1a
Roche Ireland Limited - P0012,Monitoring Returns,2025 Q3 Report,https://leap.epa.ie/licence-profile/P0012/compliance/return/6d9addcf-3099-f011-a377-0050568a2d1a,2025-09-30T00:00:00+00:00,Closed,2025-09-24T00:00:00,P0012,a45f794a-3739-4e72-b6ea-1dea48efc0fe,https://data.epa.ie/leap/api/v1/LicenseeReturns/byid?lr_id=6d9addcf-3099-f011-a377-0050568a2d1a
Eli Lilly Kinsale Limited - P0009,Requests for Approval and Site Reports,Q2 2025 RTO Emissions Abatement System By-pass Report,https://leap.epa.ie/licence-profile/P0009/compliance/return/88e24ca2-e884-f011-a373-0050568a2d1a,2025-09-30T00:00:00+00:00,Closed,2025-08-29T00:00:00,P0009,9749c6a2-a309-4de2-af1c-37bb5381d391,https://data.epa.ie/leap/api/v1/LicenseeReturns/byid?lr_id=88e24ca2-e884-f011-a373-0050568a2d1a
Sigma-Aldrich Ireland Limited - P0089,Site Updates/Notifications,Change of Site Director,https://leap.epa.ie/licence-profile/P0089/compliance/return/8b64e3ba-4087-f011-a373-0050568a2d1a,2025-09-30T00:00:00+00:00,Closed,2025-09-01T00:00:00,P0089,661072a9-52f4-4501-9aa9-83d62658a278,https://data.epa.ie/leap/api/v1/LicenseeReturns/byid?lr_id=8b64e3ba-4087-f011-a373-0050568a2d1a
ADSIL Blanchardstown - P1172,Site Updates/Notifications,SW1-1 and SW4-1 Updates,https://leap.epa.ie/licence-profile/P1172/compliance/return/8ccbe4cd-d98f-f011-a377-0050568a2d1a,2025-09-30T00:00:00+00:00,Closed,2025-09-12T00:00:00,P1172,c55c9492-b292-4d07-96ae-af0a4592b889,https://data.epa.ie/leap/api/v1/LicenseeReturns/byid?lr_id=8ccbe4cd-d98f-f011-a377-0050568a2d1a
Kingspan Building Products Limited - P0065,Site Updates/Notifications,Waste Carbon records requested during site visit on 26th Aug 2025,https://leap.epa.ie/licence-profile/P0065/compliance/return/945bc1e3-368a-f011-a376-0050568a2d1a,2025-09-30T00:00:00+00:00,Closed,2025-09-05T00:00:00,P0065,41bfea9c-c15a-4569-9cdf-a90959127188,https://data.epa.ie/leap/api/v1/LicenseeReturns/byid?lr_id=945bc1e3-368a-f011-a376-0050568a2d1a
Thermo Fisher Scientific Cork Limited - P0004,Monitoring Returns,Monthly Groundwater Monitoring Summary to June 2025,https://leap.epa.ie/licence-profile/P0004/compliance/return/9bd3c651-a07e-f011-a373-0050568a2d1a,2025-09-30T00:00:00+00:00,Closed,2025-08-21T00:00:00,P0004,1a507022-d459-4a98-afb9-cc0587998ac1,https://data.epa.ie/leap/api/v1/LicenseeReturns/byid?lr_id=9bd3c651-a07e-f011-a373-0050568a2d1a
MSD International GmbH t/a MSD Ireland (Dunboyne Biologics) - P1073,Site Updates/Notifications,Response to EPA Report SV1867 - Site drainage map,https://leap.epa.ie/licence-profile/P1073/compliance/return/9d7b0b4b-8e82-f011-a373-0050568a2d1a,2025-09-30T00:00:00+00:00,Closed,2025-08-26T00:00:00,P1073,541d080f-45b6-448e-8327-82e0cb13dc2e,https://data.epa.ie/leap/api/v1/LicenseeReturns/byid?lr_id=9d7b0b4b-8e82-f011-a373-0050568a2d1a
Amazon Data Services Ireland Limited - P1171,Site Updates/Notifications,6.3 Control and monitoring,https://leap.epa.ie/licence-profile/P1171/compliance/return/aea7d12c-109a-f011-a377-0050568a2d1a,2025-09-30T00:00:00+00:00,Closed,2025-09-25T00:00:00,P1171,92aeecf7-8025-438c-8b6a-f40cdf9b68cf,https://data.epa.ie/leap/api/v1/LicenseeReturns/byid?lr_id=aea7d12c-109a-f011-a377-0050568a2d1a
ERAS ECO Ltd - W0211,Site Updates/Notifications,Licensee Public Response - SV33152,https://leap.epa.ie/licence-profile/W0211/compliance/return/b35f5032-f29d-f011-a377-0050568a2d1a,2025-09-30T00:00:00+00:00,Open,2025-09-30T00:00:00,W0211,8851c993-adac-4688-93b4-13c9820afc14,https://data.epa.ie/leap/api/v1/LicenseeReturns/byid?lr_id=b35f5032-f29d-f011-a377-0050568a2d1a
Pfizer Ireland Pharmaceuticals Unlimited Company (Ringaskiddy) - P0013,Requests for Approval and Site Reports,Request approval to introduce new materials,https://leap.epa.ie/licence-profile/P0013/compliance/return/b8627e87-ce8f-f011-a377-0050568a2d1a,2025-09-30T00:00:00+00:00,Closed,2025-09-12T00:00:00,P0013,8e7289a5-44fc-4715-b9b6-a76e88c16c0d,https://data.epa.ie/leap/api/v1/LicenseeReturns/byid?lr_id=b8627e87-ce8f-f011-a377-0050568a2d1a
Pfizer Ireland Pharmaceuticals Unlimited Company (Ringaskiddy) - P0013,Site Updates/Notifications,Update to Licensee Return LR093081,https://leap.epa.ie/licence-profile/P0013/compliance/return/c9146bc4-1684-f011-a373-0050568a2d1a,2025-09-30T00:00:00+00:00,Closed,2025-08-28T00:00:00,P0013,8e7289a5-44fc-4715-b9b6-a76e88c16c0d,https://data.epa.ie/leap/api/v1/LicenseeReturns/byid?lr_id=c9146bc4-1684-f011-a373-0050568a2d1a
MSD International GmbH t/a MSD Ireland (Dunboyne Biologics) - P1073,Site Updates/Notifications,Response to Report SV1867 - Stormwater Management,https://leap.epa.ie/licence-profile/P1073/compliance/return/cda59018-7d82-f011-a373-0050568a2d1a,2025-09-30T00:00:00+00:00,Closed,2025-08-26T00:00:00,P1073,541d080f-45b6-448e-8327-82e0cb13dc2e,https://data.epa.ie/leap/api/v1/LicenseeReturns/byid?lr_id=cda59018-7d82-f011-a373-0050568a2d1a
Anglo Beef Processors Ireland Unlimited Company t/a ABP Proteins Waterford - P0040,Site Updates/Notifications,Response SV33060,https://leap.epa.ie/licence-profile/P0040/compliance/return/d56b424d-d99a-f011-a377-0050568a2d1a,2025-09-30T00:00:00+00:00,Closed,2025-09-26T00:00:00,P0040,c4a88361-1b4e-4f46-89d9-6655753bb9e6,https://data.epa.ie/leap/api/v1/LicenseeReturns/byid?lr_id=d56b424d-d99a-f011-a377-0050568a2d1a
Holmestown Waste Management Facility - W0191,Site Updates/Notifications,SEW Response to request for further information,https://leap.epa.ie/licence-profile/W0191/compliance/return/e12e975a-a094-f011-a377-0050568a2d1a,2025-09-30T00:00:00+00:00,Closed,2025-09-18T00:00:00,W0191,cc7d3f43-b6e6-413a-b51e-64cd4f8a5fae,https://data.epa.ie/leap/api/v1/LicenseeReturns/byid?lr_id=e12e975a-a094-f011-a377-0050568a2d1a
Port of Waterford. - S0012,Site Updates/Notifications,Completion Notice late September ploughing,https://leap.epa.ie/licence-profile/S0012/compliance/return/e70e7ade-d69d-f011-a377-0050568a2d1a,2025-09-30T00:00:00+00:00,Closed,2025-09-30T00:00:00,S0012,d3e61a83-98a6-e611-8d41-0050568a69e2,https://data.epa.ie/leap/api/v1/LicenseeReturns/byid?lr_id=e70e7ade-d69d-f011-a377-0050568a2d1a
Pfizer Ireland Pharmaceuticals Unlimited Company (Grange Castle) - P0652,Site Updates/Notifications,ODS and F-Gas Maintenance and Leak Check Records,https://leap.epa.ie/licence-profile/P0652/compliance/return/ed48b7fc-c616-f011-a373-0050568a2d1a,2025-09-30T00:00:00+00:00,Closed,2025-04-11T00:00:00,P0652,52836abc-c980-4735-818e-6ee1bcfd6152,https://data.epa.ie/leap/api/v1/LicenseeReturns/byid?lr_id=ed48b7fc-c616-f011-a373-0050568a2d1a
Crag Arklow Limited - P0031,Requests for Approval and Site Reports,Northern Landfill East Cell Capping (update Sep 2025),https://leap.epa.ie/licence-profile/P0031/compliance/return/ef23ea55-3e92-f011-a377-0050568a2d1a,2025-09-30T00:00:00+00:00,Closed,2025-09-15T00:00:00,P0031,8f846032-ed4d-4860-b36a-f01dd5bb2482,https://data.epa.ie/leap/api/v1/LicenseeReturns/byid?lr_id=ef23ea55-3e92-f011-a377-0050568a2d1a
MSD International GmbH t/a MSD Ireland (Dunboyne Biologics) - P1073,Site Updates/Notifications,Groundwater Monitoring Data Analysis,https://leap.epa.ie/licence-profile/P1073/compliance/return/f7ed013e-697f-f011-a373-0050568a2d1a,2025-09-30T00:00:00+00:00,Closed,2025-08-22T00:00:00,P1073,541d080f-45b6-448e-8327-82e0cb13dc2e,https://data.epa.ie/leap/api/v1/LicenseeReturns/byid?lr_id=f7ed013e-697f-f011-a373-0050568a2d1a
Electricity Supply Board (North Wall) - P0579,Monitoring Returns,"North Wall TEG Air Emission Monitoring Report – March 26, 2025",https://leap.epa.ie/licence-profile/P0579/compliance/return/f7ed439f-4e4c-f011-a373-0050568a2d1a,2025-09-30T00:00:00+00:00,Closed,2025-06-18T00:00:00,P0579,4dccc3f1-97fd-4c6d-9c13-29944f833b8f,https://data.epa.ie/leap/api/v1/LicenseeReturns/byid?lr_id=f7ed439f-4e4c-f011-a373-0050568a2d1a
Amgen Technology (Ireland) Unlimited Company - P0019,EPA Initiated Correspondence,,https://leap.epa.ie/licence-profile/P0019/compliance/epa-correspondence/c5617a5a-0e9e-f011-a377-0050568a2d1a,2025-09-30T00:00:00+00:00,Closed,2025-09-30T00:00:00,P0019,ebf61e08-e66d-4b32-ad46-dca1ce1504ca,https://data.epa.ie/leap/api/v1/MeetingCorrespondence/epainiciatedcorrespondencebyid?epainitiatedcorrespondence_id=c5617a5a-0e9e-f011-a377-0050568a2d1a
North Cork Co-Op Creameries Limited - P1051,Non Compliance,,https://leap.epa.ie/licence-profile/P1051/compliance/non-compliance/125138a0-eb9d-f011-a377-0050568a2d1a,2025-09-30T00:00:00+00:00,Issued,2025-09-30T00:00:00,P1051,c927580f-5fd8-e811-a2db-0050568a66b2,https://data.epa.ie/leap/api/v1/NonCompliance/byid?nc_id=125138a0-eb9d-f011-a377-0050568a2d1a
BASF Ireland Designated Activity Company - P0052,Non Compliance,,https://leap.epa.ie/licence-profile/P0052/compliance/non-compliance/15ab1400-fb9d-f011-a377-0050568a2d1a,2025-09-30T00:00:00+00:00,Issued,2025-09-30T00:00:00,P0052,cc146706-f674-4ba1-9e55-832e03ed4883,https://data.epa.ie/leap/api/v1/NonCompliance/byid?nc_id=15ab1400-fb9d-f011-a377-0050568a2d1a
Chemifloc Limited - P0076,Non Compliance,,https://leap.epa.ie/licence-profile/P0076/compliance/non-compliance/1d97ece8-209a-f011-a377-0050568a2d1a,2025-09-30T00:00:00+00:00,Issued,2025-09-30T00:00:00,P0076,55500f73-0ba0-4716-8d23-365670e0dc31,https://data.epa.ie/leap/api/v1/NonCompliance/byid?nc_id=1d97ece8-209a-f011-a377-0050568a2d1a
Dunsink Landfill aka Dunsink Civic Amenity - W0127,Non Compliance,,https://leap.epa.ie/licence-profile/W0127/compliance/non-compliance/1ea38abb-0d9d-f011-a377-0050568a2d1a,2025-09-30T00:00:00+00:00,Issued,2025-09-30T00:00:00,W0127,99bc7558-022a-497a-8fe7-895627350df5,https://data.epa.ie/leap/api/v1/NonCompliance/byid?nc_id=1ea38abb-0d9d-f011-a377-0050568a2d1a
Chemifloc Limited - P0076,Non Compliance,,https://leap.epa.ie/licence-profile/P0076/compliance/non-compliance/1ebbdbca-219a-f011-a377-0050568a2d1a,2025-09-30T00:00:00+00:00,Issued,2025-09-30T00:00:00,P0076,55500f73-0ba0-4716-8d23-365670e0dc31,https://data.epa.ie/leap/api/v1/NonCompliance/byid?nc_id=1ebbdbca-219a-f011-a377-0050568a2d1a
Dunsink Landfill aka Dunsink Civic Amenity - W0127,Non Compliance,,https://leap.epa.ie/licence-profile/W0127/compliance/non-compliance/3aeccf95-139d-f011-a377-0050568a2d1a,2025-09-30T00:00:00+00:00,Issued,2025-09-30T00:00:00,W0127,99bc7558-022a-497a-8fe7-895627350df5,https://data.epa.ie/leap/api/v1/NonCompliance/byid?nc_id=3aeccf95-139d-f011-a377-0050568a2d1a
Chemifloc Limited - P0076,Non Compliance,,https://leap.epa.ie/licence-profile/P0076/compliance/non-compliance/59026495-229a-f011-a377-0050568a2d1a,2025-09-30T00:00:00+00:00,Issued,2025-09-30T00:00:00,P0076,55500f73-0ba0-4716-8d23-365670e0dc31,https://data.epa.ie/leap/api/v1/NonCompliance/byid?nc_id=59026495-229a-f011-a377-0050568a2d1a
Chemifloc Limited - P0076,Non Compliance,,https://leap.epa.ie/licence-profile/P0076/compliance/non-compliance/5a29672f-239a-f011-a377-0050568a2d1a,2025-09-30T00:00:00+00:00,Issued,2025-09-30T00:00:00,P0076,55500f73-0ba0-4716-8d23-365670e0dc31,https://data.epa.ie/leap/api/v1/NonCompliance/byid?nc_id=5a29672f-239a-f011-a377-0050568a2d1a
BASF Ireland Designated Activity Company - P0052,Non Compliance,,https://leap.epa.ie/licence-profile/P0052/compliance/non-compliance/68e888b2-fa9d-f011-a377-0050568a2d1a,2025-09-30T00:00:00+00:00,Issued,2025-09-30T00:00:00,P0052,cc146706-f674-4ba1-9e55-832e03ed4883,https://data.epa.ie/leap/api/v1/NonCompliance/byid?nc_id=68e888b2-fa9d-f011-a377-0050568a2d1a
Arrow Group - P0812,Non Compliance,,https://leap.epa.ie/licence-profile/P0812/compliance/non-compliance/6bad951f-369d-f011-a377-0050568a2d1a,2025-09-30T00:00:00+00:00,Issued,2025-09-30T00:00:00,P0812,7fcd1011-168f-44a5-88a4-7c7a6749300f,https://data.epa.ie/leap/api/v1/NonCompliance/byid?nc_id=6bad951f-369d-f011-a377-0050568a2d1a
WuXi Vaccines Ireland Limited - P1146,Non Compliance,,https://leap.epa.ie/licence-profile/P1146/compliance/non-compliance/7663fda3-d39d-f011-a377-0050568a2d1a,2025-09-30T00:00:00+00:00,Issued,2025-09-30T00:00:00,P1146,fedcbf7d-8376-4f30-8b27-d3abd5c54e88,https://data.epa.ie/leap/api/v1/NonCompliance/byid?nc_id=7663fda3-d39d-f011-a377-0050568a2d1a
North Cork Co-Op Creameries Limited - P1051,Non Compliance,,https://leap.epa.ie/licence-profile/P1051/compliance/non-compliance/79509e39-ee9d-f011-a377-0050568a2d1a,2025-09-30T00:00:00+00:00,Issued,2025-09-30T00:00:00,P1051,c927580f-5fd8-e811-a2db-0050568a66b2,https://data.epa.ie/leap/api/v1/NonCompliance/byid?nc_id=79509e39-ee9d-f011-a377-0050568a2d1a
North Cork Co-Op Creameries Limited - P1051,Non Compliance,,https://leap.epa.ie/licence-profile/P1051/compliance/non-compliance/9c91b4b4-ec9d-f011-a377-0050568a2d1a,2025-09-30T00:00:00+00:00,Issued,2025-09-30T00:00:00,P1051,c927580f-5fd8-e811-a2db-0050568a66b2,https://data.epa.ie/leap/api/v1/NonCompliance/byid?nc_id=9c91b4b4-ec9d-f011-a377-0050568a2d1a
Tulligmore Quarry Solutions Limited - W0255,Non Compliance,,https://leap.epa.ie/licence-profile/W0255/compliance/non-compliance/afc71e87-139e-f011-a377-0050568a2d1a,2025-09-30T00:00:00+00:00,Issued,2025-09-30T00:00:00,W0255,f138c9f0-b24b-4e8b-b827-1cb490ebc9e1,https://data.epa.ie/leap/api/v1/NonCompliance/byid?nc_id=afc71e87-139e-f011-a377-0050568a2d1a
Chemifloc Limited - P0076,Non Compliance,,https://leap.epa.ie/licence-profile/P0076/compliance/non-compliance/c1620868-229a-f011-a377-0050568a2d1a,2025-09-30T00:00:00+00:00,Issued,2025-09-30T00:00:00,P0076,55500f73-0ba0-4716-8d23-365670e0dc31,https://data.epa.ie/leap/api/v1/NonCompliance/byid?nc_id=c1620868-229a-f011-a377-0050568a2d1a
Chemifloc Limited - P0076,Non Compliance,,https://leap.epa.ie/licence-profile/P0076/compliance/non-compliance/c29bbc43-219a-f011-a377-0050568a2d1a,2025-09-30T00:00:00+00:00,Issued,2025-09-30T00:00:00,P0076,55500f73-0ba0-4716-8d23-365670e0dc31,https://data.epa.ie/leap/api/v1/NonCompliance/byid?nc_id=c29bbc43-219a-f011-a377-0050568a2d1a
Dunsink Landfill aka Dunsink Civic Amenity - W0127,Non Compliance,,https://leap.epa.ie/licence-profile/W0127/compliance/non-compliance/d575dc78-0d9d-f011-a377-0050568a2d1a,2025-09-30T00:00:00+00:00,Issued,2025-09-30T00:00:00,W0127,99bc7558-022a-497a-8fe7-895627350df5,https://data.epa.ie/leap/api/v1/NonCompliance/byid?nc_id=d575dc78-0d9d-f011-a377-0050568a2d1a
Dunsink Landfill aka Dunsink Civic Amenity - W0127,Non Compliance,,https://leap.epa.ie/licence-profile/W0127/compliance/non-compliance/e2739d54-139d-f011-a377-0050568a2d1a,2025-09-30T00:00:00+00:00,Issued,2025-09-30T00:00:00,W0127,99bc7558-022a-497a-8fe7-895627350df5,https://data.epa.ie/leap/api/v1/NonCompliance/byid?nc_id=e2739d54-139d-f011-a377-0050568a2d1a
Chemifloc Limited - P0076,Non Compliance,,https://leap.epa.ie/licence-profile/P0076/compliance/non-compliance/ffdd3759-169a-f011-a377-0050568a2d1a,2025-09-30T00:00:00+00:00,Issued,2025-09-30T00:00:00,P0076,55500f73-0ba0-4716-8d23-365670e0dc31,https://data.epa.ie/leap/api/v1/NonCompliance/byid?nc_id=ffdd3759-169a-f011-a377-0050568a2d1a
Ballinagh - D0501,Site Visit,,https://leap.epa.ie/licence-profile/D0501/compliance/sitevisit/0103bf2d-6561-f011-a373-0050568a2d1a,2025-09-30T00:00:00+00:00,Closed,2025-07-14T00:00:00,D0501,757ddf63-4186-465a-8caf-29f5a0c53e65,https://data.epa.ie/leap/api/v1/SiteVisit/byid?sv_id=0103bf2d-6561-f011-a373-0050568a2d1a
Dunsink Landfill aka Dunsink Civic Amenity - W0127,Site Visit,,https://leap.epa.ie/licence-profile/W0127/compliance/sitevisit/0f7a8a31-a6d1-ef11-a325-0050568a66b2,2025-09-30T00:00:00+00:00,Closed,2025-08-29T00:00:00,W0127,99bc7558-022a-497a-8fe7-895627350df5,https://data.epa.ie/leap/api/v1/SiteVisit/byid?sv_id=0f7a8a31-a6d1-ef11-a325-0050568a66b2
Intel Ireland Limited - P0207,Site Visit,,https://leap.epa.ie/licence-profile/P0207/compliance/sitevisit/56471439-b6bb-ef11-a324-0050568a66b2,2025-09-30T00:00:00+00:00,Closed,2025-08-06T00:00:00,P0207,2c0af8b7-fb39-4182-bc57-f49fdcb25313,https://data.epa.ie/leap/api/v1/SiteVisit/byid?sv_id=56471439-b6bb-ef11-a324-0050568a66b2
Tulligmore Quarry Solutions Limited - W0255,Site Visit,,https://leap.epa.ie/licence-profile/W0255/compliance/sitevisit/5dda1937-f58e-f011-a377-0050568a2d1a,2025-09-30T00:00:00+00:00,Closed,2025-09-11T00:00:00,W0255,f138c9f0-b24b-4e8b-b827-1cb490ebc9e1,https://data.epa.ie/leap/api/v1/SiteVisit/byid?sv_id=5dda1937-f58e-f011-a377-0050568a2d1a
Unilin Insulation Ireland Limited - P0666,Site Visit,,https://leap.epa.ie/licence-profile/P0666/compliance/sitevisit/9c471439-b6bb-ef11-a324-0050568a66b2,2025-09-30T00:00:00+00:00,Closed,2025-07-03T00:00:00,P0666,9df9980d-192a-44c7-b128-4c35e5059966,https://data.epa.ie/leap/api/v1/SiteVisit/byid?sv_id=9c471439-b6bb-ef11-a324-0050568a66b2
Mr. Conor Smith - P1211,Site Visit,,https://leap.epa.ie/licence-profile/P1211/compliance/sitevisit/9f089819-a6d1-ef11-a325-0050568a66b2,2025-09-30T00:00:00+00:00,Closed,2025-09-22T00:00:00,P1211,4d8ca7ab-ecb9-4276-9aaa-8093e409563e,https://data.epa.ie/leap/api/v1/SiteVisit/byid?sv_id=9f089819-a6d1-ef11-a325-0050568a66b2
ZOETIS BELGIUM S.A - P0015,Site Visit,,https://leap.epa.ie/licence-profile/P0015/compliance/sitevisit/ac629925-a6d1-ef11-a325-0050568a66b2,2025-09-30T00:00:00+00:00,Closed,2025-09-16T00:00:00,P0015,4447b20a-0d78-4af0-8ceb-27fcdd0f6fe8,https://data.epa.ie/leap/api/v1/SiteVisit/byid?sv_id=ac629925-a6d1-ef11-a325-0050568a66b2
Arrow Group - P0812,Site Visit,,https://leap.epa.ie/licence-profile/P0812/compliance/sitevisit/b4471439-b6bb-ef11-a324-0050568a66b2,2025-09-30T00:00:00+00:00,Closed,2025-09-01T00:00:00,P0812,7fcd1011-168f-44a5-88a4-7c7a6749300f,https://data.epa.ie/leap/api/v1/SiteVisit/byid?sv_id=b4471439-b6bb-ef11-a324-0050568a66b2
