licence_profile_name,document_type,title,leap_url,document_date,compliance_status,compliance_date,profilenumber,licenceprofileid,document_url
Microsoft Ireland Operations Limited - P1187,Requests for Approval and Site Reports,Proposal Minor Emission Monitoring Programme,https://leap.epa.ie/licence-profile/P1187/compliance/return/ce345139-b313-f011-a373-0050568a2d1a,2025-04-07T00:00:00+00:00,Open,2025-04-07T00:00:00,P1187,fcd3466a-f9ca-4ee5-842c-ea7f6f342750,https://data.epa.ie/leap/api/v1/LicenseeReturns/byid?lr_id=ce345139-b313-f011-a373-0050568a2d1a
Vermilion Exploration and Production Ireland Limited - P0738,Meeting,,https://leap.epa.ie/licence-profile/P0738/compliance/return/000f5e26-03f9-4696-a862-0b86f38208bd,2025-04-07T00:00:00+00:00,Closed,2025-04-07T00:00:00,P0738,aa3749e0-2af5-4c42-b314-e161593785e9,https://data.epa.ie/leap/api/v1/MeetingCorrespondence/meetingbyid?meeting_id=000f5e26-03f9-4696-a862-0b86f38208bd
Ringsend - D0034,Meeting,,https://leap.epa.ie/licence-profile/D0034/compliance/return/004f1f9e-45df-4fe0-ae12-0cfde1a431a2,2025-04-07T00:00:00+00:00,Closed,2025-04-07T00:00:00,D0034,188b6e9c-77a4-4dd9-895c-17080f6af298,https://data.epa.ie/leap/api/v1/MeetingCorrespondence/meetingbyid?meeting_id=004f1f9e-45df-4fe0-ae12-0cfde1a431a2
Vermilion Exploration and Production Ireland Limited - P0738,Meeting,,https://leap.epa.ie/licence-profile/P0738/compliance/return/005e9b1a-4a22-4225-bbf9-567004f91cc5,2025-04-07T00:00:00+00:00,Closed,2025-04-07T00:00:00,P0738,aa3749e0-2af5-4c42-b314-e161593785e9,https://data.epa.ie/leap/api/v1/MeetingCorrespondence/meetingbyid?meeting_id=005e9b1a-4a22-4225-bbf9-567004f91cc5
Vermilion Exploration and Production Ireland Limited - P0738,Meeting,,https://leap.epa.ie/licence-profile/P0738/compliance/return/0236efdf-8d30-43d7-9d87-ac7ea879b989,2025-04-07T00:00:00+00:00,Closed,2025-04-07T00:00:00,P0738,aa3749e0-2af5-4c42-b314-e161593785e9,https://data.epa.ie/leap/api/v1/MeetingCorrespondence/meetingbyid?meeting_id=0236efdf-8d30-43d7-9d87-ac7ea879b989
Ringsend - D0034,Meeting,,https://leap.epa.ie/licence-profile/D0034/compliance/return/028d4892-4401-4328-a313-d1d298e1937f,2025-04-07T00:00:00+00:00,Closed,2025-04-07T00:00:00,D0034,188b6e9c-77a4-4dd9-895c-17080f6af298,https://data.epa.ie/leap/api/v1/MeetingCorrespondence/meetingbyid?meeting_id=028d4892-4401-4328-a313-d1d298e1937f
Vermilion Exploration and Production Ireland Limited - P0738,Meeting,,https://leap.epa.ie/licence-profile/P0738/compliance/return/02902d38-8bd7-413d-b879-56e22f7a1845,2025-04-07T00:00:00+00:00,Closed,2025-04-07T00:00:00,P0738,aa3749e0-2af5-4c42-b314-e161593785e9,https://data.epa.ie/leap/api/v1/MeetingCorrespondence/meetingbyid?meeting_id=02902d38-8bd7-413d-b879-56e22f7a1845
Ringsend - D0034,Meeting,,https://leap.epa.ie/licence-profile/D0034/compliance/return/03abbf29-68fc-42f4-a158-92b495eb21a0,2025-04-07T00:00:00+00:00,Closed,2025-04-07T00:00:00,D0034,188b6e9c-77a4-4dd9-895c-17080f6af298,https://data.epa.ie/leap/api/v1/MeetingCorrespondence/meetingbyid?meeting_id=03abbf29-68fc-42f4-a158-92b495eb21a0
Vermilion Exploration and Production Ireland Limited - P0738,Meeting,,https://leap.epa.ie/licence-profile/P0738/compliance/return/05149db9-bd4c-40e6-9d70-01683e046691,2025-04-07T00:00:00+00:00,Closed,2025-04-07T00:00:00,P0738,aa3749e0-2af5-4c42-b314-e161593785e9,https://data.epa.ie/leap/api/v1/MeetingCorrespondence/meetingbyid?meeting_id=05149db9-bd4c-40e6-9d70-01683e046691
Ringsend - D0034,Meeting,,https://leap.epa.ie/licence-profile/D0034/compliance/return/0605bed6-cf03-4b22-b83f-df7a2850cc26,2025-04-07T00:00:00+00:00,Closed,2025-04-07T00:00:00,D0034,188b6e9c-77a4-4dd9-895c-17080f6af298,https://data.epa.ie/leap/api/v1/MeetingCorrespondence/meetingbyid?meeting_id=0605bed6-cf03-4b22-b83f-df7a2850cc26
Vermilion Exploration and Production Ireland Limited - P0738,Meeting,,https://leap.epa.ie/licence-profile/P0738/compliance/return/0616294a-f44d-48fc-b75f-f0027e93681e,2025-04-07T00:00:00+00:00,Closed,2025-04-07T00:00:00,P0738,aa3749e0-2af5-4c42-b314-e161593785e9,https://data.epa.ie/leap/api/v1/MeetingCorrespondence/meetingbyid?meeting_id=0616294a-f44d-48fc-b75f-f0027e93681e
Ringsend - D0034,Meeting,,https://leap.epa.ie/licence-profile/D0034/compliance/return/0636c81f-a348-483e-a67e-9665f8244506,2025-04-07T00:00:00+00:00,Closed,2025-04-07T00:00:00,D0034,188b6e9c-77a4-4dd9-895c-17080f6af298,https://data.epa.ie/leap/api/v1/MeetingCorrespondence/meetingbyid?meeting_id=0636c81f-a348-483e-a67e-9665f8244506
Vermilion Exploration and Production Ireland Limited - P0738,Meeting,,https://leap.epa.ie/licence-profile/P0738/compliance/return/071a6cb8-8a32-48a3-a031-9f5d7e881bf2,2025-04-07T00:00:00+00:00,Closed,2025-04-07T00:00:00,P0738,aa3749e0-2af5-4c42-b314-e161593785e9,https://data.epa.ie/leap/api/v1/MeetingCorrespondence/meetingbyid?meeting_id=071a6cb8-8a32-48a3-a031-9f5d7e881bf2
Vermilion Exploration and Production Ireland Limited - P0738,Meeting,,https://leap.epa.ie/licence-profile/P0738/compliance/return/07ef1a02-cc1e-4739-a047-6686c89ec709,2025-04-07T00:00:00+00:00,Closed,2025-04-07T00:00:00,P0738,aa3749e0-2af5-4c42-b314-e161593785e9,https://data.epa.ie/leap/api/v1/MeetingCorrespondence/meetingbyid?meeting_id=07ef1a02-cc1e-4739-a047-6686c89ec709
Vermilion Exploration and Production Ireland Limited - P0738,Meeting,,https://leap.epa.ie/licence-profile/P0738/compliance/return/08ccb895-783d-4d02-b102-a92747c9259e,2025-04-07T00:00:00+00:00,Closed,2025-04-07T00:00:00,P0738,aa3749e0-2af5-4c42-b314-e161593785e9,https://data.epa.ie/leap/api/v1/MeetingCorrespondence/meetingbyid?meeting_id=08ccb895-783d-4d02-b102-a92747c9259e
Ringsend - D0034,Meeting,,https://leap.epa.ie/licence-profile/D0034/compliance/return/08e4a505-c1c5-42a9-9524-ba41371a8dae,2025-04-07T00:00:00+00:00,Closed,2025-04-07T00:00:00,D0034,188b6e9c-77a4-4dd9-895c-17080f6af298,https://data.epa.ie/leap/api/v1/MeetingCorrespondence/meetingbyid?meeting_id=08e4a505-c1c5-42a9-9524-ba41371a8dae
Ringsend - D0034,Meeting,,https://leap.epa.ie/licence-profile/D0034/compliance/return/095eca38-6afa-444d-a5e8-3745eb8d4a4d,2025-04-07T00:00:00+00:00,Closed,2025-04-07T00:00:00,D0034,188b6e9c-77a4-4dd9-895c-17080f6af298,https://data.epa.ie/leap/api/v1/MeetingCorrespondence/meetingbyid?meeting_id=095eca38-6afa-444d-a5e8-3745eb8d4a4d
Ringsend - D0034,Meeting,,https://leap.epa.ie/licence-profile/D0034/compliance/return/0aabb808-5384-4fcd-83bc-141e3a42edbf,2025-04-07T00:00:00+00:00,Closed,2025-04-07T00:00:00,D0034,188b6e9c-77a4-4dd9-895c-17080f6af298,https://data.epa.ie/leap/api/v1/MeetingCorrespondence/meetingbyid?meeting_id=0aabb808-5384-4fcd-83bc-141e3a42edbf
Vermilion Exploration and Production Ireland Limited - P0738,Meeting,,https://leap.epa.ie/licence-profile/P0738/compliance/return/0b07ec19-2e19-4bb9-b763-901bc5b34e39,2025-04-07T00:00:00+00:00,Closed,2025-04-07T00:00:00,P0738,aa3749e0-2af5-4c42-b314-e161593785e9,https://data.epa.ie/leap/api/v1/MeetingCorrespondence/meetingbyid?meeting_id=0b07ec19-2e19-4bb9-b763-901bc5b34e39
Vermilion Exploration and Production Ireland Limited - P0738,Meeting,,https://leap.epa.ie/licence-profile/P0738/compliance/return/0b673b5c-14e6-40b2-9dc6-dcb28b635dba,2025-04-07T00:00:00+00:00,Closed,2025-04-07T00:00:00,P0738,aa3749e0-2af5-4c42-b314-e161593785e9,https://data.epa.ie/leap/api/v1/MeetingCorrespondence/meetingbyid?meeting_id=0b673b5c-14e6-40b2-9dc6-dcb28b635dba
Vermilion Exploration and Production Ireland Limited - P0738,Meeting,,https://leap.epa.ie/licence-profile/P0738/compliance/return/0b729b08-80ae-4a45-a151-1d641edb3075,2025-04-07T00:00:00+00:00,Closed,2025-04-07T00:00:00,P0738,aa3749e0-2af5-4c42-b314-e161593785e9,https://data.epa.ie/leap/api/v1/MeetingCorrespondence/meetingbyid?meeting_id=0b729b08-80ae-4a45-a151-1d641edb3075
Ringsend - D0034,Meeting,,https://leap.epa.ie/licence-profile/D0034/compliance/return/0cc80c06-90fa-4523-ba45-e4b7070e055e,2025-04-07T00:00:00+00:00,Closed,2025-04-07T00:00:00,D0034,188b6e9c-77a4-4dd9-895c-17080f6af298,https://data.epa.ie/leap/api/v1/MeetingCorrespondence/meetingbyid?meeting_id=0cc80c06-90fa-4523-ba45-e4b7070e055e
Ringsend - D0034,Meeting,,https://leap.epa.ie/licence-profile/D0034/compliance/return/0d6a6c1a-7818-4ad8-97ab-c75800ac79c2,2025-04-07T00:00:00+00:00,Closed,2025-04-07T00:00:00,D0034,188b6e9c-77a4-4dd9-895c-17080f6af298,https://data.epa.ie/leap/api/v1/MeetingCorrespondence/meetingbyid?meeting_id=0d6a6c1a-7818-4ad8-97ab-c75800ac79c2
Vermilion Exploration and Production Ireland Limited - P0738,Meeting,,https://leap.epa.ie/licence-profile/P0738/compliance/return/113ce646-420a-4850-95fb-2686ad94b21d,2025-04-07T00:00:00+00:00,Closed,2025-04-07T00:00:00,P0738,aa3749e0-2af5-4c42-b314-e161593785e9,https://data.epa.ie/leap/api/v1/MeetingCorrespondence/meetingbyid?meeting_id=113ce646-420a-4850-95fb-2686ad94b21d
Vermilion Exploration and Production Ireland Limited - P0738,Meeting,,https://leap.epa.ie/licence-profile/P0738/compliance/return/114d6edb-3419-4bbe-94d0-6541ba2432b8,2025-04-07T00:00:00+00:00,Closed,2025-04-07T00:00:00,P0738,aa3749e0-2af5-4c42-b314-e161593785e9,https://data.epa.ie/leap/api/v1/MeetingCorrespondence/meetingbyid?meeting_id=114d6edb-3419-4bbe-94d0-6541ba2432b8
Vermilion Exploration and Production Ireland Limited - P0738,Meeting,,https://leap.epa.ie/licence-profile/P0738/compliance/return/130cfc41-febc-43d3-a2bf-90ca7688198e,2025-04-07T00:00:00+00:00,Closed,2025-04-07T00:00:00,P0738,aa3749e0-2af5-4c42-b314-e161593785e9,https://data.epa.ie/leap/api/v1/MeetingCorrespondence/meetingbyid?meeting_id=130cfc41-febc-43d3-a2bf-90ca7688198e
Vermilion Exploration and Production Ireland Limited - P0738,Meeting,,https://leap.epa.ie/licence-profile/P0738/compliance/return/13a7bcac-fda4-4ab1-9f57-c96830b626ec,2025-04-07T00:00:00+00:00,Closed,2025-04-07T00:00:00,P0738,aa3749e0-2af5-4c42-b314-e161593785e9,https://data.epa.ie/leap/api/v1/MeetingCorrespondence/meetingbyid?meeting_id=13a7bcac-fda4-4ab1-9f57-c96830b626ec
Vermilion Exploration and Production Ireland Limited - P0738,Meeting,,https://leap.epa.ie/licence-profile/P0738/compliance/return/1419f89a-ec6e-467e-b344-7268bc3f17d6,2025-04-07T00:00:00+00:00,Closed,2025-04-07T00:00:00,P0738,aa3749e0-2af5-4c42-b314-e161593785e9,https://data.epa.ie/leap/api/v1/MeetingCorrespondence/meetingbyid?meeting_id=1419f89a-ec6e-467e-b344-7268bc3f17d6
Vermilion Exploration and Production Ireland Limited - P0738,Meeting,,https://leap.epa.ie/licence-profile/P0738/compliance/return/14343476-548b-4827-9bf8-7e633feadcec,2025-04-07T00:00:00+00:00,Closed,2025-04-07T00:00:00,P0738,aa3749e0-2af5-4c42-b314-e161593785e9,https://data.epa.ie/leap/api/v1/MeetingCorrespondence/meetingbyid?meeting_id=14343476-548b-4827-9bf8-7e633feadcec
Ringsend - D0034,Meeting,,https://leap.epa.ie/licence-profile/D0034/compliance/return/153d8017-344a-4d48-90a5-3c58dacef3c6,2025-04-07T00:00:00+00:00,Closed,2025-04-07T00:00:00,D0034,188b6e9c-77a4-4dd9-895c-17080f6af298,https://data.epa.ie/leap/api/v1/MeetingCorrespondence/meetingbyid?meeting_id=153d8017-344a-4d48-90a5-3c58dacef3c6
Ringsend - D0034,Meeting,,https://leap.epa.ie/licence-profile/D0034/compliance/return/172b3ad4-ac6b-4b2c-8783-f643946910ea,2025-04-07T00:00:00+00:00,Closed,2025-04-07T00:00:00,D0034,188b6e9c-77a4-4dd9-895c-17080f6af298,https://data.epa.ie/leap/api/v1/MeetingCorrespondence/meetingbyid?meeting_id=172b3ad4-ac6b-4b2c-8783-f643946910ea
Vermilion Exploration and Production Ireland Limited - P0738,Meeting,,https://leap.epa.ie/licence-profile/P0738/compliance/return/1764eef2-3a0a-4664-9226-0fb5813f8c14,2025-04-07T00:00:00+00:00,Closed,2025-04-07T00:00:00,P0738,aa3749e0-2af5-4c42-b314-e161593785e9,https://data.epa.ie/leap/api/v1/MeetingCorrespondence/meetingbyid?meeting_id=1764eef2-3a0a-4664-9226-0fb5813f8c14
Vermilion Exploration and Production Ireland Limited - P0738,Meeting,,https://leap.epa.ie/licence-profile/P0738/compliance/return/178603fe-c476-4b37-803c-7f934d4fd598,2025-04-07T00:00:00+00:00,Closed,2025-04-07T00:00:00,P0738,aa3749e0-2af5-4c42-b314-e161593785e9,https://data.epa.ie/leap/api/v1/MeetingCorrespondence/meetingbyid?meeting_id=178603fe-c476-4b37-803c-7f934d4fd598
Ringsend - D0034,Meeting,,https://leap.epa.ie/licence-profile/D0034/compliance/return/187fdc70-92aa-4c41-800a-f591839d0347,2025-04-07T00:00:00+00:00,Closed,2025-04-07T00:00:00,D0034,188b6e9c-77a4-4dd9-895c-17080f6af298,https://data.epa.ie/leap/api/v1/MeetingCorrespondence/meetingbyid?meeting_id=187fdc70-92aa-4c41-800a-f591839d0347
Vermilion Exploration and Production Ireland Limited - P0738,Meeting,,https://leap.epa.ie/licence-profile/P0738/compliance/return/19342d24-5883-466a-80cf-1a6fcab6967e,2025-04-07T00:00:00+00:00,Closed,2025-04-07T00:00:00,P0738,aa3749e0-2af5-4c42-b314-e161593785e9,https://data.epa.ie/leap/api/v1/MeetingCorrespondence/meetingbyid?meeting_id=19342d24-5883-466a-80cf-1a6fcab6967e
Ringsend - D0034,Meeting,,https://leap.epa.ie/licence-profile/D0034/compliance/return/195b7c9c-794b-43be-8b51-5df750dcde61,2025-04-07T00:00:00+00:00,Closed,2025-04-07T00:00:00,D0034,188b6e9c-77a4-4dd9-895c-17080f6af298,https://data.epa.ie/leap/api/v1/MeetingCorrespondence/meetingbyid?meeting_id=195b7c9c-794b-43be-8b51-5df750dcde61
Ringsend - D0034,Meeting,,https://leap.epa.ie/licence-profile/D0034/compliance/return/1a106f27-5a5f-45cc-bd60-edd3ef835934,2025-04-07T00:00:00+00:00,Closed,2025-04-07T00:00:00,D0034,188b6e9c-77a4-4dd9-895c-17080f6af298,https://data.epa.ie/leap/api/v1/MeetingCorrespondence/meetingbyid?meeting_id=1a106f27-5a5f-45cc-bd60-edd3ef835934
Ringsend - D0034,Meeting,,https://leap.epa.ie/licence-profile/D0034/compliance/return/1a2493de-f109-4791-add8-f685f812a5ee,2025-04-07T00:00:00+00:00,Closed,2025-04-07T00:00:00,D0034,188b6e9c-77a4-4dd9-895c-17080f6af298,https://data.epa.ie/leap/api/v1/MeetingCorrespondence/meetingbyid?meeting_id=1a2493de-f109-4791-add8-f685f812a5ee
Ringsend - D0034,Meeting,,https://leap.epa.ie/licence-profile/D0034/compliance/return/1a33fe4a-2830-4082-bb49-afc1bab3cff9,2025-04-07T00:00:00+00:00,Closed,2025-04-07T00:00:00,D0034,188b6e9c-77a4-4dd9-895c-17080f6af298,https://data.epa.ie/leap/api/v1/MeetingCorrespondence/meetingbyid?meeting_id=1a33fe4a-2830-4082-bb49-afc1bab3cff9
Vermilion Exploration and Production Ireland Limited - P0738,Meeting,,https://leap.epa.ie/licence-profile/P0738/compliance/return/1ab50302-a58e-4334-864c-305275f0e650,2025-04-07T00:00:00+00:00,Closed,2025-04-07T00:00:00,P0738,aa3749e0-2af5-4c42-b314-e161593785e9,https://data.epa.ie/leap/api/v1/MeetingCorrespondence/meetingbyid?meeting_id=1ab50302-a58e-4334-864c-305275f0e650
Ringsend - D0034,Meeting,,https://leap.epa.ie/licence-profile/D0034/compliance/return/1bc884a3-eeee-455e-9a64-bd17c618d441,2025-04-07T00:00:00+00:00,Closed,2025-04-07T00:00:00,D0034,188b6e9c-77a4-4dd9-895c-17080f6af298,https://data.epa.ie/leap/api/v1/MeetingCorrespondence/meetingbyid?meeting_id=1bc884a3-eeee-455e-9a64-bd17c618d441
Ringsend - D0034,Meeting,,https://leap.epa.ie/licence-profile/D0034/compliance/return/1c4ad789-fa10-406b-ab3d-19c7082f055a,2025-04-07T00:00:00+00:00,Closed,2025-04-07T00:00:00,D0034,188b6e9c-77a4-4dd9-895c-17080f6af298,https://data.epa.ie/leap/api/v1/MeetingCorrespondence/meetingbyid?meeting_id=1c4ad789-fa10-406b-ab3d-19c7082f055a
Vermilion Exploration and Production Ireland Limited - P0738,Meeting,,https://leap.epa.ie/licence-profile/P0738/compliance/return/1ce526ce-b734-4737-a84b-58961d76bab8,2025-04-07T00:00:00+00:00,Closed,2025-04-07T00:00:00,P0738,aa3749e0-2af5-4c42-b314-e161593785e9,https://data.epa.ie/leap/api/v1/MeetingCorrespondence/meetingbyid?meeting_id=1ce526ce-b734-4737-a84b-58961d76bab8
Vermilion Exploration and Production Ireland Limited - P0738,Meeting,,https://leap.epa.ie/licence-profile/P0738/compliance/return/1d12c2a1-4f6d-46f1-9efc-5b03eed1df0a,2025-04-07T00:00:00+00:00,Closed,2025-04-07T00:00:00,P0738,aa3749e0-2af5-4c42-b314-e161593785e9,https://data.epa.ie/leap/api/v1/MeetingCorrespondence/meetingbyid?meeting_id=1d12c2a1-4f6d-46f1-9efc-5b03eed1df0a
Vermilion Exploration and Production Ireland Limited - P0738,Meeting,,https://leap.epa.ie/licence-profile/P0738/compliance/return/1e0f6b8b-a461-470e-b8ef-79f1187f5902,2025-04-07T00:00:00+00:00,Closed,2025-04-07T00:00:00,P0738,aa3749e0-2af5-4c42-b314-e161593785e9,https://data.epa.ie/leap/api/v1/MeetingCorrespondence/meetingbyid?meeting_id=1e0f6b8b-a461-470e-b8ef-79f1187f5902
Ringsend - D0034,Meeting,,https://leap.epa.ie/licence-profile/D0034/compliance/return/20a365ff-0c01-4494-ab27-500b39a7c87f,2025-04-07T00:00:00+00:00,Closed,2025-04-07T00:00:00,D0034,188b6e9c-77a4-4dd9-895c-17080f6af298,https://data.epa.ie/leap/api/v1/MeetingCorrespondence/meetingbyid?meeting_id=20a365ff-0c01-4494-ab27-500b39a7c87f
Vermilion Exploration and Production Ireland Limited - P0738,Meeting,,https://leap.epa.ie/licence-profile/P0738/compliance/return/20a6c969-64ff-455e-aeb3-f7b426dd18a7,2025-04-07T00:00:00+00:00,Closed,2025-04-07T00:00:00,P0738,aa3749e0-2af5-4c42-b314-e161593785e9,https://data.epa.ie/leap/api/v1/MeetingCorrespondence/meetingbyid?meeting_id=20a6c969-64ff-455e-aeb3-f7b426dd18a7
Vermilion Exploration and Production Ireland Limited - P0738,Meeting,,https://leap.epa.ie/licence-profile/P0738/compliance/return/2179f2d8-2d30-4e89-849f-67f4fd68a7f3,2025-04-07T00:00:00+00:00,Closed,2025-04-07T00:00:00,P0738,aa3749e0-2af5-4c42-b314-e161593785e9,https://data.epa.ie/leap/api/v1/MeetingCorrespondence/meetingbyid?meeting_id=2179f2d8-2d30-4e89-849f-67f4fd68a7f3
Ringsend - D0034,Meeting,,https://leap.epa.ie/licence-profile/D0034/compliance/return/21e638bd-8d64-42d0-9d5d-a572c961db18,2025-04-07T00:00:00+00:00,Closed,2025-04-07T00:00:00,D0034,188b6e9c-77a4-4dd9-895c-17080f6af298,https://data.epa.ie/leap/api/v1/MeetingCorrespondence/meetingbyid?meeting_id=21e638bd-8d64-42d0-9d5d-a572c961db18
Vermilion Exploration and Production Ireland Limited - P0738,Meeting,,https://leap.epa.ie/licence-profile/P0738/compliance/return/247464ba-e50c-4211-ba52-691ff223fd56,2025-04-07T00:00:00+00:00,Closed,2025-04-07T00:00:00,P0738,aa3749e0-2af5-4c42-b314-e161593785e9,https://data.epa.ie/leap/api/v1/MeetingCorrespondence/meetingbyid?meeting_id=247464ba-e50c-4211-ba52-691ff223fd56
Ringsend - D0034,Meeting,,https://leap.epa.ie/licence-profile/D0034/compliance/return/24bad616-f052-4fcd-a481-9e9ad62973fe,2025-04-07T00:00:00+00:00,Closed,2025-04-07T00:00:00,D0034,188b6e9c-77a4-4dd9-895c-17080f6af298,https://data.epa.ie/leap/api/v1/MeetingCorrespondence/meetingbyid?meeting_id=24bad616-f052-4fcd-a481-9e9ad62973fe
Ringsend - D0034,Meeting,,https://leap.epa.ie/licence-profile/D0034/compliance/return/261f6604-5565-4101-a09e-f518698b5e54,2025-04-07T00:00:00+00:00,Closed,2025-04-07T00:00:00,D0034,188b6e9c-77a4-4dd9-895c-17080f6af298,https://data.epa.ie/leap/api/v1/MeetingCorrespondence/meetingbyid?meeting_id=261f6604-5565-4101-a09e-f518698b5e54
Vermilion Exploration and Production Ireland Limited - P0738,Meeting,,https://leap.epa.ie/licence-profile/P0738/compliance/return/26d18210-fe26-4d3f-921d-649059783573,2025-04-07T00:00:00+00:00,Closed,2025-04-07T00:00:00,P0738,aa3749e0-2af5-4c42-b314-e161593785e9,https://data.epa.ie/leap/api/v1/MeetingCorrespondence/meetingbyid?meeting_id=26d18210-fe26-4d3f-921d-649059783573
Ringsend - D0034,Meeting,,https://leap.epa.ie/licence-profile/D0034/compliance/return/279ab521-2dea-4e99-992d-e638dfcb5787,2025-04-07T00:00:00+00:00,Closed,2025-04-07T00:00:00,D0034,188b6e9c-77a4-4dd9-895c-17080f6af298,https://data.epa.ie/leap/api/v1/MeetingCorrespondence/meetingbyid?meeting_id=279ab521-2dea-4e99-992d-e638dfcb5787
Vermilion Exploration and Production Ireland Limited - P0738,Meeting,,https://leap.epa.ie/licence-profile/P0738/compliance/return/28031125-e2c4-4ec8-9313-63738d54492b,2025-04-07T00:00:00+00:00,Closed,2025-04-07T00:00:00,P0738,aa3749e0-2af5-4c42-b314-e161593785e9,https://data.epa.ie/leap/api/v1/MeetingCorrespondence/meetingbyid?meeting_id=28031125-e2c4-4ec8-9313-63738d54492b
Vermilion Exploration and Production Ireland Limited - P0738,Meeting,,https://leap.epa.ie/licence-profile/P0738/compliance/return/2877bda3-25f9-4a55-8a64-2589ea748a72,2025-04-07T00:00:00+00:00,Closed,2025-04-07T00:00:00,P0738,aa3749e0-2af5-4c42-b314-e161593785e9,https://data.epa.ie/leap/api/v1/MeetingCorrespondence/meetingbyid?meeting_id=2877bda3-25f9-4a55-8a64-2589ea748a72
Ringsend - D0034,Meeting,,https://leap.epa.ie/licence-profile/D0034/compliance/return/29573be5-b3dc-4f93-a6da-d1999bd3ab54,2025-04-07T00:00:00+00:00,Closed,2025-04-07T00:00:00,D0034,188b6e9c-77a4-4dd9-895c-17080f6af298,https://data.epa.ie/leap/api/v1/MeetingCorrespondence/meetingbyid?meeting_id=29573be5-b3dc-4f93-a6da-d1999bd3ab54
Ringsend - D0034,Meeting,,https://leap.epa.ie/licence-profile/D0034/compliance/return/29bc0128-fed1-45d2-a57c-a9a09dc3c666,2025-04-07T00:00:00+00:00,Closed,2025-04-07T00:00:00,D0034,188b6e9c-77a4-4dd9-895c-17080f6af298,https://data.epa.ie/leap/api/v1/MeetingCorrespondence/meetingbyid?meeting_id=29bc0128-fed1-45d2-a57c-a9a09dc3c666
Ringsend - D0034,Meeting,,https://leap.epa.ie/licence-profile/D0034/compliance/return/29d1d05d-6c4d-41ef-ba21-ec935641777b,2025-04-07T00:00:00+00:00,Closed,2025-04-07T00:00:00,D0034,188b6e9c-77a4-4dd9-895c-17080f6af298,https://data.epa.ie/leap/api/v1/MeetingCorrespondence/meetingbyid?meeting_id=29d1d05d-6c4d-41ef-ba21-ec935641777b
Ringsend - D0034,Meeting,,https://leap.epa.ie/licence-profile/D0034/compliance/return/2a2c986c-116e-4af8-a742-e1d8b11929ec,2025-04-07T00:00:00+00:00,Closed,2025-04-07T00:00:00,D0034,188b6e9c-77a4-4dd9-895c-17080f6af298,https://data.epa.ie/leap/api/v1/MeetingCorrespondence/meetingbyid?meeting_id=2a2c986c-116e-4af8-a742-e1d8b11929ec
Vermilion Exploration and Production Ireland Limited - P0738,Meeting,,https://leap.epa.ie/licence-profile/P0738/compliance/return/2a83fe05-9a14-447f-b8d3-f1fb0a038052,2025-04-07T00:00:00+00:00,Closed,2025-04-07T00:00:00,P0738,aa3749e0-2af5-4c42-b314-e161593785e9,https://data.epa.ie/leap/api/v1/MeetingCorrespondence/meetingbyid?meeting_id=2a83fe05-9a14-447f-b8d3-f1fb0a038052
Ringsend - D0034,Meeting,,https://leap.epa.ie/licence-profile/D0034/compliance/return/2b2626a7-22c4-46f2-87ab-ea8164165170,2025-04-07T00:00:00+00:00,Closed,2025-04-07T00:00:00,D0034,188b6e9c-77a4-4dd9-895c-17080f6af298,https://data.epa.ie/leap/api/v1/MeetingCorrespondence/meetingbyid?meeting_id=2b2626a7-22c4-46f2-87ab-ea8164165170
Ringsend - D0034,Meeting,,https://leap.epa.ie/licence-profile/D0034/compliance/return/2b794017-5f69-4f6f-a677-588d68dd3ee5,2025-04-07T00:00:00+00:00,Closed,2025-04-07T00:00:00,D0034,188b6e9c-77a4-4dd9-895c-17080f6af298,https://data.epa.ie/leap/api/v1/MeetingCorrespondence/meetingbyid?meeting_id=2b794017-5f69-4f6f-a677-588d68dd3ee5
Ringsend - D0034,Meeting,,https://leap.epa.ie/licence-profile/D0034/compliance/return/2c4b4134-e951-4247-abe1-8d1a688622fe,2025-04-07T00:00:00+00:00,Closed,2025-04-07T00:00:00,D0034,188b6e9c-77a4-4dd9-895c-17080f6af298,https://data.epa.ie/leap/api/v1/MeetingCorrespondence/meetingbyid?meeting_id=2c4b4134-e951-4247-abe1-8d1a688622fe
Vermilion Exploration and Production Ireland Limited - P0738,Meeting,,https://leap.epa.ie/licence-profile/P0738/compliance/return/2d396c86-edb2-42ae-bfea-86c031eda85c,2025-04-07T00:00:00+00:00,Closed,2025-04-07T00:00:00,P0738,aa3749e0-2af5-4c42-b314-e161593785e9,https://data.epa.ie/leap/api/v1/MeetingCorrespondence/meetingbyid?meeting_id=2d396c86-edb2-42ae-bfea-86c031eda85c
Vermilion Exploration and Production Ireland Limited - P0738,Meeting,,https://leap.epa.ie/licence-profile/P0738/compliance/return/2ddb9516-05b0-485b-98c6-f71635438383,2025-04-07T00:00:00+00:00,Closed,2025-04-07T00:00:00,P0738,aa3749e0-2af5-4c42-b314-e161593785e9,https://data.epa.ie/leap/api/v1/MeetingCorrespondence/meetingbyid?meeting_id=2ddb9516-05b0-485b-98c6-f71635438383
Vermilion Exploration and Production Ireland Limited - P0738,Meeting,,https://leap.epa.ie/licence-profile/P0738/compliance/return/2df7833d-ebfe-4cc8-9849-d2a2251039c3,2025-04-07T00:00:00+00:00,Closed,2025-04-07T00:00:00,P0738,aa3749e0-2af5-4c42-b314-e161593785e9,https://data.epa.ie/leap/api/v1/MeetingCorrespondence/meetingbyid?meeting_id=2df7833d-ebfe-4cc8-9849-d2a2251039c3
Vermilion Exploration and Production Ireland Limited - P0738,Meeting,,https://leap.epa.ie/licence-profile/P0738/compliance/return/2e2c5c02-5f4d-4b62-b348-7a8d42494248,2025-04-07T00:00:00+00:00,Closed,2025-04-07T00:00:00,P0738,aa3749e0-2af5-4c42-b314-e161593785e9,https://data.epa.ie/leap/api/v1/MeetingCorrespondence/meetingbyid?meeting_id=2e2c5c02-5f4d-4b62-b348-7a8d42494248
Vermilion Exploration and Production Ireland Limited - P0738,Meeting,,https://leap.epa.ie/licence-profile/P0738/compliance/return/2eba742b-adfb-4410-bec8-4a9a6e4b2c47,2025-04-07T00:00:00+00:00,Closed,2025-04-07T00:00:00,P0738,aa3749e0-2af5-4c42-b314-e161593785e9,https://data.epa.ie/leap/api/v1/MeetingCorrespondence/meetingbyid?meeting_id=2eba742b-adfb-4410-bec8-4a9a6e4b2c47
Ringsend - D0034,Meeting,,https://leap.epa.ie/licence-profile/D0034/compliance/return/2fdd89dd-ff20-4aa3-9f59-f35ff8032b81,2025-04-07T00:00:00+00:00,Closed,2025-04-07T00:00:00,D0034,188b6e9c-77a4-4dd9-895c-17080f6af298,https://data.epa.ie/leap/api/v1/MeetingCorrespondence/meetingbyid?meeting_id=2fdd89dd-ff20-4aa3-9f59-f35ff8032b81
Vermilion Exploration and Production Ireland Limited - P0738,Meeting,,https://leap.epa.ie/licence-profile/P0738/compliance/return/30209d44-6dce-44c9-9e19-9c67777249b5,2025-04-07T00:00:00+00:00,Closed,2025-04-07T00:00:00,P0738,aa3749e0-2af5-4c42-b314-e161593785e9,https://data.epa.ie/leap/api/v1/MeetingCorrespondence/meetingbyid?meeting_id=30209d44-6dce-44c9-9e19-9c67777249b5
Ringsend - D0034,Meeting,,https://leap.epa.ie/licence-profile/D0034/compliance/return/30e5c8c2-e7ae-49b5-93be-6767c6875096,2025-04-07T00:00:00+00:00,Closed,2025-04-07T00:00:00,D0034,188b6e9c-77a4-4dd9-895c-17080f6af298,https://data.epa.ie/leap/api/v1/MeetingCorrespondence/meetingbyid?meeting_id=30e5c8c2-e7ae-49b5-93be-6767c6875096
Ringsend - D0034,Meeting,,https://leap.epa.ie/licence-profile/D0034/compliance/return/30ee265d-2993-4438-b234-9815d962458a,2025-04-07T00:00:00+00:00,Closed,2025-04-07T00:00:00,D0034,188b6e9c-77a4-4dd9-895c-17080f6af298,https://data.epa.ie/leap/api/v1/MeetingCorrespondence/meetingbyid?meeting_id=30ee265d-2993-4438-b234-9815d962458a
Ringsend - D0034,Meeting,,https://leap.epa.ie/licence-profile/D0034/compliance/return/31e1f9e3-998d-4406-8808-4096ae8d6008,2025-04-07T00:00:00+00:00,Closed,2025-04-07T00:00:00,D0034,188b6e9c-77a4-4dd9-895c-17080f6af298,https://data.epa.ie/leap/api/v1/MeetingCorrespondence/meetingbyid?meeting_id=31e1f9e3-998d-4406-8808-4096ae8d6008
Ringsend - D0034,Meeting,,https://leap.epa.ie/licence-profile/D0034/compliance/return/32736336-2f68-41e1-8192-e61b357b08af,2025-04-07T00:00:00+00:00,Closed,2025-04-07T00:00:00,D0034,188b6e9c-77a4-4dd9-895c-17080f6af298,https://data.epa.ie/leap/api/v1/MeetingCorrespondence/meetingbyid?meeting_id=32736336-2f68-41e1-8192-e61b357b08af
Ringsend - D0034,Meeting,,https://leap.epa.ie/licence-profile/D0034/compliance/return/346c8239-2326-4664-ba85-2d2f4e3338bd,2025-04-07T00:00:00+00:00,Closed,2025-04-07T00:00:00,D0034,188b6e9c-77a4-4dd9-895c-17080f6af298,https://data.epa.ie/leap/api/v1/MeetingCorrespondence/meetingbyid?meeting_id=346c8239-2326-4664-ba85-2d2f4e3338bd
Vermilion Exploration and Production Ireland Limited - P0738,Meeting,,https://leap.epa.ie/licence-profile/P0738/compliance/return/35aa79a0-1e9d-42c4-a395-04e0cc01f998,2025-04-07T00:00:00+00:00,Closed,2025-04-07T00:00:00,P0738,aa3749e0-2af5-4c42-b314-e161593785e9,https://data.epa.ie/leap/api/v1/MeetingCorrespondence/meetingbyid?meeting_id=35aa79a0-1e9d-42c4-a395-04e0cc01f998
Ringsend - D0034,Meeting,,https://leap.epa.ie/licence-profile/D0034/compliance/return/35ba58cd-2940-48b5-b764-ea065f076b1a,2025-04-07T00:00:00+00:00,Closed,2025-04-07T00:00:00,D0034,188b6e9c-77a4-4dd9-895c-17080f6af298,https://data.epa.ie/leap/api/v1/MeetingCorrespondence/meetingbyid?meeting_id=35ba58cd-2940-48b5-b764-ea065f076b1a
Vermilion Exploration and Production Ireland Limited - P0738,Meeting,,https://leap.epa.ie/licence-profile/P0738/compliance/return/360683df-601d-4e3d-a5eb-dbff60d850f8,2025-04-07T00:00:00+00:00,Closed,2025-04-07T00:00:00,P0738,aa3749e0-2af5-4c42-b314-e161593785e9,https://data.epa.ie/leap/api/v1/MeetingCorrespondence/meetingbyid?meeting_id=360683df-601d-4e3d-a5eb-dbff60d850f8
Vermilion Exploration and Production Ireland Limited - P0738,Meeting,,https://leap.epa.ie/licence-profile/P0738/compliance/return/377fac03-173c-4cbb-a3e6-e4b8055ce732,2025-04-07T00:00:00+00:00,Closed,2025-04-07T00:00:00,P0738,aa3749e0-2af5-4c42-b314-e161593785e9,https://data.epa.ie/leap/api/v1/MeetingCorrespondence/meetingbyid?meeting_id=377fac03-173c-4cbb-a3e6-e4b8055ce732
Vermilion Exploration and Production Ireland Limited - P0738,Meeting,,https://leap.epa.ie/licence-profile/P0738/compliance/return/39b911ad-f993-4f74-8705-ff640585d6c8,2025-04-07T00:00:00+00:00,Closed,2025-04-07T00:00:00,P0738,aa3749e0-2af5-4c42-b314-e161593785e9,https://data.epa.ie/leap/api/v1/MeetingCorrespondence/meetingbyid?meeting_id=39b911ad-f993-4f74-8705-ff640585d6c8
Vermilion Exploration and Production Ireland Limited - P0738,Meeting,,https://leap.epa.ie/licence-profile/P0738/compliance/return/3af27096-4420-4dfc-b711-6a5b034a857f,2025-04-07T00:00:00+00:00,Closed,2025-04-07T00:00:00,P0738,aa3749e0-2af5-4c42-b314-e161593785e9,https://data.epa.ie/leap/api/v1/MeetingCorrespondence/meetingbyid?meeting_id=3af27096-4420-4dfc-b711-6a5b034a857f
Vermilion Exploration and Production Ireland Limited - P0738,Meeting,,https://leap.epa.ie/licence-profile/P0738/compliance/return/3b7f569a-e998-429a-822f-c0f20514ba49,2025-04-07T00:00:00+00:00,Closed,2025-04-07T00:00:00,P0738,aa3749e0-2af5-4c42-b314-e161593785e9,https://data.epa.ie/leap/api/v1/MeetingCorrespondence/meetingbyid?meeting_id=3b7f569a-e998-429a-822f-c0f20514ba49
Vermilion Exploration and Production Ireland Limited - P0738,Meeting,,https://leap.epa.ie/licence-profile/P0738/compliance/return/3d13c4f2-826f-479a-a0ff-9f4b098a53d9,2025-04-07T00:00:00+00:00,Closed,2025-04-07T00:00:00,P0738,aa3749e0-2af5-4c42-b314-e161593785e9,https://data.epa.ie/leap/api/v1/MeetingCorrespondence/meetingbyid?meeting_id=3d13c4f2-826f-479a-a0ff-9f4b098a53d9
Ringsend - D0034,Meeting,,https://leap.epa.ie/licence-profile/D0034/compliance/return/3e4bf974-3fe5-4b05-9834-a2c21e5ddc29,2025-04-07T00:00:00+00:00,Closed,2025-04-07T00:00:00,D0034,188b6e9c-77a4-4dd9-895c-17080f6af298,https://data.epa.ie/leap/api/v1/MeetingCorrespondence/meetingbyid?meeting_id=3e4bf974-3fe5-4b05-9834-a2c21e5ddc29
Vermilion Exploration and Production Ireland Limited - P0738,Meeting,,https://leap.epa.ie/licence-profile/P0738/compliance/return/3f26df26-b387-4c3c-8141-e6c7e83608af,2025-04-07T00:00:00+00:00,Closed,2025-04-07T00:00:00,P0738,aa3749e0-2af5-4c42-b314-e161593785e9,https://data.epa.ie/leap/api/v1/MeetingCorrespondence/meetingbyid?meeting_id=3f26df26-b387-4c3c-8141-e6c7e83608af
Vermilion Exploration and Production Ireland Limited - P0738,Meeting,,https://leap.epa.ie/licence-profile/P0738/compliance/return/4119acdc-4958-4224-adf1-a62aaa0c1a22,2025-04-07T00:00:00+00:00,Closed,2025-04-07T00:00:00,P0738,aa3749e0-2af5-4c42-b314-e161593785e9,https://data.epa.ie/leap/api/v1/MeetingCorrespondence/meetingbyid?meeting_id=4119acdc-4958-4224-adf1-a62aaa0c1a22
Ringsend - D0034,Meeting,,https://leap.epa.ie/licence-profile/D0034/compliance/return/41585302-4b0a-4bd4-beaa-ff00bb5961e3,2025-04-07T00:00:00+00:00,Closed,2025-04-07T00:00:00,D0034,188b6e9c-77a4-4dd9-895c-17080f6af298,https://data.epa.ie/leap/api/v1/MeetingCorrespondence/meetingbyid?meeting_id=41585302-4b0a-4bd4-beaa-ff00bb5961e3
Vermilion Exploration and Production Ireland Limited - P0738,Meeting,,https://leap.epa.ie/licence-profile/P0738/compliance/return/417fba0f-70e0-4cb8-b6b1-ac926389eb83,2025-04-07T00:00:00+00:00,Closed,2025-04-07T00:00:00,P0738,aa3749e0-2af5-4c42-b314-e161593785e9,https://data.epa.ie/leap/api/v1/MeetingCorrespondence/meetingbyid?meeting_id=417fba0f-70e0-4cb8-b6b1-ac926389eb83
Vermilion Exploration and Production Ireland Limited - P0738,Meeting,,https://leap.epa.ie/licence-profile/P0738/compliance/return/4286e4cf-fa88-4a35-9272-c12cccfd25ef,2025-04-07T00:00:00+00:00,Closed,2025-04-07T00:00:00,P0738,aa3749e0-2af5-4c42-b314-e161593785e9,https://data.epa.ie/leap/api/v1/MeetingCorrespondence/meetingbyid?meeting_id=4286e4cf-fa88-4a35-9272-c12cccfd25ef
Ringsend - D0034,Meeting,,https://leap.epa.ie/licence-profile/D0034/compliance/return/42d462d6-342b-4dbc-a040-c582030eb5dc,2025-04-07T00:00:00+00:00,Closed,2025-04-07T00:00:00,D0034,188b6e9c-77a4-4dd9-895c-17080f6af298,https://data.epa.ie/leap/api/v1/MeetingCorrespondence/meetingbyid?meeting_id=42d462d6-342b-4dbc-a040-c582030eb5dc
Ringsend - D0034,Meeting,,https://leap.epa.ie/licence-profile/D0034/compliance/return/43a04cef-db55-4d5f-9a30-73d29b532d28,2025-04-07T00:00:00+00:00,Closed,2025-04-07T00:00:00,D0034,188b6e9c-77a4-4dd9-895c-17080f6af298,https://data.epa.ie/leap/api/v1/MeetingCorrespondence/meetingbyid?meeting_id=43a04cef-db55-4d5f-9a30-73d29b532d28
Vermilion Exploration and Production Ireland Limited - P0738,Meeting,,https://leap.epa.ie/licence-profile/P0738/compliance/return/4523082f-7ac3-4de2-8ada-7886453c2252,2025-04-07T00:00:00+00:00,Closed,2025-04-07T00:00:00,P0738,aa3749e0-2af5-4c42-b314-e161593785e9,https://data.epa.ie/leap/api/v1/MeetingCorrespondence/meetingbyid?meeting_id=4523082f-7ac3-4de2-8ada-7886453c2252
Ringsend - D0034,Meeting,,https://leap.epa.ie/licence-profile/D0034/compliance/return/46e8a284-c154-4602-8e5f-62a48eb61353,2025-04-07T00:00:00+00:00,Closed,2025-04-07T00:00:00,D0034,188b6e9c-77a4-4dd9-895c-17080f6af298,https://data.epa.ie/leap/api/v1/MeetingCorrespondence/meetingbyid?meeting_id=46e8a284-c154-4602-8e5f-62a48eb61353
Ringsend - D0034,Meeting,,https://leap.epa.ie/licence-profile/D0034/compliance/return/4a07a578-620d-41bc-8d5a-8d904efd9b0e,2025-04-07T00:00:00+00:00,Closed,2025-04-07T00:00:00,D0034,188b6e9c-77a4-4dd9-895c-17080f6af298,https://data.epa.ie/leap/api/v1/MeetingCorrespondence/meetingbyid?meeting_id=4a07a578-620d-41bc-8d5a-8d904efd9b0e
Ringsend - D0034,Meeting,,https://leap.epa.ie/licence-profile/D0034/compliance/return/4b2e27c5-3ddb-4082-9187-d045be1887ba,2025-04-07T00:00:00+00:00,Closed,2025-04-07T00:00:00,D0034,188b6e9c-77a4-4dd9-895c-17080f6af298,https://data.epa.ie/leap/api/v1/MeetingCorrespondence/meetingbyid?meeting_id=4b2e27c5-3ddb-4082-9187-d045be1887ba
Vermilion Exploration and Production Ireland Limited - P0738,Meeting,,https://leap.epa.ie/licence-profile/P0738/compliance/return/4b85f7bc-8b41-4e7d-8242-8c22501098a1,2025-04-07T00:00:00+00:00,Closed,2025-04-07T00:00:00,P0738,aa3749e0-2af5-4c42-b314-e161593785e9,https://data.epa.ie/leap/api/v1/MeetingCorrespondence/meetingbyid?meeting_id=4b85f7bc-8b41-4e7d-8242-8c22501098a1
Ringsend - D0034,Meeting,,https://leap.epa.ie/licence-profile/D0034/compliance/return/4c3699e0-b9d5-4676-a48f-3a75d0066167,2025-04-07T00:00:00+00:00,Closed,2025-04-07T00:00:00,D0034,188b6e9c-77a4-4dd9-895c-17080f6af298,https://data.epa.ie/leap/api/v1/MeetingCorrespondence/meetingbyid?meeting_id=4c3699e0-b9d5-4676-a48f-3a75d0066167
Ringsend - D0034,Meeting,,https://leap.epa.ie/licence-profile/D0034/compliance/return/4c45c903-ccc0-4b7a-8bab-9e6059124902,2025-04-07T00:00:00+00:00,Closed,2025-04-07T00:00:00,D0034,188b6e9c-77a4-4dd9-895c-17080f6af298,https://data.epa.ie/leap/api/v1/MeetingCorrespondence/meetingbyid?meeting_id=4c45c903-ccc0-4b7a-8bab-9e6059124902
Ringsend - D0034,Meeting,,https://leap.epa.ie/licence-profile/D0034/compliance/return/4cb8a40d-840c-4e6d-ad52-ae5375c24383,2025-04-07T00:00:00+00:00,Closed,2025-04-07T00:00:00,D0034,188b6e9c-77a4-4dd9-895c-17080f6af298,https://data.epa.ie/leap/api/v1/MeetingCorrespondence/meetingbyid?meeting_id=4cb8a40d-840c-4e6d-ad52-ae5375c24383
Vermilion Exploration and Production Ireland Limited - P0738,Meeting,,https://leap.epa.ie/licence-profile/P0738/compliance/return/4d76513f-b041-46de-bb72-9fd5c7863fcf,2025-04-07T00:00:00+00:00,Closed,2025-04-07T00:00:00,P0738,aa3749e0-2af5-4c42-b314-e161593785e9,https://data.epa.ie/leap/api/v1/MeetingCorrespondence/meetingbyid?meeting_id=4d76513f-b041-46de-bb72-9fd5c7863fcf
Vermilion Exploration and Production Ireland Limited - P0738,Meeting,,https://leap.epa.ie/licence-profile/P0738/compliance/return/4dd04c3f-37c5-443f-876c-3408b1f816bb,2025-04-07T00:00:00+00:00,Closed,2025-04-07T00:00:00,P0738,aa3749e0-2af5-4c42-b314-e161593785e9,https://data.epa.ie/leap/api/v1/MeetingCorrespondence/meetingbyid?meeting_id=4dd04c3f-37c5-443f-876c-3408b1f816bb
Vermilion Exploration and Production Ireland Limited - P0738,Meeting,,https://leap.epa.ie/licence-profile/P0738/compliance/return/4e40e86d-c2fb-411a-a1c6-6c5b065d8570,2025-04-07T00:00:00+00:00,Closed,2025-04-07T00:00:00,P0738,aa3749e0-2af5-4c42-b314-e161593785e9,https://data.epa.ie/leap/api/v1/MeetingCorrespondence/meetingbyid?meeting_id=4e40e86d-c2fb-411a-a1c6-6c5b065d8570
Ringsend - D0034,Meeting,,https://leap.epa.ie/licence-profile/D0034/compliance/return/4e9040e4-f2cc-4e45-b0bf-df92bcdd5d9a,2025-04-07T00:00:00+00:00,Closed,2025-04-07T00:00:00,D0034,188b6e9c-77a4-4dd9-895c-17080f6af298,https://data.epa.ie/leap/api/v1/MeetingCorrespondence/meetingbyid?meeting_id=4e9040e4-f2cc-4e45-b0bf-df92bcdd5d9a
Ringsend - D0034,Meeting,,https://leap.epa.ie/licence-profile/D0034/compliance/return/4ea5fb3e-0aca-427e-a279-a944198b28ed,2025-04-07T00:00:00+00:00,Closed,2025-04-07T00:00:00,D0034,188b6e9c-77a4-4dd9-895c-17080f6af298,https://data.epa.ie/leap/api/v1/MeetingCorrespondence/meetingbyid?meeting_id=4ea5fb3e-0aca-427e-a279-a944198b28ed
Vermilion Exploration and Production Ireland Limited - P0738,Meeting,,https://leap.epa.ie/licence-profile/P0738/compliance/return/508836aa-a90d-4258-8b73-5af63234612a,2025-04-07T00:00:00+00:00,Closed,2025-04-07T00:00:00,P0738,aa3749e0-2af5-4c42-b314-e161593785e9,https://data.epa.ie/leap/api/v1/MeetingCorrespondence/meetingbyid?meeting_id=508836aa-a90d-4258-8b73-5af63234612a
Vermilion Exploration and Production Ireland Limited - P0738,Meeting,,https://leap.epa.ie/licence-profile/P0738/compliance/return/52558eb6-2333-46c3-b25b-582bd4ff5d8d,2025-04-07T00:00:00+00:00,Closed,2025-04-07T00:00:00,P0738,aa3749e0-2af5-4c42-b314-e161593785e9,https://data.epa.ie/leap/api/v1/MeetingCorrespondence/meetingbyid?meeting_id=52558eb6-2333-46c3-b25b-582bd4ff5d8d
Vermilion Exploration and Production Ireland Limited - P0738,Meeting,,https://leap.epa.ie/licence-profile/P0738/compliance/return/52eb3dbf-ad46-43c2-822d-9ad4b18ef200,2025-04-07T00:00:00+00:00,Closed,2025-04-07T00:00:00,P0738,aa3749e0-2af5-4c42-b314-e161593785e9,https://data.epa.ie/leap/api/v1/MeetingCorrespondence/meetingbyid?meeting_id=52eb3dbf-ad46-43c2-822d-9ad4b18ef200
Vermilion Exploration and Production Ireland Limited - P0738,Meeting,,https://leap.epa.ie/licence-profile/P0738/compliance/return/53d18d97-d5d4-4e50-8bed-f0ca86f54963,2025-04-07T00:00:00+00:00,Closed,2025-04-07T00:00:00,P0738,aa3749e0-2af5-4c42-b314-e161593785e9,https://data.epa.ie/leap/api/v1/MeetingCorrespondence/meetingbyid?meeting_id=53d18d97-d5d4-4e50-8bed-f0ca86f54963
Vermilion Exploration and Production Ireland Limited - P0738,Meeting,,https://leap.epa.ie/licence-profile/P0738/compliance/return/53ecc32f-35e0-4ba0-868c-fb38331d9047,2025-04-07T00:00:00+00:00,Closed,2025-04-07T00:00:00,P0738,aa3749e0-2af5-4c42-b314-e161593785e9,https://data.epa.ie/leap/api/v1/MeetingCorrespondence/meetingbyid?meeting_id=53ecc32f-35e0-4ba0-868c-fb38331d9047
Ringsend - D0034,Meeting,,https://leap.epa.ie/licence-profile/D0034/compliance/return/541f1009-9d62-4e23-a24a-a0d12686c4e4,2025-04-07T00:00:00+00:00,Closed,2025-04-07T00:00:00,D0034,188b6e9c-77a4-4dd9-895c-17080f6af298,https://data.epa.ie/leap/api/v1/MeetingCorrespondence/meetingbyid?meeting_id=541f1009-9d62-4e23-a24a-a0d12686c4e4
Vermilion Exploration and Production Ireland Limited - P0738,Meeting,,https://leap.epa.ie/licence-profile/P0738/compliance/return/546782aa-ba57-4b36-a673-48261681260e,2025-04-07T00:00:00+00:00,Closed,2025-04-07T00:00:00,P0738,aa3749e0-2af5-4c42-b314-e161593785e9,https://data.epa.ie/leap/api/v1/MeetingCorrespondence/meetingbyid?meeting_id=546782aa-ba57-4b36-a673-48261681260e
Vermilion Exploration and Production Ireland Limited - P0738,Meeting,,https://leap.epa.ie/licence-profile/P0738/compliance/return/560e11ed-c1d9-49f7-ac2f-2117954d4a75,2025-04-07T00:00:00+00:00,Closed,2025-04-07T00:00:00,P0738,aa3749e0-2af5-4c42-b314-e161593785e9,https://data.epa.ie/leap/api/v1/MeetingCorrespondence/meetingbyid?meeting_id=560e11ed-c1d9-49f7-ac2f-2117954d4a75
Vermilion Exploration and Production Ireland Limited - P0738,Meeting,,https://leap.epa.ie/licence-profile/P0738/compliance/return/56190dc2-89de-473d-b83d-69d09cecce8c,2025-04-07T00:00:00+00:00,Closed,2025-04-07T00:00:00,P0738,aa3749e0-2af5-4c42-b314-e161593785e9,https://data.epa.ie/leap/api/v1/MeetingCorrespondence/meetingbyid?meeting_id=56190dc2-89de-473d-b83d-69d09cecce8c
Ringsend - D0034,Meeting,,https://leap.epa.ie/licence-profile/D0034/compliance/return/57036372-66f8-44bd-a996-f0f3c51d5c44,2025-04-07T00:00:00+00:00,Closed,2025-04-07T00:00:00,D0034,188b6e9c-77a4-4dd9-895c-17080f6af298,https://data.epa.ie/leap/api/v1/MeetingCorrespondence/meetingbyid?meeting_id=57036372-66f8-44bd-a996-f0f3c51d5c44
Vermilion Exploration and Production Ireland Limited - P0738,Meeting,,https://leap.epa.ie/licence-profile/P0738/compliance/return/57f74a3e-19a9-4843-8cb0-fe2ac9889a98,2025-04-07T00:00:00+00:00,Closed,2025-04-07T00:00:00,P0738,aa3749e0-2af5-4c42-b314-e161593785e9,https://data.epa.ie/leap/api/v1/MeetingCorrespondence/meetingbyid?meeting_id=57f74a3e-19a9-4843-8cb0-fe2ac9889a98
Ringsend - D0034,Meeting,,https://leap.epa.ie/licence-profile/D0034/compliance/return/58a8a232-b942-44de-a84e-165cf6915bab,2025-04-07T00:00:00+00:00,Closed,2025-04-07T00:00:00,D0034,188b6e9c-77a4-4dd9-895c-17080f6af298,https://data.epa.ie/leap/api/v1/MeetingCorrespondence/meetingbyid?meeting_id=58a8a232-b942-44de-a84e-165cf6915bab
Ringsend - D0034,Meeting,,https://leap.epa.ie/licence-profile/D0034/compliance/return/58c75280-a78c-40fc-8e8a-64e79499400a,2025-04-07T00:00:00+00:00,Closed,2025-04-07T00:00:00,D0034,188b6e9c-77a4-4dd9-895c-17080f6af298,https://data.epa.ie/leap/api/v1/MeetingCorrespondence/meetingbyid?meeting_id=58c75280-a78c-40fc-8e8a-64e79499400a
Ringsend - D0034,Meeting,,https://leap.epa.ie/licence-profile/D0034/compliance/return/593025e7-ddca-466e-99b1-44c600702e22,2025-04-07T00:00:00+00:00,Closed,2025-04-07T00:00:00,D0034,188b6e9c-77a4-4dd9-895c-17080f6af298,https://data.epa.ie/leap/api/v1/MeetingCorrespondence/meetingbyid?meeting_id=593025e7-ddca-466e-99b1-44c600702e22
Vermilion Exploration and Production Ireland Limited - P0738,Meeting,,https://leap.epa.ie/licence-profile/P0738/compliance/return/59b86c21-1ec0-4872-ad48-1beb7764a013,2025-04-07T00:00:00+00:00,Closed,2025-04-07T00:00:00,P0738,aa3749e0-2af5-4c42-b314-e161593785e9,https://data.epa.ie/leap/api/v1/MeetingCorrespondence/meetingbyid?meeting_id=59b86c21-1ec0-4872-ad48-1beb7764a013
Ringsend - D0034,Meeting,,https://leap.epa.ie/licence-profile/D0034/compliance/return/5a664308-8b8f-4212-a502-8df855ae0630,2025-04-07T00:00:00+00:00,Closed,2025-04-07T00:00:00,D0034,188b6e9c-77a4-4dd9-895c-17080f6af298,https://data.epa.ie/leap/api/v1/MeetingCorrespondence/meetingbyid?meeting_id=5a664308-8b8f-4212-a502-8df855ae0630
Vermilion Exploration and Production Ireland Limited - P0738,Meeting,,https://leap.epa.ie/licence-profile/P0738/compliance/return/5cb6f43d-d815-4363-a0c6-88fd4774844a,2025-04-07T00:00:00+00:00,Closed,2025-04-07T00:00:00,P0738,aa3749e0-2af5-4c42-b314-e161593785e9,https://data.epa.ie/leap/api/v1/MeetingCorrespondence/meetingbyid?meeting_id=5cb6f43d-d815-4363-a0c6-88fd4774844a
Ringsend - D0034,Meeting,,https://leap.epa.ie/licence-profile/D0034/compliance/return/5e706b4e-a6ee-41f2-8bd0-4bb6b49290fd,2025-04-07T00:00:00+00:00,Closed,2025-04-07T00:00:00,D0034,188b6e9c-77a4-4dd9-895c-17080f6af298,https://data.epa.ie/leap/api/v1/MeetingCorrespondence/meetingbyid?meeting_id=5e706b4e-a6ee-41f2-8bd0-4bb6b49290fd
Ringsend - D0034,Meeting,,https://leap.epa.ie/licence-profile/D0034/compliance/return/6031af07-8a62-48e5-9021-107659955474,2025-04-07T00:00:00+00:00,Closed,2025-04-07T00:00:00,D0034,188b6e9c-77a4-4dd9-895c-17080f6af298,https://data.epa.ie/leap/api/v1/MeetingCorrespondence/meetingbyid?meeting_id=6031af07-8a62-48e5-9021-107659955474
Ringsend - D0034,Meeting,,https://leap.epa.ie/licence-profile/D0034/compliance/return/6054549b-52e9-454a-8e62-a2cf55f442c8,2025-04-07T00:00:00+00:00,Closed,2025-04-07T00:00:00,D0034,188b6e9c-77a4-4dd9-895c-17080f6af298,https://data.epa.ie/leap/api/v1/MeetingCorrespondence/meetingbyid?meeting_id=6054549b-52e9-454a-8e62-a2cf55f442c8
Vermilion Exploration and Production Ireland Limited - P0738,Meeting,,https://leap.epa.ie/licence-profile/P0738/compliance/return/60a4d36a-445a-4e91-baca-e1b210d5fa3d,2025-04-07T00:00:00+00:00,Closed,2025-04-07T00:00:00,P0738,aa3749e0-2af5-4c42-b314-e161593785e9,https://data.epa.ie/leap/api/v1/MeetingCorrespondence/meetingbyid?meeting_id=60a4d36a-445a-4e91-baca-e1b210d5fa3d
Ringsend - D0034,Meeting,,https://leap.epa.ie/licence-profile/D0034/compliance/return/60cb561c-7a24-4610-8d6f-fa4dccdff12b,2025-04-07T00:00:00+00:00,Closed,2025-04-07T00:00:00,D0034,188b6e9c-77a4-4dd9-895c-17080f6af298,https://data.epa.ie/leap/api/v1/MeetingCorrespondence/meetingbyid?meeting_id=60cb561c-7a24-4610-8d6f-fa4dccdff12b
Vermilion Exploration and Production Ireland Limited - P0738,Meeting,,https://leap.epa.ie/licence-profile/P0738/compliance/return/61361149-fb22-4227-9220-6bba940a138e,2025-04-07T00:00:00+00:00,Closed,2025-04-07T00:00:00,P0738,aa3749e0-2af5-4c42-b314-e161593785e9,https://data.epa.ie/leap/api/v1/MeetingCorrespondence/meetingbyid?meeting_id=61361149-fb22-4227-9220-6bba940a138e
Ringsend - D0034,Meeting,,https://leap.epa.ie/licence-profile/D0034/compliance/return/6170df5c-9063-486d-9162-004eb9dbfe96,2025-04-07T00:00:00+00:00,Closed,2025-04-07T00:00:00,D0034,188b6e9c-77a4-4dd9-895c-17080f6af298,https://data.epa.ie/leap/api/v1/MeetingCorrespondence/meetingbyid?meeting_id=6170df5c-9063-486d-9162-004eb9dbfe96
Ringsend - D0034,Meeting,,https://leap.epa.ie/licence-profile/D0034/compliance/return/6173d41a-13ed-4cda-befa-6c27e476eb73,2025-04-07T00:00:00+00:00,Closed,2025-04-07T00:00:00,D0034,188b6e9c-77a4-4dd9-895c-17080f6af298,https://data.epa.ie/leap/api/v1/MeetingCorrespondence/meetingbyid?meeting_id=6173d41a-13ed-4cda-befa-6c27e476eb73
Vermilion Exploration and Production Ireland Limited - P0738,Meeting,,https://leap.epa.ie/licence-profile/P0738/compliance/return/621bee9c-5fb2-4638-a8c9-a216942730d0,2025-04-07T00:00:00+00:00,Closed,2025-04-07T00:00:00,P0738,aa3749e0-2af5-4c42-b314-e161593785e9,https://data.epa.ie/leap/api/v1/MeetingCorrespondence/meetingbyid?meeting_id=621bee9c-5fb2-4638-a8c9-a216942730d0
Vermilion Exploration and Production Ireland Limited - P0738,Meeting,,https://leap.epa.ie/licence-profile/P0738/compliance/return/625e9564-c9c9-44ed-a01a-90fcd0830265,2025-04-07T00:00:00+00:00,Closed,2025-04-07T00:00:00,P0738,aa3749e0-2af5-4c42-b314-e161593785e9,https://data.epa.ie/leap/api/v1/MeetingCorrespondence/meetingbyid?meeting_id=625e9564-c9c9-44ed-a01a-90fcd0830265
Vermilion Exploration and Production Ireland Limited - P0738,Meeting,,https://leap.epa.ie/licence-profile/P0738/compliance/return/63197f16-ca0f-4eaf-8d2a-72607e9d8c30,2025-04-07T00:00:00+00:00,Closed,2025-04-07T00:00:00,P0738,aa3749e0-2af5-4c42-b314-e161593785e9,https://data.epa.ie/leap/api/v1/MeetingCorrespondence/meetingbyid?meeting_id=63197f16-ca0f-4eaf-8d2a-72607e9d8c30
Vermilion Exploration and Production Ireland Limited - P0738,Meeting,,https://leap.epa.ie/licence-profile/P0738/compliance/return/63782a9f-def6-4c0f-ae57-6111cafbce99,2025-04-07T00:00:00+00:00,Closed,2025-04-07T00:00:00,P0738,aa3749e0-2af5-4c42-b314-e161593785e9,https://data.epa.ie/leap/api/v1/MeetingCorrespondence/meetingbyid?meeting_id=63782a9f-def6-4c0f-ae57-6111cafbce99
Ringsend - D0034,Meeting,,https://leap.epa.ie/licence-profile/D0034/compliance/return/63e925e2-2e8e-4183-b2ef-d0454cb6eaa9,2025-04-07T00:00:00+00:00,Closed,2025-04-07T00:00:00,D0034,188b6e9c-77a4-4dd9-895c-17080f6af298,https://data.epa.ie/leap/api/v1/MeetingCorrespondence/meetingbyid?meeting_id=63e925e2-2e8e-4183-b2ef-d0454cb6eaa9
Ringsend - D0034,Meeting,,https://leap.epa.ie/licence-profile/D0034/compliance/return/64c79056-51c3-4c37-9973-24551d4f4096,2025-04-07T00:00:00+00:00,Closed,2025-04-07T00:00:00,D0034,188b6e9c-77a4-4dd9-895c-17080f6af298,https://data.epa.ie/leap/api/v1/MeetingCorrespondence/meetingbyid?meeting_id=64c79056-51c3-4c37-9973-24551d4f4096
Vermilion Exploration and Production Ireland Limited - P0738,Meeting,,https://leap.epa.ie/licence-profile/P0738/compliance/return/65994061-9ad4-4738-8b23-f83b7a0b1d9e,2025-04-07T00:00:00+00:00,Closed,2025-04-07T00:00:00,P0738,aa3749e0-2af5-4c42-b314-e161593785e9,https://data.epa.ie/leap/api/v1/MeetingCorrespondence/meetingbyid?meeting_id=65994061-9ad4-4738-8b23-f83b7a0b1d9e
Ringsend - D0034,Meeting,,https://leap.epa.ie/licence-profile/D0034/compliance/return/65e60502-ac71-4202-b0f3-e1631d205350,2025-04-07T00:00:00+00:00,Closed,2025-04-07T00:00:00,D0034,188b6e9c-77a4-4dd9-895c-17080f6af298,https://data.epa.ie/leap/api/v1/MeetingCorrespondence/meetingbyid?meeting_id=65e60502-ac71-4202-b0f3-e1631d205350
Vermilion Exploration and Production Ireland Limited - P0738,Meeting,,https://leap.epa.ie/licence-profile/P0738/compliance/return/65f23b41-f6b9-44f0-a781-657028f8d5ed,2025-04-07T00:00:00+00:00,Closed,2025-04-07T00:00:00,P0738,aa3749e0-2af5-4c42-b314-e161593785e9,https://data.epa.ie/leap/api/v1/MeetingCorrespondence/meetingbyid?meeting_id=65f23b41-f6b9-44f0-a781-657028f8d5ed
Vermilion Exploration and Production Ireland Limited - P0738,Meeting,,https://leap.epa.ie/licence-profile/P0738/compliance/return/667a33fc-a11e-451e-a88a-9c6cb5204229,2025-04-07T00:00:00+00:00,Closed,2025-04-07T00:00:00,P0738,aa3749e0-2af5-4c42-b314-e161593785e9,https://data.epa.ie/leap/api/v1/MeetingCorrespondence/meetingbyid?meeting_id=667a33fc-a11e-451e-a88a-9c6cb5204229
Ringsend - D0034,Meeting,,https://leap.epa.ie/licence-profile/D0034/compliance/return/66f7491f-5747-4a8d-849d-f434d97caeb9,2025-04-07T00:00:00+00:00,Closed,2025-04-07T00:00:00,D0034,188b6e9c-77a4-4dd9-895c-17080f6af298,https://data.epa.ie/leap/api/v1/MeetingCorrespondence/meetingbyid?meeting_id=66f7491f-5747-4a8d-849d-f434d97caeb9
Vermilion Exploration and Production Ireland Limited - P0738,Meeting,,https://leap.epa.ie/licence-profile/P0738/compliance/return/6770519e-db3d-41b6-ab00-13c6bcb80cfc,2025-04-07T00:00:00+00:00,Closed,2025-04-07T00:00:00,P0738,aa3749e0-2af5-4c42-b314-e161593785e9,https://data.epa.ie/leap/api/v1/MeetingCorrespondence/meetingbyid?meeting_id=6770519e-db3d-41b6-ab00-13c6bcb80cfc
Vermilion Exploration and Production Ireland Limited - P0738,Meeting,,https://leap.epa.ie/licence-profile/P0738/compliance/return/67bac2ac-0959-4182-a7c9-015a6bc452f1,2025-04-07T00:00:00+00:00,Closed,2025-04-07T00:00:00,P0738,aa3749e0-2af5-4c42-b314-e161593785e9,https://data.epa.ie/leap/api/v1/MeetingCorrespondence/meetingbyid?meeting_id=67bac2ac-0959-4182-a7c9-015a6bc452f1
Vermilion Exploration and Production Ireland Limited - P0738,Meeting,,https://leap.epa.ie/licence-profile/P0738/compliance/return/68c73075-6675-4f6a-b4a8-27dad270c3ea,2025-04-07T00:00:00+00:00,Closed,2025-04-07T00:00:00,P0738,aa3749e0-2af5-4c42-b314-e161593785e9,https://data.epa.ie/leap/api/v1/MeetingCorrespondence/meetingbyid?meeting_id=68c73075-6675-4f6a-b4a8-27dad270c3ea
Vermilion Exploration and Production Ireland Limited - P0738,Meeting,,https://leap.epa.ie/licence-profile/P0738/compliance/return/6af3b0d2-f464-4d44-8cbb-c71dfcde22d4,2025-04-07T00:00:00+00:00,Closed,2025-04-07T00:00:00,P0738,aa3749e0-2af5-4c42-b314-e161593785e9,https://data.epa.ie/leap/api/v1/MeetingCorrespondence/meetingbyid?meeting_id=6af3b0d2-f464-4d44-8cbb-c71dfcde22d4
Ringsend - D0034,Meeting,,https://leap.epa.ie/licence-profile/D0034/compliance/return/6b3f19b9-47fd-4b91-81cc-3032a68405e7,2025-04-07T00:00:00+00:00,Closed,2025-04-07T00:00:00,D0034,188b6e9c-77a4-4dd9-895c-17080f6af298,https://data.epa.ie/leap/api/v1/MeetingCorrespondence/meetingbyid?meeting_id=6b3f19b9-47fd-4b91-81cc-3032a68405e7
Ringsend - D0034,Meeting,,https://leap.epa.ie/licence-profile/D0034/compliance/return/6b93ddf9-6bb2-4bf0-b0cd-279f1ae5f881,2025-04-07T00:00:00+00:00,Closed,2025-04-07T00:00:00,D0034,188b6e9c-77a4-4dd9-895c-17080f6af298,https://data.epa.ie/leap/api/v1/MeetingCorrespondence/meetingbyid?meeting_id=6b93ddf9-6bb2-4bf0-b0cd-279f1ae5f881
Vermilion Exploration and Production Ireland Limited - P0738,Meeting,,https://leap.epa.ie/licence-profile/P0738/compliance/return/6ba30a0b-dd84-4ba2-8d8a-654a131fb045,2025-04-07T00:00:00+00:00,Closed,2025-04-07T00:00:00,P0738,aa3749e0-2af5-4c42-b314-e161593785e9,https://data.epa.ie/leap/api/v1/MeetingCorrespondence/meetingbyid?meeting_id=6ba30a0b-dd84-4ba2-8d8a-654a131fb045
Vermilion Exploration and Production Ireland Limited - P0738,Meeting,,https://leap.epa.ie/licence-profile/P0738/compliance/return/6c2b3d36-580e-4042-b1a6-b6acbaa7de0b,2025-04-07T00:00:00+00:00,Closed,2025-04-07T00:00:00,P0738,aa3749e0-2af5-4c42-b314-e161593785e9,https://data.epa.ie/leap/api/v1/MeetingCorrespondence/meetingbyid?meeting_id=6c2b3d36-580e-4042-b1a6-b6acbaa7de0b
Vermilion Exploration and Production Ireland Limited - P0738,Meeting,,https://leap.epa.ie/licence-profile/P0738/compliance/return/6c37cb9f-80bb-4850-a370-ea5b2990f493,2025-04-07T00:00:00+00:00,Closed,2025-04-07T00:00:00,P0738,aa3749e0-2af5-4c42-b314-e161593785e9,https://data.epa.ie/leap/api/v1/MeetingCorrespondence/meetingbyid?meeting_id=6c37cb9f-80bb-4850-a370-ea5b2990f493
Vermilion Exploration and Production Ireland Limited - P0738,Meeting,,https://leap.epa.ie/licence-profile/P0738/compliance/return/6ec8377a-275a-40e5-9454-8638fe6ac5f1,2025-04-07T00:00:00+00:00,Closed,2025-04-07T00:00:00,P0738,aa3749e0-2af5-4c42-b314-e161593785e9,https://data.epa.ie/leap/api/v1/MeetingCorrespondence/meetingbyid?meeting_id=6ec8377a-275a-40e5-9454-8638fe6ac5f1
Ringsend - D0034,Meeting,,https://leap.epa.ie/licence-profile/D0034/compliance/return/70c73a89-c405-41c5-9556-493c7ade6caa,2025-04-07T00:00:00+00:00,Closed,2025-04-07T00:00:00,D0034,188b6e9c-77a4-4dd9-895c-17080f6af298,https://data.epa.ie/leap/api/v1/MeetingCorrespondence/meetingbyid?meeting_id=70c73a89-c405-41c5-9556-493c7ade6caa
Ringsend - D0034,Meeting,,https://leap.epa.ie/licence-profile/D0034/compliance/return/70f2ac53-ed2a-4a50-be0b-f6fa9b34ea91,2025-04-07T00:00:00+00:00,Closed,2025-04-07T00:00:00,D0034,188b6e9c-77a4-4dd9-895c-17080f6af298,https://data.epa.ie/leap/api/v1/MeetingCorrespondence/meetingbyid?meeting_id=70f2ac53-ed2a-4a50-be0b-f6fa9b34ea91
Ringsend - D0034,Meeting,,https://leap.epa.ie/licence-profile/D0034/compliance/return/7111ad45-882a-4252-aa69-d81193be44a5,2025-04-07T00:00:00+00:00,Closed,2025-04-07T00:00:00,D0034,188b6e9c-77a4-4dd9-895c-17080f6af298,https://data.epa.ie/leap/api/v1/MeetingCorrespondence/meetingbyid?meeting_id=7111ad45-882a-4252-aa69-d81193be44a5
Vermilion Exploration and Production Ireland Limited - P0738,Meeting,,https://leap.epa.ie/licence-profile/P0738/compliance/return/712e35db-f512-4896-9f14-a8028798e3f9,2025-04-07T00:00:00+00:00,Closed,2025-04-07T00:00:00,P0738,aa3749e0-2af5-4c42-b314-e161593785e9,https://data.epa.ie/leap/api/v1/MeetingCorrespondence/meetingbyid?meeting_id=712e35db-f512-4896-9f14-a8028798e3f9
Ringsend - D0034,Meeting,,https://leap.epa.ie/licence-profile/D0034/compliance/return/71baf363-4118-4eea-b9bf-3b6e068be614,2025-04-07T00:00:00+00:00,Closed,2025-04-07T00:00:00,D0034,188b6e9c-77a4-4dd9-895c-17080f6af298,https://data.epa.ie/leap/api/v1/MeetingCorrespondence/meetingbyid?meeting_id=71baf363-4118-4eea-b9bf-3b6e068be614
Ringsend - D0034,Meeting,,https://leap.epa.ie/licence-profile/D0034/compliance/return/729a7196-5141-449e-937c-d971cca5aaac,2025-04-07T00:00:00+00:00,Closed,2025-04-07T00:00:00,D0034,188b6e9c-77a4-4dd9-895c-17080f6af298,https://data.epa.ie/leap/api/v1/MeetingCorrespondence/meetingbyid?meeting_id=729a7196-5141-449e-937c-d971cca5aaac
Vermilion Exploration and Production Ireland Limited - P0738,Meeting,,https://leap.epa.ie/licence-profile/P0738/compliance/return/72c194f5-83ce-417a-949d-d1391ec7ebab,2025-04-07T00:00:00+00:00,Closed,2025-04-07T00:00:00,P0738,aa3749e0-2af5-4c42-b314-e161593785e9,https://data.epa.ie/leap/api/v1/MeetingCorrespondence/meetingbyid?meeting_id=72c194f5-83ce-417a-949d-d1391ec7ebab
Vermilion Exploration and Production Ireland Limited - P0738,Meeting,,https://leap.epa.ie/licence-profile/P0738/compliance/return/7387114c-c908-420a-8f59-038c17767c96,2025-04-07T00:00:00+00:00,Closed,2025-04-07T00:00:00,P0738,aa3749e0-2af5-4c42-b314-e161593785e9,https://data.epa.ie/leap/api/v1/MeetingCorrespondence/meetingbyid?meeting_id=7387114c-c908-420a-8f59-038c17767c96
Vermilion Exploration and Production Ireland Limited - P0738,Meeting,,https://leap.epa.ie/licence-profile/P0738/compliance/return/73c36802-91a2-45d4-a584-70b68d978bb2,2025-04-07T00:00:00+00:00,Closed,2025-04-07T00:00:00,P0738,aa3749e0-2af5-4c42-b314-e161593785e9,https://data.epa.ie/leap/api/v1/MeetingCorrespondence/meetingbyid?meeting_id=73c36802-91a2-45d4-a584-70b68d978bb2
Vermilion Exploration and Production Ireland Limited - P0738,Meeting,,https://leap.epa.ie/licence-profile/P0738/compliance/return/7422be6a-722d-4f18-9a77-be7c5d1bcfab,2025-04-07T00:00:00+00:00,Closed,2025-04-07T00:00:00,P0738,aa3749e0-2af5-4c42-b314-e161593785e9,https://data.epa.ie/leap/api/v1/MeetingCorrespondence/meetingbyid?meeting_id=7422be6a-722d-4f18-9a77-be7c5d1bcfab
Vermilion Exploration and Production Ireland Limited - P0738,Meeting,,https://leap.epa.ie/licence-profile/P0738/compliance/return/746075a1-0840-439f-85aa-a67b94eefb96,2025-04-07T00:00:00+00:00,Closed,2025-04-07T00:00:00,P0738,aa3749e0-2af5-4c42-b314-e161593785e9,https://data.epa.ie/leap/api/v1/MeetingCorrespondence/meetingbyid?meeting_id=746075a1-0840-439f-85aa-a67b94eefb96
Ringsend - D0034,Meeting,,https://leap.epa.ie/licence-profile/D0034/compliance/return/74fd9084-31bd-4dcd-a799-06a8c1398069,2025-04-07T00:00:00+00:00,Closed,2025-04-07T00:00:00,D0034,188b6e9c-77a4-4dd9-895c-17080f6af298,https://data.epa.ie/leap/api/v1/MeetingCorrespondence/meetingbyid?meeting_id=74fd9084-31bd-4dcd-a799-06a8c1398069
Vermilion Exploration and Production Ireland Limited - P0738,Meeting,,https://leap.epa.ie/licence-profile/P0738/compliance/return/7563d4da-60c0-40ed-8407-f2f3ed96b7c4,2025-04-07T00:00:00+00:00,Closed,2025-04-07T00:00:00,P0738,aa3749e0-2af5-4c42-b314-e161593785e9,https://data.epa.ie/leap/api/v1/MeetingCorrespondence/meetingbyid?meeting_id=7563d4da-60c0-40ed-8407-f2f3ed96b7c4
Vermilion Exploration and Production Ireland Limited - P0738,Meeting,,https://leap.epa.ie/licence-profile/P0738/compliance/return/7627f3c6-6682-47d5-bf1a-bbe6c22bf849,2025-04-07T00:00:00+00:00,Closed,2025-04-07T00:00:00,P0738,aa3749e0-2af5-4c42-b314-e161593785e9,https://data.epa.ie/leap/api/v1/MeetingCorrespondence/meetingbyid?meeting_id=7627f3c6-6682-47d5-bf1a-bbe6c22bf849
Vermilion Exploration and Production Ireland Limited - P0738,Meeting,,https://leap.epa.ie/licence-profile/P0738/compliance/return/7630f32f-36a2-48ef-bec9-d8f769a3fde0,2025-04-07T00:00:00+00:00,Closed,2025-04-07T00:00:00,P0738,aa3749e0-2af5-4c42-b314-e161593785e9,https://data.epa.ie/leap/api/v1/MeetingCorrespondence/meetingbyid?meeting_id=7630f32f-36a2-48ef-bec9-d8f769a3fde0
Vermilion Exploration and Production Ireland Limited - P0738,Meeting,,https://leap.epa.ie/licence-profile/P0738/compliance/return/7676e2c6-bb80-4be2-9069-405138edb67d,2025-04-07T00:00:00+00:00,Closed,2025-04-07T00:00:00,P0738,aa3749e0-2af5-4c42-b314-e161593785e9,https://data.epa.ie/leap/api/v1/MeetingCorrespondence/meetingbyid?meeting_id=7676e2c6-bb80-4be2-9069-405138edb67d
Ringsend - D0034,Meeting,,https://leap.epa.ie/licence-profile/D0034/compliance/return/7696170c-e6a4-439c-a671-9cb4abb6e5bf,2025-04-07T00:00:00+00:00,Closed,2025-04-07T00:00:00,D0034,188b6e9c-77a4-4dd9-895c-17080f6af298,https://data.epa.ie/leap/api/v1/MeetingCorrespondence/meetingbyid?meeting_id=7696170c-e6a4-439c-a671-9cb4abb6e5bf
Vermilion Exploration and Production Ireland Limited - P0738,Meeting,,https://leap.epa.ie/licence-profile/P0738/compliance/return/77d7f981-f371-42d6-a851-626d3e37b737,2025-04-07T00:00:00+00:00,Closed,2025-04-07T00:00:00,P0738,aa3749e0-2af5-4c42-b314-e161593785e9,https://data.epa.ie/leap/api/v1/MeetingCorrespondence/meetingbyid?meeting_id=77d7f981-f371-42d6-a851-626d3e37b737
Ringsend - D0034,Meeting,,https://leap.epa.ie/licence-profile/D0034/compliance/return/78bb627c-fb5e-45c0-a5f3-fc02899b0265,2025-04-07T00:00:00+00:00,Closed,2025-04-07T00:00:00,D0034,188b6e9c-77a4-4dd9-895c-17080f6af298,https://data.epa.ie/leap/api/v1/MeetingCorrespondence/meetingbyid?meeting_id=78bb627c-fb5e-45c0-a5f3-fc02899b0265
Vermilion Exploration and Production Ireland Limited - P0738,Meeting,,https://leap.epa.ie/licence-profile/P0738/compliance/return/79e96ec7-74fe-4859-ac30-9604a174b94e,2025-04-07T00:00:00+00:00,Closed,2025-04-07T00:00:00,P0738,aa3749e0-2af5-4c42-b314-e161593785e9,https://data.epa.ie/leap/api/v1/MeetingCorrespondence/meetingbyid?meeting_id=79e96ec7-74fe-4859-ac30-9604a174b94e
Ringsend - D0034,Meeting,,https://leap.epa.ie/licence-profile/D0034/compliance/return/7c69594c-b80f-4940-a067-22b9eddcd298,2025-04-07T00:00:00+00:00,Closed,2025-04-07T00:00:00,D0034,188b6e9c-77a4-4dd9-895c-17080f6af298,https://data.epa.ie/leap/api/v1/MeetingCorrespondence/meetingbyid?meeting_id=7c69594c-b80f-4940-a067-22b9eddcd298
Ringsend - D0034,Meeting,,https://leap.epa.ie/licence-profile/D0034/compliance/return/7cb56411-8e40-4f7e-8c96-371ec337e8ef,2025-04-07T00:00:00+00:00,Closed,2025-04-07T00:00:00,D0034,188b6e9c-77a4-4dd9-895c-17080f6af298,https://data.epa.ie/leap/api/v1/MeetingCorrespondence/meetingbyid?meeting_id=7cb56411-8e40-4f7e-8c96-371ec337e8ef
Vermilion Exploration and Production Ireland Limited - P0738,Meeting,,https://leap.epa.ie/licence-profile/P0738/compliance/return/7cc8321f-d967-46b2-9d9e-58b3cd39eb1b,2025-04-07T00:00:00+00:00,Closed,2025-04-07T00:00:00,P0738,aa3749e0-2af5-4c42-b314-e161593785e9,https://data.epa.ie/leap/api/v1/MeetingCorrespondence/meetingbyid?meeting_id=7cc8321f-d967-46b2-9d9e-58b3cd39eb1b
Ringsend - D0034,Meeting,,https://leap.epa.ie/licence-profile/D0034/compliance/return/7e03ecc6-b262-4d61-b6d8-e8143e62f9a4,2025-04-07T00:00:00+00:00,Closed,2025-04-07T00:00:00,D0034,188b6e9c-77a4-4dd9-895c-17080f6af298,https://data.epa.ie/leap/api/v1/MeetingCorrespondence/meetingbyid?meeting_id=7e03ecc6-b262-4d61-b6d8-e8143e62f9a4
Vermilion Exploration and Production Ireland Limited - P0738,Meeting,,https://leap.epa.ie/licence-profile/P0738/compliance/return/7f62b24a-4077-4c70-b910-36bb643a1bed,2025-04-07T00:00:00+00:00,Closed,2025-04-07T00:00:00,P0738,aa3749e0-2af5-4c42-b314-e161593785e9,https://data.epa.ie/leap/api/v1/MeetingCorrespondence/meetingbyid?meeting_id=7f62b24a-4077-4c70-b910-36bb643a1bed
Vermilion Exploration and Production Ireland Limited - P0738,Meeting,,https://leap.epa.ie/licence-profile/P0738/compliance/return/8018f88d-fd8b-4dad-a320-5fc3b523d6d2,2025-04-07T00:00:00+00:00,Closed,2025-04-07T00:00:00,P0738,aa3749e0-2af5-4c42-b314-e161593785e9,https://data.epa.ie/leap/api/v1/MeetingCorrespondence/meetingbyid?meeting_id=8018f88d-fd8b-4dad-a320-5fc3b523d6d2
Ringsend - D0034,Meeting,,https://leap.epa.ie/licence-profile/D0034/compliance/return/806ff880-c7ca-489c-a08b-d80c7450b945,2025-04-07T00:00:00+00:00,Closed,2025-04-07T00:00:00,D0034,188b6e9c-77a4-4dd9-895c-17080f6af298,https://data.epa.ie/leap/api/v1/MeetingCorrespondence/meetingbyid?meeting_id=806ff880-c7ca-489c-a08b-d80c7450b945
Ringsend - D0034,Meeting,,https://leap.epa.ie/licence-profile/D0034/compliance/return/811f4e9f-beb2-4693-9ffc-447437e6ec9d,2025-04-07T00:00:00+00:00,Closed,2025-04-07T00:00:00,D0034,188b6e9c-77a4-4dd9-895c-17080f6af298,https://data.epa.ie/leap/api/v1/MeetingCorrespondence/meetingbyid?meeting_id=811f4e9f-beb2-4693-9ffc-447437e6ec9d
Ringsend - D0034,Meeting,,https://leap.epa.ie/licence-profile/D0034/compliance/return/82dde822-3e7d-416c-9191-90b4ef239ca5,2025-04-07T00:00:00+00:00,Closed,2025-04-07T00:00:00,D0034,188b6e9c-77a4-4dd9-895c-17080f6af298,https://data.epa.ie/leap/api/v1/MeetingCorrespondence/meetingbyid?meeting_id=82dde822-3e7d-416c-9191-90b4ef239ca5
Vermilion Exploration and Production Ireland Limited - P0738,Meeting,,https://leap.epa.ie/licence-profile/P0738/compliance/return/835bbdcd-beab-475c-a76f-cd0ebf0a42ff,2025-04-07T00:00:00+00:00,Closed,2025-04-07T00:00:00,P0738,aa3749e0-2af5-4c42-b314-e161593785e9,https://data.epa.ie/leap/api/v1/MeetingCorrespondence/meetingbyid?meeting_id=835bbdcd-beab-475c-a76f-cd0ebf0a42ff
Vermilion Exploration and Production Ireland Limited - P0738,Meeting,,https://leap.epa.ie/licence-profile/P0738/compliance/return/83ccaec7-6471-4566-9017-dfb44edb66db,2025-04-07T00:00:00+00:00,Closed,2025-04-07T00:00:00,P0738,aa3749e0-2af5-4c42-b314-e161593785e9,https://data.epa.ie/leap/api/v1/MeetingCorrespondence/meetingbyid?meeting_id=83ccaec7-6471-4566-9017-dfb44edb66db
Ringsend - D0034,Meeting,,https://leap.epa.ie/licence-profile/D0034/compliance/return/83d519a2-ec2e-4c5c-b909-ed83e72f712d,2025-04-07T00:00:00+00:00,Closed,2025-04-07T00:00:00,D0034,188b6e9c-77a4-4dd9-895c-17080f6af298,https://data.epa.ie/leap/api/v1/MeetingCorrespondence/meetingbyid?meeting_id=83d519a2-ec2e-4c5c-b909-ed83e72f712d
Ringsend - D0034,Meeting,,https://leap.epa.ie/licence-profile/D0034/compliance/return/868407af-80aa-4190-863d-1f19e79ebe90,2025-04-07T00:00:00+00:00,Closed,2025-04-07T00:00:00,D0034,188b6e9c-77a4-4dd9-895c-17080f6af298,https://data.epa.ie/leap/api/v1/MeetingCorrespondence/meetingbyid?meeting_id=868407af-80aa-4190-863d-1f19e79ebe90
Vermilion Exploration and Production Ireland Limited - P0738,Meeting,,https://leap.epa.ie/licence-profile/P0738/compliance/return/869095a2-cb38-4321-a0e6-cd01603b7e32,2025-04-07T00:00:00+00:00,Closed,2025-04-07T00:00:00,P0738,aa3749e0-2af5-4c42-b314-e161593785e9,https://data.epa.ie/leap/api/v1/MeetingCorrespondence/meetingbyid?meeting_id=869095a2-cb38-4321-a0e6-cd01603b7e32
Vermilion Exploration and Production Ireland Limited - P0738,Meeting,,https://leap.epa.ie/licence-profile/P0738/compliance/return/86ea895c-1ff5-4d34-9bc3-06af0a68f8e9,2025-04-07T00:00:00+00:00,Closed,2025-04-07T00:00:00,P0738,aa3749e0-2af5-4c42-b314-e161593785e9,https://data.epa.ie/leap/api/v1/MeetingCorrespondence/meetingbyid?meeting_id=86ea895c-1ff5-4d34-9bc3-06af0a68f8e9
Vermilion Exploration and Production Ireland Limited - P0738,Meeting,,https://leap.epa.ie/licence-profile/P0738/compliance/return/877ccdf9-dd68-4625-b6cb-1ef31c78f9f5,2025-04-07T00:00:00+00:00,Closed,2025-04-07T00:00:00,P0738,aa3749e0-2af5-4c42-b314-e161593785e9,https://data.epa.ie/leap/api/v1/MeetingCorrespondence/meetingbyid?meeting_id=877ccdf9-dd68-4625-b6cb-1ef31c78f9f5
Ringsend - D0034,Meeting,,https://leap.epa.ie/licence-profile/D0034/compliance/return/87dd94c6-6bd6-4a12-b2be-f6a3f0767f30,2025-04-07T00:00:00+00:00,Closed,2025-04-07T00:00:00,D0034,188b6e9c-77a4-4dd9-895c-17080f6af298,https://data.epa.ie/leap/api/v1/MeetingCorrespondence/meetingbyid?meeting_id=87dd94c6-6bd6-4a12-b2be-f6a3f0767f30
Vermilion Exploration and Production Ireland Limited - P0738,Meeting,,https://leap.epa.ie/licence-profile/P0738/compliance/return/886e9f06-7897-49e4-be0a-be01a2d22e1c,2025-04-07T00:00:00+00:00,Closed,2025-04-07T00:00:00,P0738,aa3749e0-2af5-4c42-b314-e161593785e9,https://data.epa.ie/leap/api/v1/MeetingCorrespondence/meetingbyid?meeting_id=886e9f06-7897-49e4-be0a-be01a2d22e1c
Ringsend - D0034,Meeting,,https://leap.epa.ie/licence-profile/D0034/compliance/return/8903c9c9-be44-4329-835a-0050c459dd62,2025-04-07T00:00:00+00:00,Closed,2025-04-07T00:00:00,D0034,188b6e9c-77a4-4dd9-895c-17080f6af298,https://data.epa.ie/leap/api/v1/MeetingCorrespondence/meetingbyid?meeting_id=8903c9c9-be44-4329-835a-0050c459dd62
Ringsend - D0034,Meeting,,https://leap.epa.ie/licence-profile/D0034/compliance/return/8a1efde6-c1a9-4d20-a06f-038dfe07e7d2,2025-04-07T00:00:00+00:00,Closed,2025-04-07T00:00:00,D0034,188b6e9c-77a4-4dd9-895c-17080f6af298,https://data.epa.ie/leap/api/v1/MeetingCorrespondence/meetingbyid?meeting_id=8a1efde6-c1a9-4d20-a06f-038dfe07e7d2
Vermilion Exploration and Production Ireland Limited - P0738,Meeting,,https://leap.epa.ie/licence-profile/P0738/compliance/return/8a8a1ae2-a70a-4915-865b-19d04841465a,2025-04-07T00:00:00+00:00,Closed,2025-04-07T00:00:00,P0738,aa3749e0-2af5-4c42-b314-e161593785e9,https://data.epa.ie/leap/api/v1/MeetingCorrespondence/meetingbyid?meeting_id=8a8a1ae2-a70a-4915-865b-19d04841465a
Vermilion Exploration and Production Ireland Limited - P0738,Meeting,,https://leap.epa.ie/licence-profile/P0738/compliance/return/8ce65ae6-b108-4f0c-a84d-df30fa937054,2025-04-07T00:00:00+00:00,Closed,2025-04-07T00:00:00,P0738,aa3749e0-2af5-4c42-b314-e161593785e9,https://data.epa.ie/leap/api/v1/MeetingCorrespondence/meetingbyid?meeting_id=8ce65ae6-b108-4f0c-a84d-df30fa937054
Ringsend - D0034,Meeting,,https://leap.epa.ie/licence-profile/D0034/compliance/return/8ece217f-a0fa-4fb4-acce-20334ab1b7b1,2025-04-07T00:00:00+00:00,Closed,2025-04-07T00:00:00,D0034,188b6e9c-77a4-4dd9-895c-17080f6af298,https://data.epa.ie/leap/api/v1/MeetingCorrespondence/meetingbyid?meeting_id=8ece217f-a0fa-4fb4-acce-20334ab1b7b1
Vermilion Exploration and Production Ireland Limited - P0738,Meeting,,https://leap.epa.ie/licence-profile/P0738/compliance/return/8f575ad5-826e-4613-b463-48d9bee92fee,2025-04-07T00:00:00+00:00,Closed,2025-04-07T00:00:00,P0738,aa3749e0-2af5-4c42-b314-e161593785e9,https://data.epa.ie/leap/api/v1/MeetingCorrespondence/meetingbyid?meeting_id=8f575ad5-826e-4613-b463-48d9bee92fee
Vermilion Exploration and Production Ireland Limited - P0738,Meeting,,https://leap.epa.ie/licence-profile/P0738/compliance/return/8fb5827d-2b3b-4301-a494-359ed5272569,2025-04-07T00:00:00+00:00,Closed,2025-04-07T00:00:00,P0738,aa3749e0-2af5-4c42-b314-e161593785e9,https://data.epa.ie/leap/api/v1/MeetingCorrespondence/meetingbyid?meeting_id=8fb5827d-2b3b-4301-a494-359ed5272569
Ringsend - D0034,Meeting,,https://leap.epa.ie/licence-profile/D0034/compliance/return/90070390-ab9a-4dae-8c0f-59d967de0535,2025-04-07T00:00:00+00:00,Closed,2025-04-07T00:00:00,D0034,188b6e9c-77a4-4dd9-895c-17080f6af298,https://data.epa.ie/leap/api/v1/MeetingCorrespondence/meetingbyid?meeting_id=90070390-ab9a-4dae-8c0f-59d967de0535
Vermilion Exploration and Production Ireland Limited - P0738,Meeting,,https://leap.epa.ie/licence-profile/P0738/compliance/return/9082772d-356d-4011-89ca-a0ca21b6c1cf,2025-04-07T00:00:00+00:00,Closed,2025-04-07T00:00:00,P0738,aa3749e0-2af5-4c42-b314-e161593785e9,https://data.epa.ie/leap/api/v1/MeetingCorrespondence/meetingbyid?meeting_id=9082772d-356d-4011-89ca-a0ca21b6c1cf
Ringsend - D0034,Meeting,,https://leap.epa.ie/licence-profile/D0034/compliance/return/915231b8-1caf-4165-8bbe-d2c871a8a70a,2025-04-07T00:00:00+00:00,Closed,2025-04-07T00:00:00,D0034,188b6e9c-77a4-4dd9-895c-17080f6af298,https://data.epa.ie/leap/api/v1/MeetingCorrespondence/meetingbyid?meeting_id=915231b8-1caf-4165-8bbe-d2c871a8a70a
Vermilion Exploration and Production Ireland Limited - P0738,Meeting,,https://leap.epa.ie/licence-profile/P0738/compliance/return/91dfb012-6bba-46e3-ac09-45226d8e4145,2025-04-07T00:00:00+00:00,Closed,2025-04-07T00:00:00,P0738,aa3749e0-2af5-4c42-b314-e161593785e9,https://data.epa.ie/leap/api/v1/MeetingCorrespondence/meetingbyid?meeting_id=91dfb012-6bba-46e3-ac09-45226d8e4145
Vermilion Exploration and Production Ireland Limited - P0738,Meeting,,https://leap.epa.ie/licence-profile/P0738/compliance/return/922a8cd8-02e4-4739-832a-2ca90ead9d43,2025-04-07T00:00:00+00:00,Closed,2025-04-07T00:00:00,P0738,aa3749e0-2af5-4c42-b314-e161593785e9,https://data.epa.ie/leap/api/v1/MeetingCorrespondence/meetingbyid?meeting_id=922a8cd8-02e4-4739-832a-2ca90ead9d43
Ringsend - D0034,Meeting,,https://leap.epa.ie/licence-profile/D0034/compliance/return/927a311c-eab6-4747-b942-fb4368fb5004,2025-04-07T00:00:00+00:00,Closed,2025-04-07T00:00:00,D0034,188b6e9c-77a4-4dd9-895c-17080f6af298,https://data.epa.ie/leap/api/v1/MeetingCorrespondence/meetingbyid?meeting_id=927a311c-eab6-4747-b942-fb4368fb5004
Ringsend - D0034,Meeting,,https://leap.epa.ie/licence-profile/D0034/compliance/return/958c000e-c199-4b34-8a9f-1e70b162951b,2025-04-07T00:00:00+00:00,Closed,2025-04-07T00:00:00,D0034,188b6e9c-77a4-4dd9-895c-17080f6af298,https://data.epa.ie/leap/api/v1/MeetingCorrespondence/meetingbyid?meeting_id=958c000e-c199-4b34-8a9f-1e70b162951b
Ringsend - D0034,Meeting,,https://leap.epa.ie/licence-profile/D0034/compliance/return/96a0f4b6-c629-400d-a16b-b9fdea8b5380,2025-04-07T00:00:00+00:00,Closed,2025-04-07T00:00:00,D0034,188b6e9c-77a4-4dd9-895c-17080f6af298,https://data.epa.ie/leap/api/v1/MeetingCorrespondence/meetingbyid?meeting_id=96a0f4b6-c629-400d-a16b-b9fdea8b5380
Ringsend - D0034,Meeting,,https://leap.epa.ie/licence-profile/D0034/compliance/return/987ba0d5-a5ec-4c9c-9494-d10a7a7f9e0b,2025-04-07T00:00:00+00:00,Closed,2025-04-07T00:00:00,D0034,188b6e9c-77a4-4dd9-895c-17080f6af298,https://data.epa.ie/leap/api/v1/MeetingCorrespondence/meetingbyid?meeting_id=987ba0d5-a5ec-4c9c-9494-d10a7a7f9e0b
Ringsend - D0034,Meeting,,https://leap.epa.ie/licence-profile/D0034/compliance/return/990b8640-e955-49ba-a395-8070b41fa017,2025-04-07T00:00:00+00:00,Closed,2025-04-07T00:00:00,D0034,188b6e9c-77a4-4dd9-895c-17080f6af298,https://data.epa.ie/leap/api/v1/MeetingCorrespondence/meetingbyid?meeting_id=990b8640-e955-49ba-a395-8070b41fa017
Ringsend - D0034,Meeting,,https://leap.epa.ie/licence-profile/D0034/compliance/return/9a937249-2467-42e5-bc30-f8394483281d,2025-04-07T00:00:00+00:00,Closed,2025-04-07T00:00:00,D0034,188b6e9c-77a4-4dd9-895c-17080f6af298,https://data.epa.ie/leap/api/v1/MeetingCorrespondence/meetingbyid?meeting_id=9a937249-2467-42e5-bc30-f8394483281d
Ringsend - D0034,Meeting,,https://leap.epa.ie/licence-profile/D0034/compliance/return/9beb9074-0c47-470f-901c-addc346b93e8,2025-04-07T00:00:00+00:00,Closed,2025-04-07T00:00:00,D0034,188b6e9c-77a4-4dd9-895c-17080f6af298,https://data.epa.ie/leap/api/v1/MeetingCorrespondence/meetingbyid?meeting_id=9beb9074-0c47-470f-901c-addc346b93e8
Ringsend - D0034,Meeting,,https://leap.epa.ie/licence-profile/D0034/compliance/return/9c3beefe-a42c-4cad-a397-354b7e2c16be,2025-04-07T00:00:00+00:00,Closed,2025-04-07T00:00:00,D0034,188b6e9c-77a4-4dd9-895c-17080f6af298,https://data.epa.ie/leap/api/v1/MeetingCorrespondence/meetingbyid?meeting_id=9c3beefe-a42c-4cad-a397-354b7e2c16be
Ringsend - D0034,Meeting,,https://leap.epa.ie/licence-profile/D0034/compliance/return/a0f3a91e-29c9-49ad-acf4-83a831ffa320,2025-04-07T00:00:00+00:00,Closed,2025-04-07T00:00:00,D0034,188b6e9c-77a4-4dd9-895c-17080f6af298,https://data.epa.ie/leap/api/v1/MeetingCorrespondence/meetingbyid?meeting_id=a0f3a91e-29c9-49ad-acf4-83a831ffa320
Ringsend - D0034,Meeting,,https://leap.epa.ie/licence-profile/D0034/compliance/return/a16ceb5b-153c-48ff-96b3-96913c33d702,2025-04-07T00:00:00+00:00,Closed,2025-04-07T00:00:00,D0034,188b6e9c-77a4-4dd9-895c-17080f6af298,https://data.epa.ie/leap/api/v1/MeetingCorrespondence/meetingbyid?meeting_id=a16ceb5b-153c-48ff-96b3-96913c33d702
Vermilion Exploration and Production Ireland Limited - P0738,Meeting,,https://leap.epa.ie/licence-profile/P0738/compliance/return/a22740ec-8931-4757-848f-865413b6c6f8,2025-04-07T00:00:00+00:00,Closed,2025-04-07T00:00:00,P0738,aa3749e0-2af5-4c42-b314-e161593785e9,https://data.epa.ie/leap/api/v1/MeetingCorrespondence/meetingbyid?meeting_id=a22740ec-8931-4757-848f-865413b6c6f8
Vermilion Exploration and Production Ireland Limited - P0738,Meeting,,https://leap.epa.ie/licence-profile/P0738/compliance/return/a35afbc9-0005-49fd-ae00-1a4468cba6a7,2025-04-07T00:00:00+00:00,Closed,2025-04-07T00:00:00,P0738,aa3749e0-2af5-4c42-b314-e161593785e9,https://data.epa.ie/leap/api/v1/MeetingCorrespondence/meetingbyid?meeting_id=a35afbc9-0005-49fd-ae00-1a4468cba6a7
Ringsend - D0034,Meeting,,https://leap.epa.ie/licence-profile/D0034/compliance/return/a5456cbf-384b-4785-a3e0-17eba3d6d921,2025-04-07T00:00:00+00:00,Closed,2025-04-07T00:00:00,D0034,188b6e9c-77a4-4dd9-895c-17080f6af298,https://data.epa.ie/leap/api/v1/MeetingCorrespondence/meetingbyid?meeting_id=a5456cbf-384b-4785-a3e0-17eba3d6d921
Ringsend - D0034,Meeting,,https://leap.epa.ie/licence-profile/D0034/compliance/return/a5e467e8-3add-40af-8ac4-6429764b7a46,2025-04-07T00:00:00+00:00,Closed,2025-04-07T00:00:00,D0034,188b6e9c-77a4-4dd9-895c-17080f6af298,https://data.epa.ie/leap/api/v1/MeetingCorrespondence/meetingbyid?meeting_id=a5e467e8-3add-40af-8ac4-6429764b7a46
Ringsend - D0034,Meeting,,https://leap.epa.ie/licence-profile/D0034/compliance/return/a7168511-e053-4283-a25a-db88953a46ca,2025-04-07T00:00:00+00:00,Closed,2025-04-07T00:00:00,D0034,188b6e9c-77a4-4dd9-895c-17080f6af298,https://data.epa.ie/leap/api/v1/MeetingCorrespondence/meetingbyid?meeting_id=a7168511-e053-4283-a25a-db88953a46ca
Ringsend - D0034,Meeting,,https://leap.epa.ie/licence-profile/D0034/compliance/return/a7e6e3f2-783d-42bf-bfe3-8076db05d7a4,2025-04-07T00:00:00+00:00,Closed,2025-04-07T00:00:00,D0034,188b6e9c-77a4-4dd9-895c-17080f6af298,https://data.epa.ie/leap/api/v1/MeetingCorrespondence/meetingbyid?meeting_id=a7e6e3f2-783d-42bf-bfe3-8076db05d7a4
Ringsend - D0034,Meeting,,https://leap.epa.ie/licence-profile/D0034/compliance/return/a7e93153-312a-4ce0-86a0-a7066896b099,2025-04-07T00:00:00+00:00,Closed,2025-04-07T00:00:00,D0034,188b6e9c-77a4-4dd9-895c-17080f6af298,https://data.epa.ie/leap/api/v1/MeetingCorrespondence/meetingbyid?meeting_id=a7e93153-312a-4ce0-86a0-a7066896b099
Vermilion Exploration and Production Ireland Limited - P0738,Meeting,,https://leap.epa.ie/licence-profile/P0738/compliance/return/a8f4487d-7617-45a1-8de9-bb1b9977a584,2025-04-07T00:00:00+00:00,Closed,2025-04-07T00:00:00,P0738,aa3749e0-2af5-4c42-b314-e161593785e9,https://data.epa.ie/leap/api/v1/MeetingCorrespondence/meetingbyid?meeting_id=a8f4487d-7617-45a1-8de9-bb1b9977a584
Ringsend - D0034,Meeting,,https://leap.epa.ie/licence-profile/D0034/compliance/return/a901dd77-04c6-441e-9e25-416a45e77685,2025-04-07T00:00:00+00:00,Closed,2025-04-07T00:00:00,D0034,188b6e9c-77a4-4dd9-895c-17080f6af298,https://data.epa.ie/leap/api/v1/MeetingCorrespondence/meetingbyid?meeting_id=a901dd77-04c6-441e-9e25-416a45e77685
Ringsend - D0034,Meeting,,https://leap.epa.ie/licence-profile/D0034/compliance/return/aa08c06b-4618-4723-aa4c-8cf07432dde9,2025-04-07T00:00:00+00:00,Closed,2025-04-07T00:00:00,D0034,188b6e9c-77a4-4dd9-895c-17080f6af298,https://data.epa.ie/leap/api/v1/MeetingCorrespondence/meetingbyid?meeting_id=aa08c06b-4618-4723-aa4c-8cf07432dde9
Vermilion Exploration and Production Ireland Limited - P0738,Meeting,,https://leap.epa.ie/licence-profile/P0738/compliance/return/ab2e39aa-4c32-4a4b-b11c-d9f5f2dd5ee3,2025-04-07T00:00:00+00:00,Closed,2025-04-07T00:00:00,P0738,aa3749e0-2af5-4c42-b314-e161593785e9,https://data.epa.ie/leap/api/v1/MeetingCorrespondence/meetingbyid?meeting_id=ab2e39aa-4c32-4a4b-b11c-d9f5f2dd5ee3
Vermilion Exploration and Production Ireland Limited - P0738,Meeting,,https://leap.epa.ie/licence-profile/P0738/compliance/return/abe3ac44-0a25-49d3-b449-de1879359657,2025-04-07T00:00:00+00:00,Closed,2025-04-07T00:00:00,P0738,aa3749e0-2af5-4c42-b314-e161593785e9,https://data.epa.ie/leap/api/v1/MeetingCorrespondence/meetingbyid?meeting_id=abe3ac44-0a25-49d3-b449-de1879359657
Ringsend - D0034,Meeting,,https://leap.epa.ie/licence-profile/D0034/compliance/return/ac0bbbbd-8141-4e6b-a304-1faf2f82af2c,2025-04-07T00:00:00+00:00,Closed,2025-04-07T00:00:00,D0034,188b6e9c-77a4-4dd9-895c-17080f6af298,https://data.epa.ie/leap/api/v1/MeetingCorrespondence/meetingbyid?meeting_id=ac0bbbbd-8141-4e6b-a304-1faf2f82af2c
Ringsend - D0034,Meeting,,https://leap.epa.ie/licence-profile/D0034/compliance/return/ac4b8acf-bd71-477a-867c-8b463fdcb18c,2025-04-07T00:00:00+00:00,Closed,2025-04-07T00:00:00,D0034,188b6e9c-77a4-4dd9-895c-17080f6af298,https://data.epa.ie/leap/api/v1/MeetingCorrespondence/meetingbyid?meeting_id=ac4b8acf-bd71-477a-867c-8b463fdcb18c
Ringsend - D0034,Meeting,,https://leap.epa.ie/licence-profile/D0034/compliance/return/adcd1de3-8aae-4a1c-b874-8607239f8ff1,2025-04-07T00:00:00+00:00,Closed,2025-04-07T00:00:00,D0034,188b6e9c-77a4-4dd9-895c-17080f6af298,https://data.epa.ie/leap/api/v1/MeetingCorrespondence/meetingbyid?meeting_id=adcd1de3-8aae-4a1c-b874-8607239f8ff1
Ringsend - D0034,Meeting,,https://leap.epa.ie/licence-profile/D0034/compliance/return/ae93cd3e-67df-42c5-9f3b-93ee55920428,2025-04-07T00:00:00+00:00,Closed,2025-04-07T00:00:00,D0034,188b6e9c-77a4-4dd9-895c-17080f6af298,https://data.epa.ie/leap/api/v1/MeetingCorrespondence/meetingbyid?meeting_id=ae93cd3e-67df-42c5-9f3b-93ee55920428
Vermilion Exploration and Production Ireland Limited - P0738,Meeting,,https://leap.epa.ie/licence-profile/P0738/compliance/return/af7cd5e2-e59b-4917-99be-caa3d8be5e0f,2025-04-07T00:00:00+00:00,Closed,2025-04-07T00:00:00,P0738,aa3749e0-2af5-4c42-b314-e161593785e9,https://data.epa.ie/leap/api/v1/MeetingCorrespondence/meetingbyid?meeting_id=af7cd5e2-e59b-4917-99be-caa3d8be5e0f
Ringsend - D0034,Meeting,,https://leap.epa.ie/licence-profile/D0034/compliance/return/af860ef3-4498-4016-85ce-5488cb804989,2025-04-07T00:00:00+00:00,Closed,2025-04-07T00:00:00,D0034,188b6e9c-77a4-4dd9-895c-17080f6af298,https://data.epa.ie/leap/api/v1/MeetingCorrespondence/meetingbyid?meeting_id=af860ef3-4498-4016-85ce-5488cb804989
Ringsend - D0034,Meeting,,https://leap.epa.ie/licence-profile/D0034/compliance/return/af93f2dc-ea5a-4d4c-bf36-7f57ae148e8f,2025-04-07T00:00:00+00:00,Closed,2025-04-07T00:00:00,D0034,188b6e9c-77a4-4dd9-895c-17080f6af298,https://data.epa.ie/leap/api/v1/MeetingCorrespondence/meetingbyid?meeting_id=af93f2dc-ea5a-4d4c-bf36-7f57ae148e8f
Ringsend - D0034,Meeting,,https://leap.epa.ie/licence-profile/D0034/compliance/return/b1192ea8-429d-4cc1-a0d6-90c0ef7ea3be,2025-04-07T00:00:00+00:00,Closed,2025-04-07T00:00:00,D0034,188b6e9c-77a4-4dd9-895c-17080f6af298,https://data.epa.ie/leap/api/v1/MeetingCorrespondence/meetingbyid?meeting_id=b1192ea8-429d-4cc1-a0d6-90c0ef7ea3be
Vermilion Exploration and Production Ireland Limited - P0738,Meeting,,https://leap.epa.ie/licence-profile/P0738/compliance/return/b1237b13-b48e-4883-a6ce-82ff38f2f137,2025-04-07T00:00:00+00:00,Closed,2025-04-07T00:00:00,P0738,aa3749e0-2af5-4c42-b314-e161593785e9,https://data.epa.ie/leap/api/v1/MeetingCorrespondence/meetingbyid?meeting_id=b1237b13-b48e-4883-a6ce-82ff38f2f137
Vermilion Exploration and Production Ireland Limited - P0738,Meeting,,https://leap.epa.ie/licence-profile/P0738/compliance/return/b2feb265-4f1f-4b69-853c-b663afd3c196,2025-04-07T00:00:00+00:00,Closed,2025-04-07T00:00:00,P0738,aa3749e0-2af5-4c42-b314-e161593785e9,https://data.epa.ie/leap/api/v1/MeetingCorrespondence/meetingbyid?meeting_id=b2feb265-4f1f-4b69-853c-b663afd3c196
Ringsend - D0034,Meeting,,https://leap.epa.ie/licence-profile/D0034/compliance/return/b501eb32-61d3-4453-8d7b-3005235e2f24,2025-04-07T00:00:00+00:00,Closed,2025-04-07T00:00:00,D0034,188b6e9c-77a4-4dd9-895c-17080f6af298,https://data.epa.ie/leap/api/v1/MeetingCorrespondence/meetingbyid?meeting_id=b501eb32-61d3-4453-8d7b-3005235e2f24
Ringsend - D0034,Meeting,,https://leap.epa.ie/licence-profile/D0034/compliance/return/b5ddca9b-b547-48f2-bab1-eaf4d7ec85bd,2025-04-07T00:00:00+00:00,Closed,2025-04-07T00:00:00,D0034,188b6e9c-77a4-4dd9-895c-17080f6af298,https://data.epa.ie/leap/api/v1/MeetingCorrespondence/meetingbyid?meeting_id=b5ddca9b-b547-48f2-bab1-eaf4d7ec85bd
Vermilion Exploration and Production Ireland Limited - P0738,Meeting,,https://leap.epa.ie/licence-profile/P0738/compliance/return/b63eef2e-d4d8-4cb1-9031-395ba7e4fdf7,2025-04-07T00:00:00+00:00,Closed,2025-04-07T00:00:00,P0738,aa3749e0-2af5-4c42-b314-e161593785e9,https://data.epa.ie/leap/api/v1/MeetingCorrespondence/meetingbyid?meeting_id=b63eef2e-d4d8-4cb1-9031-395ba7e4fdf7
Ringsend - D0034,Meeting,,https://leap.epa.ie/licence-profile/D0034/compliance/return/b78143eb-e709-4f1b-a659-3c0153e38fb5,2025-04-07T00:00:00+00:00,Closed,2025-04-07T00:00:00,D0034,188b6e9c-77a4-4dd9-895c-17080f6af298,https://data.epa.ie/leap/api/v1/MeetingCorrespondence/meetingbyid?meeting_id=b78143eb-e709-4f1b-a659-3c0153e38fb5
Ringsend - D0034,Meeting,,https://leap.epa.ie/licence-profile/D0034/compliance/return/b78549d7-199a-4b6a-ab63-b1273eabbb12,2025-04-07T00:00:00+00:00,Closed,2025-04-07T00:00:00,D0034,188b6e9c-77a4-4dd9-895c-17080f6af298,https://data.epa.ie/leap/api/v1/MeetingCorrespondence/meetingbyid?meeting_id=b78549d7-199a-4b6a-ab63-b1273eabbb12
Ringsend - D0034,Meeting,,https://leap.epa.ie/licence-profile/D0034/compliance/return/b82cdc8c-a629-4cc1-8363-c5e7016303d4,2025-04-07T00:00:00+00:00,Closed,2025-04-07T00:00:00,D0034,188b6e9c-77a4-4dd9-895c-17080f6af298,https://data.epa.ie/leap/api/v1/MeetingCorrespondence/meetingbyid?meeting_id=b82cdc8c-a629-4cc1-8363-c5e7016303d4
Ringsend - D0034,Meeting,,https://leap.epa.ie/licence-profile/D0034/compliance/return/b87e88ca-415e-4309-ad9b-6c7c144996ba,2025-04-07T00:00:00+00:00,Closed,2025-04-07T00:00:00,D0034,188b6e9c-77a4-4dd9-895c-17080f6af298,https://data.epa.ie/leap/api/v1/MeetingCorrespondence/meetingbyid?meeting_id=b87e88ca-415e-4309-ad9b-6c7c144996ba
Vermilion Exploration and Production Ireland Limited - P0738,Meeting,,https://leap.epa.ie/licence-profile/P0738/compliance/return/bb31164c-dd42-4f68-9960-a6df656144b0,2025-04-07T00:00:00+00:00,Closed,2025-04-07T00:00:00,P0738,aa3749e0-2af5-4c42-b314-e161593785e9,https://data.epa.ie/leap/api/v1/MeetingCorrespondence/meetingbyid?meeting_id=bb31164c-dd42-4f68-9960-a6df656144b0
Ringsend - D0034,Meeting,,https://leap.epa.ie/licence-profile/D0034/compliance/return/bbf807e1-acd0-4aa5-8dcb-6699590e112d,2025-04-07T00:00:00+00:00,Closed,2025-04-07T00:00:00,D0034,188b6e9c-77a4-4dd9-895c-17080f6af298,https://data.epa.ie/leap/api/v1/MeetingCorrespondence/meetingbyid?meeting_id=bbf807e1-acd0-4aa5-8dcb-6699590e112d
Ringsend - D0034,Meeting,,https://leap.epa.ie/licence-profile/D0034/compliance/return/bc5b9cc6-297f-4309-ac89-8874516eb78d,2025-04-07T00:00:00+00:00,Closed,2025-04-07T00:00:00,D0034,188b6e9c-77a4-4dd9-895c-17080f6af298,https://data.epa.ie/leap/api/v1/MeetingCorrespondence/meetingbyid?meeting_id=bc5b9cc6-297f-4309-ac89-8874516eb78d
Vermilion Exploration and Production Ireland Limited - P0738,Meeting,,https://leap.epa.ie/licence-profile/P0738/compliance/return/bd45f69c-dc0c-4d0f-9e41-f6c78ee8f0e3,2025-04-07T00:00:00+00:00,Closed,2025-04-07T00:00:00,P0738,aa3749e0-2af5-4c42-b314-e161593785e9,https://data.epa.ie/leap/api/v1/MeetingCorrespondence/meetingbyid?meeting_id=bd45f69c-dc0c-4d0f-9e41-f6c78ee8f0e3
Ringsend - D0034,Meeting,,https://leap.epa.ie/licence-profile/D0034/compliance/return/bdd55dfb-a5c6-4458-b73e-594e32fb0b4d,2025-04-07T00:00:00+00:00,Closed,2025-04-07T00:00:00,D0034,188b6e9c-77a4-4dd9-895c-17080f6af298,https://data.epa.ie/leap/api/v1/MeetingCorrespondence/meetingbyid?meeting_id=bdd55dfb-a5c6-4458-b73e-594e32fb0b4d
Ringsend - D0034,Meeting,,https://leap.epa.ie/licence-profile/D0034/compliance/return/bddadfda-c25e-44f9-b357-5c6410984fb3,2025-04-07T00:00:00+00:00,Closed,2025-04-07T00:00:00,D0034,188b6e9c-77a4-4dd9-895c-17080f6af298,https://data.epa.ie/leap/api/v1/MeetingCorrespondence/meetingbyid?meeting_id=bddadfda-c25e-44f9-b357-5c6410984fb3
Ringsend - D0034,Meeting,,https://leap.epa.ie/licence-profile/D0034/compliance/return/be0a781d-2bca-4a4f-8f65-51aee965de00,2025-04-07T00:00:00+00:00,Closed,2025-04-07T00:00:00,D0034,188b6e9c-77a4-4dd9-895c-17080f6af298,https://data.epa.ie/leap/api/v1/MeetingCorrespondence/meetingbyid?meeting_id=be0a781d-2bca-4a4f-8f65-51aee965de00
Vermilion Exploration and Production Ireland Limited - P0738,Meeting,,https://leap.epa.ie/licence-profile/P0738/compliance/return/beeaa131-1130-46bf-a712-8c242e5355de,2025-04-07T00:00:00+00:00,Closed,2025-04-07T00:00:00,P0738,aa3749e0-2af5-4c42-b314-e161593785e9,https://data.epa.ie/leap/api/v1/MeetingCorrespondence/meetingbyid?meeting_id=beeaa131-1130-46bf-a712-8c242e5355de
Vermilion Exploration and Production Ireland Limited - P0738,Meeting,,https://leap.epa.ie/licence-profile/P0738/compliance/return/bf4e23ee-16f6-419c-aacc-a01bac9e6304,2025-04-07T00:00:00+00:00,Closed,2025-04-07T00:00:00,P0738,aa3749e0-2af5-4c42-b314-e161593785e9,https://data.epa.ie/leap/api/v1/MeetingCorrespondence/meetingbyid?meeting_id=bf4e23ee-16f6-419c-aacc-a01bac9e6304
Ringsend - D0034,Meeting,,https://leap.epa.ie/licence-profile/D0034/compliance/return/c015a592-c8de-452e-80ea-816ce007729b,2025-04-07T00:00:00+00:00,Closed,2025-04-07T00:00:00,D0034,188b6e9c-77a4-4dd9-895c-17080f6af298,https://data.epa.ie/leap/api/v1/MeetingCorrespondence/meetingbyid?meeting_id=c015a592-c8de-452e-80ea-816ce007729b
Ringsend - D0034,Meeting,,https://leap.epa.ie/licence-profile/D0034/compliance/return/c092a5d7-90bd-4476-a2ac-4e427f5afa0f,2025-04-07T00:00:00+00:00,Closed,2025-04-07T00:00:00,D0034,188b6e9c-77a4-4dd9-895c-17080f6af298,https://data.epa.ie/leap/api/v1/MeetingCorrespondence/meetingbyid?meeting_id=c092a5d7-90bd-4476-a2ac-4e427f5afa0f
Ringsend - D0034,Meeting,,https://leap.epa.ie/licence-profile/D0034/compliance/return/c0cbad72-328a-4df1-a9be-ee5ed540fdad,2025-04-07T00:00:00+00:00,Closed,2025-04-07T00:00:00,D0034,188b6e9c-77a4-4dd9-895c-17080f6af298,https://data.epa.ie/leap/api/v1/MeetingCorrespondence/meetingbyid?meeting_id=c0cbad72-328a-4df1-a9be-ee5ed540fdad
Vermilion Exploration and Production Ireland Limited - P0738,Meeting,,https://leap.epa.ie/licence-profile/P0738/compliance/return/c144eb4f-eb9a-4c43-a6d5-6b98cfb115fc,2025-04-07T00:00:00+00:00,Closed,2025-04-07T00:00:00,P0738,aa3749e0-2af5-4c42-b314-e161593785e9,https://data.epa.ie/leap/api/v1/MeetingCorrespondence/meetingbyid?meeting_id=c144eb4f-eb9a-4c43-a6d5-6b98cfb115fc
Vermilion Exploration and Production Ireland Limited - P0738,Meeting,,https://leap.epa.ie/licence-profile/P0738/compliance/return/c187994c-18e0-4a2d-bc38-1a4c9f2a64e3,2025-04-07T00:00:00+00:00,Closed,2025-04-07T00:00:00,P0738,aa3749e0-2af5-4c42-b314-e161593785e9,https://data.epa.ie/leap/api/v1/MeetingCorrespondence/meetingbyid?meeting_id=c187994c-18e0-4a2d-bc38-1a4c9f2a64e3
Vermilion Exploration and Production Ireland Limited - P0738,Meeting,,https://leap.epa.ie/licence-profile/P0738/compliance/return/c1b1760a-0f25-4e85-840b-50e8170d9a52,2025-04-07T00:00:00+00:00,Closed,2025-04-07T00:00:00,P0738,aa3749e0-2af5-4c42-b314-e161593785e9,https://data.epa.ie/leap/api/v1/MeetingCorrespondence/meetingbyid?meeting_id=c1b1760a-0f25-4e85-840b-50e8170d9a52
Vermilion Exploration and Production Ireland Limited - P0738,Meeting,,https://leap.epa.ie/licence-profile/P0738/compliance/return/c2bae7a4-a5ce-4265-a347-c24757ecc0ff,2025-04-07T00:00:00+00:00,Closed,2025-04-07T00:00:00,P0738,aa3749e0-2af5-4c42-b314-e161593785e9,https://data.epa.ie/leap/api/v1/MeetingCorrespondence/meetingbyid?meeting_id=c2bae7a4-a5ce-4265-a347-c24757ecc0ff
Vermilion Exploration and Production Ireland Limited - P0738,Meeting,,https://leap.epa.ie/licence-profile/P0738/compliance/return/c3a95fa3-c776-4db1-908f-4b8b4f8f21c8,2025-04-07T00:00:00+00:00,Closed,2025-04-07T00:00:00,P0738,aa3749e0-2af5-4c42-b314-e161593785e9,https://data.epa.ie/leap/api/v1/MeetingCorrespondence/meetingbyid?meeting_id=c3a95fa3-c776-4db1-908f-4b8b4f8f21c8
Ringsend - D0034,Meeting,,https://leap.epa.ie/licence-profile/D0034/compliance/return/c4e797f9-fdd8-49cf-83ac-88f63d430ec9,2025-04-07T00:00:00+00:00,Closed,2025-04-07T00:00:00,D0034,188b6e9c-77a4-4dd9-895c-17080f6af298,https://data.epa.ie/leap/api/v1/MeetingCorrespondence/meetingbyid?meeting_id=c4e797f9-fdd8-49cf-83ac-88f63d430ec9
Vermilion Exploration and Production Ireland Limited - P0738,Meeting,,https://leap.epa.ie/licence-profile/P0738/compliance/return/c4fdf7e1-e035-4e69-ae3b-06a7e61785fd,2025-04-07T00:00:00+00:00,Closed,2025-04-07T00:00:00,P0738,aa3749e0-2af5-4c42-b314-e161593785e9,https://data.epa.ie/leap/api/v1/MeetingCorrespondence/meetingbyid?meeting_id=c4fdf7e1-e035-4e69-ae3b-06a7e61785fd
Ringsend - D0034,Meeting,,https://leap.epa.ie/licence-profile/D0034/compliance/return/c618c0ff-34d0-4090-9198-5f5d5a622978,2025-04-07T00:00:00+00:00,Closed,2025-04-07T00:00:00,D0034,188b6e9c-77a4-4dd9-895c-17080f6af298,https://data.epa.ie/leap/api/v1/MeetingCorrespondence/meetingbyid?meeting_id=c618c0ff-34d0-4090-9198-5f5d5a622978
Ringsend - D0034,Meeting,,https://leap.epa.ie/licence-profile/D0034/compliance/return/c6582c01-a934-4da2-b2d9-ee37e70e0b49,2025-04-07T00:00:00+00:00,Closed,2025-04-07T00:00:00,D0034,188b6e9c-77a4-4dd9-895c-17080f6af298,https://data.epa.ie/leap/api/v1/MeetingCorrespondence/meetingbyid?meeting_id=c6582c01-a934-4da2-b2d9-ee37e70e0b49
Vermilion Exploration and Production Ireland Limited - P0738,Meeting,,https://leap.epa.ie/licence-profile/P0738/compliance/return/c681687b-1df6-40e1-8448-17b30504744e,2025-04-07T00:00:00+00:00,Closed,2025-04-07T00:00:00,P0738,aa3749e0-2af5-4c42-b314-e161593785e9,https://data.epa.ie/leap/api/v1/MeetingCorrespondence/meetingbyid?meeting_id=c681687b-1df6-40e1-8448-17b30504744e
Vermilion Exploration and Production Ireland Limited - P0738,Meeting,,https://leap.epa.ie/licence-profile/P0738/compliance/return/c6dc8108-cef3-429e-9b6c-dbb8b2f32500,2025-04-07T00:00:00+00:00,Closed,2025-04-07T00:00:00,P0738,aa3749e0-2af5-4c42-b314-e161593785e9,https://data.epa.ie/leap/api/v1/MeetingCorrespondence/meetingbyid?meeting_id=c6dc8108-cef3-429e-9b6c-dbb8b2f32500
Vermilion Exploration and Production Ireland Limited - P0738,Meeting,,https://leap.epa.ie/licence-profile/P0738/compliance/return/c6ee067e-f90d-434c-ae47-ee587452f44b,2025-04-07T00:00:00+00:00,Closed,2025-04-07T00:00:00,P0738,aa3749e0-2af5-4c42-b314-e161593785e9,https://data.epa.ie/leap/api/v1/MeetingCorrespondence/meetingbyid?meeting_id=c6ee067e-f90d-434c-ae47-ee587452f44b
Vermilion Exploration and Production Ireland Limited - P0738,Meeting,,https://leap.epa.ie/licence-profile/P0738/compliance/return/c6f4c3f4-77ba-48e5-aa81-b946ba2858ff,2025-04-07T00:00:00+00:00,Closed,2025-04-07T00:00:00,P0738,aa3749e0-2af5-4c42-b314-e161593785e9,https://data.epa.ie/leap/api/v1/MeetingCorrespondence/meetingbyid?meeting_id=c6f4c3f4-77ba-48e5-aa81-b946ba2858ff
Vermilion Exploration and Production Ireland Limited - P0738,Meeting,,https://leap.epa.ie/licence-profile/P0738/compliance/return/c73db950-66e9-4ba3-a552-5e21d67d0b48,2025-04-07T00:00:00+00:00,Closed,2025-04-07T00:00:00,P0738,aa3749e0-2af5-4c42-b314-e161593785e9,https://data.epa.ie/leap/api/v1/MeetingCorrespondence/meetingbyid?meeting_id=c73db950-66e9-4ba3-a552-5e21d67d0b48
Ringsend - D0034,Meeting,,https://leap.epa.ie/licence-profile/D0034/compliance/return/c7f0ce07-bbdc-406a-8308-0ea522e0cd47,2025-04-07T00:00:00+00:00,Closed,2025-04-07T00:00:00,D0034,188b6e9c-77a4-4dd9-895c-17080f6af298,https://data.epa.ie/leap/api/v1/MeetingCorrespondence/meetingbyid?meeting_id=c7f0ce07-bbdc-406a-8308-0ea522e0cd47
Ringsend - D0034,Meeting,,https://leap.epa.ie/licence-profile/D0034/compliance/return/c87ae1b7-087c-4b1f-bdfa-6d7dfe8cb415,2025-04-07T00:00:00+00:00,Closed,2025-04-07T00:00:00,D0034,188b6e9c-77a4-4dd9-895c-17080f6af298,https://data.epa.ie/leap/api/v1/MeetingCorrespondence/meetingbyid?meeting_id=c87ae1b7-087c-4b1f-bdfa-6d7dfe8cb415
Vermilion Exploration and Production Ireland Limited - P0738,Meeting,,https://leap.epa.ie/licence-profile/P0738/compliance/return/ca50eb66-a21c-4062-9e37-319206a45215,2025-04-07T00:00:00+00:00,Closed,2025-04-07T00:00:00,P0738,aa3749e0-2af5-4c42-b314-e161593785e9,https://data.epa.ie/leap/api/v1/MeetingCorrespondence/meetingbyid?meeting_id=ca50eb66-a21c-4062-9e37-319206a45215
Vermilion Exploration and Production Ireland Limited - P0738,Meeting,,https://leap.epa.ie/licence-profile/P0738/compliance/return/ca60111d-b945-4745-a2dd-d13def9c1535,2025-04-07T00:00:00+00:00,Closed,2025-04-07T00:00:00,P0738,aa3749e0-2af5-4c42-b314-e161593785e9,https://data.epa.ie/leap/api/v1/MeetingCorrespondence/meetingbyid?meeting_id=ca60111d-b945-4745-a2dd-d13def9c1535
Ringsend - D0034,Meeting,,https://leap.epa.ie/licence-profile/D0034/compliance/return/ccb4e667-8261-4455-ba58-b07ce75bde0e,2025-04-07T00:00:00+00:00,Closed,2025-04-07T00:00:00,D0034,188b6e9c-77a4-4dd9-895c-17080f6af298,https://data.epa.ie/leap/api/v1/MeetingCorrespondence/meetingbyid?meeting_id=ccb4e667-8261-4455-ba58-b07ce75bde0e
Ringsend - D0034,Meeting,,https://leap.epa.ie/licence-profile/D0034/compliance/return/cccb5f85-bce2-4f09-b0da-4ae5ba2ed57a,2025-04-07T00:00:00+00:00,Closed,2025-04-07T00:00:00,D0034,188b6e9c-77a4-4dd9-895c-17080f6af298,https://data.epa.ie/leap/api/v1/MeetingCorrespondence/meetingbyid?meeting_id=cccb5f85-bce2-4f09-b0da-4ae5ba2ed57a
Ringsend - D0034,Meeting,,https://leap.epa.ie/licence-profile/D0034/compliance/return/cd543b38-b2d3-478e-88f7-b736d0b0222d,2025-04-07T00:00:00+00:00,Closed,2025-04-07T00:00:00,D0034,188b6e9c-77a4-4dd9-895c-17080f6af298,https://data.epa.ie/leap/api/v1/MeetingCorrespondence/meetingbyid?meeting_id=cd543b38-b2d3-478e-88f7-b736d0b0222d
Ringsend - D0034,Meeting,,https://leap.epa.ie/licence-profile/D0034/compliance/return/cf5755d1-7396-41c9-8858-eecb5fcfbc7d,2025-04-07T00:00:00+00:00,Closed,2025-04-07T00:00:00,D0034,188b6e9c-77a4-4dd9-895c-17080f6af298,https://data.epa.ie/leap/api/v1/MeetingCorrespondence/meetingbyid?meeting_id=cf5755d1-7396-41c9-8858-eecb5fcfbc7d
Ringsend - D0034,Meeting,,https://leap.epa.ie/licence-profile/D0034/compliance/return/cf713a51-7baa-493e-abb4-c8a01b71c27b,2025-04-07T00:00:00+00:00,Closed,2025-04-07T00:00:00,D0034,188b6e9c-77a4-4dd9-895c-17080f6af298,https://data.epa.ie/leap/api/v1/MeetingCorrespondence/meetingbyid?meeting_id=cf713a51-7baa-493e-abb4-c8a01b71c27b
Vermilion Exploration and Production Ireland Limited - P0738,Meeting,,https://leap.epa.ie/licence-profile/P0738/compliance/return/d01c15b9-dfca-4c0f-934b-8f0ba59f21cd,2025-04-07T00:00:00+00:00,Closed,2025-04-07T00:00:00,P0738,aa3749e0-2af5-4c42-b314-e161593785e9,https://data.epa.ie/leap/api/v1/MeetingCorrespondence/meetingbyid?meeting_id=d01c15b9-dfca-4c0f-934b-8f0ba59f21cd
Ringsend - D0034,Meeting,,https://leap.epa.ie/licence-profile/D0034/compliance/return/d06517c0-3886-44d9-ae58-d87f462b6acf,2025-04-07T00:00:00+00:00,Closed,2025-04-07T00:00:00,D0034,188b6e9c-77a4-4dd9-895c-17080f6af298,https://data.epa.ie/leap/api/v1/MeetingCorrespondence/meetingbyid?meeting_id=d06517c0-3886-44d9-ae58-d87f462b6acf
Vermilion Exploration and Production Ireland Limited - P0738,Meeting,,https://leap.epa.ie/licence-profile/P0738/compliance/return/d0ae3b6e-0503-4daf-84e7-67fa43263a60,2025-04-07T00:00:00+00:00,Closed,2025-04-07T00:00:00,P0738,aa3749e0-2af5-4c42-b314-e161593785e9,https://data.epa.ie/leap/api/v1/MeetingCorrespondence/meetingbyid?meeting_id=d0ae3b6e-0503-4daf-84e7-67fa43263a60
Ringsend - D0034,Meeting,,https://leap.epa.ie/licence-profile/D0034/compliance/return/d1f4153a-f11f-47ec-8c67-d67be08865a7,2025-04-07T00:00:00+00:00,Closed,2025-04-07T00:00:00,D0034,188b6e9c-77a4-4dd9-895c-17080f6af298,https://data.epa.ie/leap/api/v1/MeetingCorrespondence/meetingbyid?meeting_id=d1f4153a-f11f-47ec-8c67-d67be08865a7
Vermilion Exploration and Production Ireland Limited - P0738,Meeting,,https://leap.epa.ie/licence-profile/P0738/compliance/return/d25828c3-805d-44bc-a558-383bfba4789e,2025-04-07T00:00:00+00:00,Closed,2025-04-07T00:00:00,P0738,aa3749e0-2af5-4c42-b314-e161593785e9,https://data.epa.ie/leap/api/v1/MeetingCorrespondence/meetingbyid?meeting_id=d25828c3-805d-44bc-a558-383bfba4789e
Vermilion Exploration and Production Ireland Limited - P0738,Meeting,,https://leap.epa.ie/licence-profile/P0738/compliance/return/d5d50df8-8e34-4483-9091-70a4c9830078,2025-04-07T00:00:00+00:00,Closed,2025-04-07T00:00:00,P0738,aa3749e0-2af5-4c42-b314-e161593785e9,https://data.epa.ie/leap/api/v1/MeetingCorrespondence/meetingbyid?meeting_id=d5d50df8-8e34-4483-9091-70a4c9830078
Vermilion Exploration and Production Ireland Limited - P0738,Meeting,,https://leap.epa.ie/licence-profile/P0738/compliance/return/d6037c0d-638c-465c-b5ac-8790de2bc741,2025-04-07T00:00:00+00:00,Closed,2025-04-07T00:00:00,P0738,aa3749e0-2af5-4c42-b314-e161593785e9,https://data.epa.ie/leap/api/v1/MeetingCorrespondence/meetingbyid?meeting_id=d6037c0d-638c-465c-b5ac-8790de2bc741
Ringsend - D0034,Meeting,,https://leap.epa.ie/licence-profile/D0034/compliance/return/d61cbf2d-35d5-4672-93ed-2c25709f5ca9,2025-04-07T00:00:00+00:00,Closed,2025-04-07T00:00:00,D0034,188b6e9c-77a4-4dd9-895c-17080f6af298,https://data.epa.ie/leap/api/v1/MeetingCorrespondence/meetingbyid?meeting_id=d61cbf2d-35d5-4672-93ed-2c25709f5ca9
Vermilion Exploration and Production Ireland Limited - P0738,Meeting,,https://leap.epa.ie/licence-profile/P0738/compliance/return/d6508ee9-d114-4341-94b9-8e32ae8adb66,2025-04-07T00:00:00+00:00,Closed,2025-04-07T00:00:00,P0738,aa3749e0-2af5-4c42-b314-e161593785e9,https://data.epa.ie/leap/api/v1/MeetingCorrespondence/meetingbyid?meeting_id=d6508ee9-d114-4341-94b9-8e32ae8adb66
Ringsend - D0034,Meeting,,https://leap.epa.ie/licence-profile/D0034/compliance/return/d6da6c40-0b13-4950-84e7-5efeef832f5e,2025-04-07T00:00:00+00:00,Closed,2025-04-07T00:00:00,D0034,188b6e9c-77a4-4dd9-895c-17080f6af298,https://data.epa.ie/leap/api/v1/MeetingCorrespondence/meetingbyid?meeting_id=d6da6c40-0b13-4950-84e7-5efeef832f5e
Vermilion Exploration and Production Ireland Limited - P0738,Meeting,,https://leap.epa.ie/licence-profile/P0738/compliance/return/d7fa6d54-7579-4664-a355-d400675ca497,2025-04-07T00:00:00+00:00,Closed,2025-04-07T00:00:00,P0738,aa3749e0-2af5-4c42-b314-e161593785e9,https://data.epa.ie/leap/api/v1/MeetingCorrespondence/meetingbyid?meeting_id=d7fa6d54-7579-4664-a355-d400675ca497
Ringsend - D0034,Meeting,,https://leap.epa.ie/licence-profile/D0034/compliance/return/d99b7bb5-8ca2-4b2b-a096-fd4d767526f4,2025-04-07T00:00:00+00:00,Closed,2025-04-07T00:00:00,D0034,188b6e9c-77a4-4dd9-895c-17080f6af298,https://data.epa.ie/leap/api/v1/MeetingCorrespondence/meetingbyid?meeting_id=d99b7bb5-8ca2-4b2b-a096-fd4d767526f4
Ringsend - D0034,Meeting,,https://leap.epa.ie/licence-profile/D0034/compliance/return/da1a4c4c-dd22-4c43-84f9-84b7e567893e,2025-04-07T00:00:00+00:00,Closed,2025-04-07T00:00:00,D0034,188b6e9c-77a4-4dd9-895c-17080f6af298,https://data.epa.ie/leap/api/v1/MeetingCorrespondence/meetingbyid?meeting_id=da1a4c4c-dd22-4c43-84f9-84b7e567893e
Vermilion Exploration and Production Ireland Limited - P0738,Meeting,,https://leap.epa.ie/licence-profile/P0738/compliance/return/da559235-dbc8-47a5-8c5b-eacb2a372af9,2025-04-07T00:00:00+00:00,Closed,2025-04-07T00:00:00,P0738,aa3749e0-2af5-4c42-b314-e161593785e9,https://data.epa.ie/leap/api/v1/MeetingCorrespondence/meetingbyid?meeting_id=da559235-dbc8-47a5-8c5b-eacb2a372af9
Vermilion Exploration and Production Ireland Limited - P0738,Meeting,,https://leap.epa.ie/licence-profile/P0738/compliance/return/db8a3b1c-392d-4924-bcca-86f79de3695d,2025-04-07T00:00:00+00:00,Closed,2025-04-07T00:00:00,P0738,aa3749e0-2af5-4c42-b314-e161593785e9,https://data.epa.ie/leap/api/v1/MeetingCorrespondence/meetingbyid?meeting_id=db8a3b1c-392d-4924-bcca-86f79de3695d
Vermilion Exploration and Production Ireland Limited - P0738,Meeting,,https://leap.epa.ie/licence-profile/P0738/compliance/return/dbfdbb04-dd28-45a4-b42b-2d69b931dc47,2025-04-07T00:00:00+00:00,Closed,2025-04-07T00:00:00,P0738,aa3749e0-2af5-4c42-b314-e161593785e9,https://data.epa.ie/leap/api/v1/MeetingCorrespondence/meetingbyid?meeting_id=dbfdbb04-dd28-45a4-b42b-2d69b931dc47
Ringsend - D0034,Meeting,,https://leap.epa.ie/licence-profile/D0034/compliance/return/dd5aa977-775d-496e-a390-4e4453c95b70,2025-04-07T00:00:00+00:00,Closed,2025-04-07T00:00:00,D0034,188b6e9c-77a4-4dd9-895c-17080f6af298,https://data.epa.ie/leap/api/v1/MeetingCorrespondence/meetingbyid?meeting_id=dd5aa977-775d-496e-a390-4e4453c95b70
Vermilion Exploration and Production Ireland Limited - P0738,Meeting,,https://leap.epa.ie/licence-profile/P0738/compliance/return/de0c5375-116e-4646-a96e-3fcce1ce7fad,2025-04-07T00:00:00+00:00,Closed,2025-04-07T00:00:00,P0738,aa3749e0-2af5-4c42-b314-e161593785e9,https://data.epa.ie/leap/api/v1/MeetingCorrespondence/meetingbyid?meeting_id=de0c5375-116e-4646-a96e-3fcce1ce7fad
Vermilion Exploration and Production Ireland Limited - P0738,Meeting,,https://leap.epa.ie/licence-profile/P0738/compliance/return/de63bbe4-a6d0-4132-a3c7-e47c5d3b5faa,2025-04-07T00:00:00+00:00,Closed,2025-04-07T00:00:00,P0738,aa3749e0-2af5-4c42-b314-e161593785e9,https://data.epa.ie/leap/api/v1/MeetingCorrespondence/meetingbyid?meeting_id=de63bbe4-a6d0-4132-a3c7-e47c5d3b5faa
Vermilion Exploration and Production Ireland Limited - P0738,Meeting,,https://leap.epa.ie/licence-profile/P0738/compliance/return/e046b5a3-656f-4e06-982e-c15641d82284,2025-04-07T00:00:00+00:00,Closed,2025-04-07T00:00:00,P0738,aa3749e0-2af5-4c42-b314-e161593785e9,https://data.epa.ie/leap/api/v1/MeetingCorrespondence/meetingbyid?meeting_id=e046b5a3-656f-4e06-982e-c15641d82284
Vermilion Exploration and Production Ireland Limited - P0738,Meeting,,https://leap.epa.ie/licence-profile/P0738/compliance/return/e0a2ed46-9913-460c-ac73-29fd8a479b3c,2025-04-07T00:00:00+00:00,Closed,2025-04-07T00:00:00,P0738,aa3749e0-2af5-4c42-b314-e161593785e9,https://data.epa.ie/leap/api/v1/MeetingCorrespondence/meetingbyid?meeting_id=e0a2ed46-9913-460c-ac73-29fd8a479b3c
Vermilion Exploration and Production Ireland Limited - P0738,Meeting,,https://leap.epa.ie/licence-profile/P0738/compliance/return/e0a623b6-29ff-4d90-938e-ad604de87423,2025-04-07T00:00:00+00:00,Closed,2025-04-07T00:00:00,P0738,aa3749e0-2af5-4c42-b314-e161593785e9,https://data.epa.ie/leap/api/v1/MeetingCorrespondence/meetingbyid?meeting_id=e0a623b6-29ff-4d90-938e-ad604de87423
Ringsend - D0034,Meeting,,https://leap.epa.ie/licence-profile/D0034/compliance/return/e1757cbb-5324-484d-8652-5c8ca54de10e,2025-04-07T00:00:00+00:00,Closed,2025-04-07T00:00:00,D0034,188b6e9c-77a4-4dd9-895c-17080f6af298,https://data.epa.ie/leap/api/v1/MeetingCorrespondence/meetingbyid?meeting_id=e1757cbb-5324-484d-8652-5c8ca54de10e
Ringsend - D0034,Meeting,,https://leap.epa.ie/licence-profile/D0034/compliance/return/e358a7b7-3e95-4d9e-847e-083d12a87219,2025-04-07T00:00:00+00:00,Closed,2025-04-07T00:00:00,D0034,188b6e9c-77a4-4dd9-895c-17080f6af298,https://data.epa.ie/leap/api/v1/MeetingCorrespondence/meetingbyid?meeting_id=e358a7b7-3e95-4d9e-847e-083d12a87219
Vermilion Exploration and Production Ireland Limited - P0738,Meeting,,https://leap.epa.ie/licence-profile/P0738/compliance/return/e3f20855-2f2f-41f8-9a52-9cd1bd8e0332,2025-04-07T00:00:00+00:00,Closed,2025-04-07T00:00:00,P0738,aa3749e0-2af5-4c42-b314-e161593785e9,https://data.epa.ie/leap/api/v1/MeetingCorrespondence/meetingbyid?meeting_id=e3f20855-2f2f-41f8-9a52-9cd1bd8e0332
Vermilion Exploration and Production Ireland Limited - P0738,Meeting,,https://leap.epa.ie/licence-profile/P0738/compliance/return/e3f43a2d-3d6a-45e0-8304-d3fe1bd0f90e,2025-04-07T00:00:00+00:00,Closed,2025-04-07T00:00:00,P0738,aa3749e0-2af5-4c42-b314-e161593785e9,https://data.epa.ie/leap/api/v1/MeetingCorrespondence/meetingbyid?meeting_id=e3f43a2d-3d6a-45e0-8304-d3fe1bd0f90e
Ringsend - D0034,Meeting,,https://leap.epa.ie/licence-profile/D0034/compliance/return/e42650b5-a23a-4564-b529-9d1200663ca6,2025-04-07T00:00:00+00:00,Closed,2025-04-07T00:00:00,D0034,188b6e9c-77a4-4dd9-895c-17080f6af298,https://data.epa.ie/leap/api/v1/MeetingCorrespondence/meetingbyid?meeting_id=e42650b5-a23a-4564-b529-9d1200663ca6
Vermilion Exploration and Production Ireland Limited - P0738,Meeting,,https://leap.epa.ie/licence-profile/P0738/compliance/return/e4d448ec-4a05-4794-90eb-5cb18f9a053a,2025-04-07T00:00:00+00:00,Closed,2025-04-07T00:00:00,P0738,aa3749e0-2af5-4c42-b314-e161593785e9,https://data.epa.ie/leap/api/v1/MeetingCorrespondence/meetingbyid?meeting_id=e4d448ec-4a05-4794-90eb-5cb18f9a053a
Ringsend - D0034,Meeting,,https://leap.epa.ie/licence-profile/D0034/compliance/return/e4fd4223-bae3-4294-ab30-2968fa8510a0,2025-04-07T00:00:00+00:00,Closed,2025-04-07T00:00:00,D0034,188b6e9c-77a4-4dd9-895c-17080f6af298,https://data.epa.ie/leap/api/v1/MeetingCorrespondence/meetingbyid?meeting_id=e4fd4223-bae3-4294-ab30-2968fa8510a0
Ringsend - D0034,Meeting,,https://leap.epa.ie/licence-profile/D0034/compliance/return/e5a5a3d2-901c-4967-ac5c-da4259ddd876,2025-04-07T00:00:00+00:00,Closed,2025-04-07T00:00:00,D0034,188b6e9c-77a4-4dd9-895c-17080f6af298,https://data.epa.ie/leap/api/v1/MeetingCorrespondence/meetingbyid?meeting_id=e5a5a3d2-901c-4967-ac5c-da4259ddd876
Ringsend - D0034,Meeting,,https://leap.epa.ie/licence-profile/D0034/compliance/return/e5fc4951-0244-48ff-8f11-6af86b6ed9a7,2025-04-07T00:00:00+00:00,Closed,2025-04-07T00:00:00,D0034,188b6e9c-77a4-4dd9-895c-17080f6af298,https://data.epa.ie/leap/api/v1/MeetingCorrespondence/meetingbyid?meeting_id=e5fc4951-0244-48ff-8f11-6af86b6ed9a7
Vermilion Exploration and Production Ireland Limited - P0738,Meeting,,https://leap.epa.ie/licence-profile/P0738/compliance/return/e642a7e0-ae13-47b5-8bc3-8abe1d39cc1d,2025-04-07T00:00:00+00:00,Closed,2025-04-07T00:00:00,P0738,aa3749e0-2af5-4c42-b314-e161593785e9,https://data.epa.ie/leap/api/v1/MeetingCorrespondence/meetingbyid?meeting_id=e642a7e0-ae13-47b5-8bc3-8abe1d39cc1d
Ringsend - D0034,Meeting,,https://leap.epa.ie/licence-profile/D0034/compliance/return/e64b531c-d370-475e-81aa-5b826dd1c0c8,2025-04-07T00:00:00+00:00,Closed,2025-04-07T00:00:00,D0034,188b6e9c-77a4-4dd9-895c-17080f6af298,https://data.epa.ie/leap/api/v1/MeetingCorrespondence/meetingbyid?meeting_id=e64b531c-d370-475e-81aa-5b826dd1c0c8
Vermilion Exploration and Production Ireland Limited - P0738,Meeting,,https://leap.epa.ie/licence-profile/P0738/compliance/return/e753296e-061f-410a-9765-18c471f683ff,2025-04-07T00:00:00+00:00,Closed,2025-04-07T00:00:00,P0738,aa3749e0-2af5-4c42-b314-e161593785e9,https://data.epa.ie/leap/api/v1/MeetingCorrespondence/meetingbyid?meeting_id=e753296e-061f-410a-9765-18c471f683ff
Ringsend - D0034,Meeting,,https://leap.epa.ie/licence-profile/D0034/compliance/return/e7ed015f-6a29-40e9-b760-be140fc0809d,2025-04-07T00:00:00+00:00,Closed,2025-04-07T00:00:00,D0034,188b6e9c-77a4-4dd9-895c-17080f6af298,https://data.epa.ie/leap/api/v1/MeetingCorrespondence/meetingbyid?meeting_id=e7ed015f-6a29-40e9-b760-be140fc0809d
Vermilion Exploration and Production Ireland Limited - P0738,Meeting,,https://leap.epa.ie/licence-profile/P0738/compliance/return/e7fd6309-bbd5-4d59-8017-03acde940c37,2025-04-07T00:00:00+00:00,Closed,2025-04-07T00:00:00,P0738,aa3749e0-2af5-4c42-b314-e161593785e9,https://data.epa.ie/leap/api/v1/MeetingCorrespondence/meetingbyid?meeting_id=e7fd6309-bbd5-4d59-8017-03acde940c37
Vermilion Exploration and Production Ireland Limited - P0738,Meeting,,https://leap.epa.ie/licence-profile/P0738/compliance/return/ea3b2340-41d1-473d-8722-3a01589bb8bc,2025-04-07T00:00:00+00:00,Closed,2025-04-07T00:00:00,P0738,aa3749e0-2af5-4c42-b314-e161593785e9,https://data.epa.ie/leap/api/v1/MeetingCorrespondence/meetingbyid?meeting_id=ea3b2340-41d1-473d-8722-3a01589bb8bc
Vermilion Exploration and Production Ireland Limited - P0738,Meeting,,https://leap.epa.ie/licence-profile/P0738/compliance/return/eaac730e-d356-441f-93e1-847d1af4c911,2025-04-07T00:00:00+00:00,Closed,2025-04-07T00:00:00,P0738,aa3749e0-2af5-4c42-b314-e161593785e9,https://data.epa.ie/leap/api/v1/MeetingCorrespondence/meetingbyid?meeting_id=eaac730e-d356-441f-93e1-847d1af4c911
Vermilion Exploration and Production Ireland Limited - P0738,Meeting,,https://leap.epa.ie/licence-profile/P0738/compliance/return/ecae89c0-e098-468a-935b-f08ef8754779,2025-04-07T00:00:00+00:00,Closed,2025-04-07T00:00:00,P0738,aa3749e0-2af5-4c42-b314-e161593785e9,https://data.epa.ie/leap/api/v1/MeetingCorrespondence/meetingbyid?meeting_id=ecae89c0-e098-468a-935b-f08ef8754779
Ringsend - D0034,Meeting,,https://leap.epa.ie/licence-profile/D0034/compliance/return/ed5be5c6-7e59-4ca9-9160-695696709a88,2025-04-07T00:00:00+00:00,Closed,2025-04-07T00:00:00,D0034,188b6e9c-77a4-4dd9-895c-17080f6af298,https://data.epa.ie/leap/api/v1/MeetingCorrespondence/meetingbyid?meeting_id=ed5be5c6-7e59-4ca9-9160-695696709a88
Ringsend - D0034,Meeting,,https://leap.epa.ie/licence-profile/D0034/compliance/return/edcfb19e-2b15-46b1-a48b-bd9e018ab894,2025-04-07T00:00:00+00:00,Closed,2025-04-07T00:00:00,D0034,188b6e9c-77a4-4dd9-895c-17080f6af298,https://data.epa.ie/leap/api/v1/MeetingCorrespondence/meetingbyid?meeting_id=edcfb19e-2b15-46b1-a48b-bd9e018ab894
Ringsend - D0034,Meeting,,https://leap.epa.ie/licence-profile/D0034/compliance/return/ee101e58-ef7b-47ce-aa2c-33ffe794b95e,2025-04-07T00:00:00+00:00,Closed,2025-04-07T00:00:00,D0034,188b6e9c-77a4-4dd9-895c-17080f6af298,https://data.epa.ie/leap/api/v1/MeetingCorrespondence/meetingbyid?meeting_id=ee101e58-ef7b-47ce-aa2c-33ffe794b95e
Ringsend - D0034,Meeting,,https://leap.epa.ie/licence-profile/D0034/compliance/return/f02aae0e-8045-4d7b-a65e-173fdb65bdb9,2025-04-07T00:00:00+00:00,Closed,2025-04-07T00:00:00,D0034,188b6e9c-77a4-4dd9-895c-17080f6af298,https://data.epa.ie/leap/api/v1/MeetingCorrespondence/meetingbyid?meeting_id=f02aae0e-8045-4d7b-a65e-173fdb65bdb9
Ringsend - D0034,Meeting,,https://leap.epa.ie/licence-profile/D0034/compliance/return/f24036dc-6b4c-45b1-a926-ade9c2d88dbe,2025-04-07T00:00:00+00:00,Closed,2025-04-07T00:00:00,D0034,188b6e9c-77a4-4dd9-895c-17080f6af298,https://data.epa.ie/leap/api/v1/MeetingCorrespondence/meetingbyid?meeting_id=f24036dc-6b4c-45b1-a926-ade9c2d88dbe
Vermilion Exploration and Production Ireland Limited - P0738,Meeting,,https://leap.epa.ie/licence-profile/P0738/compliance/return/f27569e7-258c-453d-94cc-8ea6ec94aee9,2025-04-07T00:00:00+00:00,Closed,2025-04-07T00:00:00,P0738,aa3749e0-2af5-4c42-b314-e161593785e9,https://data.epa.ie/leap/api/v1/MeetingCorrespondence/meetingbyid?meeting_id=f27569e7-258c-453d-94cc-8ea6ec94aee9
Ringsend - D0034,Meeting,,https://leap.epa.ie/licence-profile/D0034/compliance/return/f51bebf4-d3a8-4e70-b9a0-154f1d5eaa65,2025-04-07T00:00:00+00:00,Closed,2025-04-07T00:00:00,D0034,188b6e9c-77a4-4dd9-895c-17080f6af298,https://data.epa.ie/leap/api/v1/MeetingCorrespondence/meetingbyid?meeting_id=f51bebf4-d3a8-4e70-b9a0-154f1d5eaa65
Ringsend - D0034,Meeting,,https://leap.epa.ie/licence-profile/D0034/compliance/return/f53cd406-4195-45ef-93fe-fa539aa421cc,2025-04-07T00:00:00+00:00,Closed,2025-04-07T00:00:00,D0034,188b6e9c-77a4-4dd9-895c-17080f6af298,https://data.epa.ie/leap/api/v1/MeetingCorrespondence/meetingbyid?meeting_id=f53cd406-4195-45ef-93fe-fa539aa421cc
Vermilion Exploration and Production Ireland Limited - P0738,Meeting,,https://leap.epa.ie/licence-profile/P0738/compliance/return/f602879f-de1f-4475-b088-67b2ae79af69,2025-04-07T00:00:00+00:00,Closed,2025-04-07T00:00:00,P0738,aa3749e0-2af5-4c42-b314-e161593785e9,https://data.epa.ie/leap/api/v1/MeetingCorrespondence/meetingbyid?meeting_id=f602879f-de1f-4475-b088-67b2ae79af69
Ringsend - D0034,Meeting,,https://leap.epa.ie/licence-profile/D0034/compliance/return/f757f002-fbae-40cb-8e8c-413903e8bd06,2025-04-07T00:00:00+00:00,Closed,2025-04-07T00:00:00,D0034,188b6e9c-77a4-4dd9-895c-17080f6af298,https://data.epa.ie/leap/api/v1/MeetingCorrespondence/meetingbyid?meeting_id=f757f002-fbae-40cb-8e8c-413903e8bd06
Vermilion Exploration and Production Ireland Limited - P0738,Meeting,,https://leap.epa.ie/licence-profile/P0738/compliance/return/f82cec01-0920-42a8-8632-1ced2e534c8b,2025-04-07T00:00:00+00:00,Closed,2025-04-07T00:00:00,P0738,aa3749e0-2af5-4c42-b314-e161593785e9,https://data.epa.ie/leap/api/v1/MeetingCorrespondence/meetingbyid?meeting_id=f82cec01-0920-42a8-8632-1ced2e534c8b
Ringsend - D0034,Meeting,,https://leap.epa.ie/licence-profile/D0034/compliance/return/f8826d57-9d6d-46a5-8df7-568e124f21ca,2025-04-07T00:00:00+00:00,Closed,2025-04-07T00:00:00,D0034,188b6e9c-77a4-4dd9-895c-17080f6af298,https://data.epa.ie/leap/api/v1/MeetingCorrespondence/meetingbyid?meeting_id=f8826d57-9d6d-46a5-8df7-568e124f21ca
Ringsend - D0034,Meeting,,https://leap.epa.ie/licence-profile/D0034/compliance/return/f9ea35a4-e3ec-486f-b95a-2a259ff27222,2025-04-07T00:00:00+00:00,Closed,2025-04-07T00:00:00,D0034,188b6e9c-77a4-4dd9-895c-17080f6af298,https://data.epa.ie/leap/api/v1/MeetingCorrespondence/meetingbyid?meeting_id=f9ea35a4-e3ec-486f-b95a-2a259ff27222
Vermilion Exploration and Production Ireland Limited - P0738,Meeting,,https://leap.epa.ie/licence-profile/P0738/compliance/return/fb264970-69f2-4ea9-9c21-5f73546307ae,2025-04-07T00:00:00+00:00,Closed,2025-04-07T00:00:00,P0738,aa3749e0-2af5-4c42-b314-e161593785e9,https://data.epa.ie/leap/api/v1/MeetingCorrespondence/meetingbyid?meeting_id=fb264970-69f2-4ea9-9c21-5f73546307ae
Ringsend - D0034,Meeting,,https://leap.epa.ie/licence-profile/D0034/compliance/return/fd651abf-9cad-4ada-b11a-15c6447d8725,2025-04-07T00:00:00+00:00,Closed,2025-04-07T00:00:00,D0034,188b6e9c-77a4-4dd9-895c-17080f6af298,https://data.epa.ie/leap/api/v1/MeetingCorrespondence/meetingbyid?meeting_id=fd651abf-9cad-4ada-b11a-15c6447d8725
Vermilion Exploration and Production Ireland Limited - P0738,Meeting,,https://leap.epa.ie/licence-profile/P0738/compliance/return/fe0e3229-b345-415b-a73d-8bf42543352a,2025-04-07T00:00:00+00:00,Closed,2025-04-07T00:00:00,P0738,aa3749e0-2af5-4c42-b314-e161593785e9,https://data.epa.ie/leap/api/v1/MeetingCorrespondence/meetingbyid?meeting_id=fe0e3229-b345-415b-a73d-8bf42543352a
Ringsend - D0034,Meeting,,https://leap.epa.ie/licence-profile/D0034/compliance/return/ff56c77b-fb7f-4ba5-be4a-a2fe76698349,2025-04-07T00:00:00+00:00,Closed,2025-04-07T00:00:00,D0034,188b6e9c-77a4-4dd9-895c-17080f6af298,https://data.epa.ie/leap/api/v1/MeetingCorrespondence/meetingbyid?meeting_id=ff56c77b-fb7f-4ba5-be4a-a2fe76698349
Kilbarry Landfill Site - W0018,Incident,Abatement equipment off-line,https://leap.epa.ie/licence-profile/W0018/compliance/incident/1e240d68-bcd4-ef11-a36f-0050568a2d1a,2025-04-07T00:00:00,Closed,2025-01-17T00:00:00,W0018,73fbb170-e9d4-4c99-8dc8-9bcaaa1213b5,https://data.epa.ie/leap/api/v1/Incident/byid?incident_id=1e240d68-bcd4-ef11-a36f-0050568a2d1a
Clonegal - A0544,Incident,Spillage,https://leap.epa.ie/licence-profile/A0544/compliance/incident/5e03c14b-eaf5-ef11-a373-0050568a2d1a,2025-04-07T00:00:00,Closed,2025-02-28T00:00:00,A0544,9c7e39f2-2f81-403c-b9d1-69b8bc4d54c0,https://data.epa.ie/leap/api/v1/Incident/byid?incident_id=5e03c14b-eaf5-ef11-a373-0050568a2d1a
Hacketstown Wastewater Treatment Plant - D0243,Incident,Abatement equipment off-line,https://leap.epa.ie/licence-profile/D0243/compliance/incident/6b9323c6-a6fd-ef11-a373-0050568a2d1a,2025-04-07T00:00:00,Closed,2025-03-10T00:00:00,D0243,a31c8b48-e963-447a-bd73-5593aa722d37,https://data.epa.ie/leap/api/v1/Incident/byid?incident_id=6b9323c6-a6fd-ef11-a373-0050568a2d1a
Palatine Wastewater Treatment Plant - D0391,Incident,Breach of ELV,https://leap.epa.ie/licence-profile/D0391/compliance/incident/b4e0f7df-ff0e-f011-a373-0050568a2d1a,2025-04-07T00:00:00,Closed,2025-04-01T00:00:00,D0391,4b0c516c-90ca-4737-a985-7585b3b7250f,https://data.epa.ie/leap/api/v1/Incident/byid?incident_id=b4e0f7df-ff0e-f011-a373-0050568a2d1a
Ringsend - D0034,Incident,Uncontrolled Release,https://leap.epa.ie/licence-profile/D0034/compliance/incident/df523b53-84dd-ef11-a372-0050568a2d1a,2025-04-07T00:00:00,Closed,2025-01-28T00:00:00,D0034,188b6e9c-77a4-4dd9-895c-17080f6af298,https://data.epa.ie/leap/api/v1/Incident/byid?incident_id=df523b53-84dd-ef11-a372-0050568a2d1a
Rilta Environmental - W0185,Monitoring Returns,Submission of Noise Monitoring Report 2024 (W0185-01),https://leap.epa.ie/licence-profile/W0185/compliance/return/00a58772-36de-ef11-a372-0050568a2d1a,2025-04-07T00:00:00,Closed,2025-01-29T00:00:00,W0185,c85e3bb4-24f2-4e38-b99c-6fa0452a819b,https://data.epa.ie/leap/api/v1/LicenseeReturns/byid?lr_id=00a58772-36de-ef11-a372-0050568a2d1a
The Hammond Lane Metal Company Limited - P0997,Requests for Approval and Site Reports,Request for Reduction in Weekly Surface Water Monitoring for 2025,https://leap.epa.ie/licence-profile/P0997/compliance/return/0df96e9b-1ef8-ef11-a373-0050568a2d1a,2025-04-07T00:00:00,Closed,2025-03-03T00:00:00,P0997,77385efd-ce54-e611-9a04-0050568a69e2,https://data.epa.ie/leap/api/v1/LicenseeReturns/byid?lr_id=0df96e9b-1ef8-ef11-a373-0050568a2d1a
Enva Ireland Limited - W0192,Monitoring Returns,Submission of Noise Monitoring Report 2024 (W0192-03),https://leap.epa.ie/licence-profile/W0192/compliance/return/13901718-2ede-ef11-a372-0050568a2d1a,2025-04-07T00:00:00,Closed,2025-01-29T00:00:00,W0192,35efa262-05ef-452d-9117-45726b0eeb98,https://data.epa.ie/leap/api/v1/LicenseeReturns/byid?lr_id=13901718-2ede-ef11-a372-0050568a2d1a
The Hammond Lane Metal Company Limited - P0997,Monitoring Returns,2024 Cork Annual Surface Water Weekly Report,https://leap.epa.ie/licence-profile/P0997/compliance/return/311d3c58-fee3-ef11-a372-0050568a2d1a,2025-04-07T00:00:00,Closed,2025-02-05T00:00:00,P0997,77385efd-ce54-e611-9a04-0050568a69e2,https://data.epa.ie/leap/api/v1/LicenseeReturns/byid?lr_id=311d3c58-fee3-ef11-a372-0050568a2d1a
AbbVie Ireland NL B.V. - P1087,Site Updates/Notifications,Down Time,https://leap.epa.ie/licence-profile/P1087/compliance/return/5b846253-b40f-f011-a373-0050568a2d1a,2025-04-07T00:00:00,Closed,2025-04-02T00:00:00,P1087,4511e834-e339-4039-9d79-5cf184200443,https://data.epa.ie/leap/api/v1/LicenseeReturns/byid?lr_id=5b846253-b40f-f011-a373-0050568a2d1a
AbbVie Ireland NL B.V. - P1087,Site Updates/Notifications,RE : Licensee Return LR093084,https://leap.epa.ie/licence-profile/P1087/compliance/return/64fed84d-e20f-f011-a373-0050568a2d1a,2025-04-07T00:00:00,Closed,2025-04-02T00:00:00,P1087,4511e834-e339-4039-9d79-5cf184200443,https://data.epa.ie/leap/api/v1/LicenseeReturns/byid?lr_id=64fed84d-e20f-f011-a373-0050568a2d1a
Magh nAla Limited - P1000,Monitoring Returns,Q4 air monitoring report 2024,https://leap.epa.ie/licence-profile/P1000/compliance/return/68687ec2-a6f3-ef11-a373-0050568a2d1a,2025-04-07T00:00:00,Closed,2025-02-25T00:00:00,P1000,f0ba95c4-4cc3-e511-987f-0050568a69e2,https://data.epa.ie/leap/api/v1/LicenseeReturns/byid?lr_id=68687ec2-a6f3-ef11-a373-0050568a2d1a
Enva Ireland Limited - W0192,Monitoring Returns,Submission of the Dust Monitoring Report 2024 (W0192-03),https://leap.epa.ie/licence-profile/W0192/compliance/return/75edaa7e-2dde-ef11-a372-0050568a2d1a,2025-04-07T00:00:00,Closed,2025-01-29T00:00:00,W0192,35efa262-05ef-452d-9117-45726b0eeb98,https://data.epa.ie/leap/api/v1/LicenseeReturns/byid?lr_id=75edaa7e-2dde-ef11-a372-0050568a2d1a
Bord Na Móna Recycling Limited - W0222,Monitoring Returns,Annual Noise Monitoring Report 2024,https://leap.epa.ie/licence-profile/W0222/compliance/return/7e278c21-f7de-ef11-a372-0050568a2d1a,2025-04-07T00:00:00,Closed,2025-01-30T00:00:00,W0222,db967645-e5c5-438f-9cb5-7bcf91287c66,https://data.epa.ie/leap/api/v1/LicenseeReturns/byid?lr_id=7e278c21-f7de-ef11-a372-0050568a2d1a
Kenmare Transfer Station - W0086,Monitoring Returns,Annual Foul Water Monitoring Report 2024,https://leap.epa.ie/licence-profile/W0086/compliance/return/7f33412c-10df-ef11-a372-0050568a2d1a,2025-04-07T00:00:00,Closed,2025-01-30T00:00:00,W0086,8f47e3b7-0052-4ced-bf02-259ff066247e,https://data.epa.ie/leap/api/v1/LicenseeReturns/byid?lr_id=7f33412c-10df-ef11-a372-0050568a2d1a
Walshestown Restoration Limited - W0254,Requests for Approval and Site Reports,Proposed Trigger Levels for Groundwater,https://leap.epa.ie/licence-profile/W0254/compliance/return/8dd95e5d-0199-ee11-a354-0050568a2d1a,2025-04-07T00:00:00,Closed,2023-12-12T00:00:00,W0254,af4ef788-0ab5-4ca6-8f58-98bd88a78c59,https://data.epa.ie/leap/api/v1/LicenseeReturns/byid?lr_id=8dd95e5d-0199-ee11-a354-0050568a2d1a
Tulligmore Quarry Solutions Limited - W0255,Monitoring Returns,Groundwater Return 2024,https://leap.epa.ie/licence-profile/W0255/compliance/return/8ebf3286-07df-ef11-a372-0050568a2d1a,2025-04-07T00:00:00,Closed,2025-01-30T00:00:00,W0255,f138c9f0-b24b-4e8b-b827-1cb490ebc9e1,https://data.epa.ie/leap/api/v1/LicenseeReturns/byid?lr_id=8ebf3286-07df-ef11-a372-0050568a2d1a
Rilta Environmental - W0185,Monitoring Returns,Submission of Dust Monitoring Report 2024 (W0185-01),https://leap.epa.ie/licence-profile/W0185/compliance/return/96c215d0-36de-ef11-a372-0050568a2d1a,2025-04-07T00:00:00,Closed,2025-01-29T00:00:00,W0185,c85e3bb4-24f2-4e38-b99c-6fa0452a819b,https://data.epa.ie/leap/api/v1/LicenseeReturns/byid?lr_id=96c215d0-36de-ef11-a372-0050568a2d1a
The Hammond Lane Metal Company Limited - P0997,Site Updates/Notifications,"Response to EPA Rejection of Submitted Report - LR090876, entitled “2024 Cork Annual Dust Report”.",https://leap.epa.ie/licence-profile/P0997/compliance/return/aeba5945-4706-f011-a373-0050568a2d1a,2025-04-07T00:00:00,Closed,2025-03-21T00:00:00,P0997,77385efd-ce54-e611-9a04-0050568a69e2,https://data.epa.ie/leap/api/v1/LicenseeReturns/byid?lr_id=aeba5945-4706-f011-a373-0050568a2d1a
Enva Ireland Limited - W0192,Monitoring Returns,Trade Effluent (SE1) Monitoring Report 2024 (W0192-03),https://leap.epa.ie/licence-profile/W0192/compliance/return/b3408617-2dde-ef11-a372-0050568a2d1a,2025-04-07T00:00:00,Closed,2025-01-29T00:00:00,W0192,35efa262-05ef-452d-9117-45726b0eeb98,https://data.epa.ie/leap/api/v1/LicenseeReturns/byid?lr_id=b3408617-2dde-ef11-a372-0050568a2d1a
Kemek Limited - P0055,Site Updates/Notifications,Kemek Update Response EPA RFI 16-09-2024,https://leap.epa.ie/licence-profile/P0055/compliance/return/bc13d26d-a384-ef11-a36b-0050568a2d1a,2025-04-07T00:00:00,Closed,2024-10-07T00:00:00,P0055,3c6e3bce-0818-4100-a365-1418ea690bc8,https://data.epa.ie/leap/api/v1/LicenseeReturns/byid?lr_id=bc13d26d-a384-ef11-a36b-0050568a2d1a
N&C Enterprises Limited - W0292,Requests for Approval and Site Reports,Request for Approval for SEW to replace Groundwater Well MW15-01 with new well MW25-01,https://leap.epa.ie/licence-profile/W0292/compliance/return/c08b591e-240e-f011-a373-0050568a2d1a,2025-04-07T00:00:00,Closed,2025-03-31T00:00:00,W0292,54f8da29-b073-e711-bce9-0050568a69e2,https://data.epa.ie/leap/api/v1/LicenseeReturns/byid?lr_id=c08b591e-240e-f011-a373-0050568a2d1a
Rilta Environmental - W0185,Monitoring Returns,Submission of Asbestos Monitoring Report 2024 (W0185-01),https://leap.epa.ie/licence-profile/W0185/compliance/return/d188aa75-41de-ef11-a372-0050568a2d1a,2025-04-07T00:00:00,Closed,2025-01-29T00:00:00,W0185,c85e3bb4-24f2-4e38-b99c-6fa0452a819b,https://data.epa.ie/leap/api/v1/LicenseeReturns/byid?lr_id=d188aa75-41de-ef11-a372-0050568a2d1a
Euroflex Teoranta - P0969,Site Updates/Notifications,Temporary change of primary FID,https://leap.epa.ie/licence-profile/P0969/compliance/return/db751e26-d50f-f011-a373-0050568a2d1a,2025-04-07T00:00:00,Closed,2025-04-02T00:00:00,P0969,b72ba093-7044-e711-91cb-0050568a69e2,https://data.epa.ie/leap/api/v1/LicenseeReturns/byid?lr_id=db751e26-d50f-f011-a373-0050568a2d1a
Masonite Ireland - P0021,Site Updates/Notifications,Solvent Management Plan,https://leap.epa.ie/licence-profile/P0021/compliance/return/e00f7b34-2f0e-f011-a373-0050568a2d1a,2025-04-07T00:00:00,Closed,2025-03-31T00:00:00,P0021,2e67f682-f839-42e2-a4d5-7b87c6b1b6fa,https://data.epa.ie/leap/api/v1/LicenseeReturns/byid?lr_id=e00f7b34-2f0e-f011-a373-0050568a2d1a
Milltown Transfer Station - W0069,Monitoring Returns,Annual Foul Water Monitoring Report 2024,https://leap.epa.ie/licence-profile/W0069/compliance/return/e23cf0b1-0fdf-ef11-a372-0050568a2d1a,2025-04-07T00:00:00,Closed,2025-01-30T00:00:00,W0069,4d5ac45c-b366-4216-a527-ff71a55fa71f,https://data.epa.ie/leap/api/v1/LicenseeReturns/byid?lr_id=e23cf0b1-0fdf-ef11-a372-0050568a2d1a
Wexal International Limited - P0394,Site Updates/Notifications,Timeframe to Achieve Water Framework Directive Objectives - RFI Response,https://leap.epa.ie/licence-profile/P0394/compliance/return/e9e5c989-a966-ef11-a36a-b687df52d074,2025-04-07T00:00:00,Closed,2024-08-30T00:00:00,P0394,df83c0e3-5fb9-447a-b1f0-fe0c506abec5,https://data.epa.ie/leap/api/v1/LicenseeReturns/byid?lr_id=e9e5c989-a966-ef11-a36a-b687df52d074
Raffeen Landfill Site - W0023,EPA Initiated Correspondence,,https://leap.epa.ie/licence-profile/W0023/compliance/epa-correspondence/51ad69d8-cc0f-f011-a373-0050568a2d1a,2025-04-07T00:00:00,Closed,2025-04-02T00:00:00,W0023,64dac35e-634e-46e9-83d8-5e9356e64442,https://data.epa.ie/leap/api/v1/MeetingCorrespondence/epainiciatedcorrespondencebyid?epainitiatedcorrespondence_id=51ad69d8-cc0f-f011-a373-0050568a2d1a
Abbott Ireland - P0847,Requests for Approval and Site Reports,VC into SDS Cleanroom,https://leap.epa.ie/licence-profile/P0847/compliance/return/95c742bb-6711-f011-a373-0050568a2d1a,2025-04-04T00:00:00+00:00,Open,2025-04-04T00:00:00,P0847,469fcd00-eb4f-49a1-8c96-0f979b903a97,https://data.epa.ie/leap/api/v1/LicenseeReturns/byid?lr_id=95c742bb-6711-f011-a373-0050568a2d1a
Murphy Concrete Manufacturing Limited - W0151,Monitoring Returns,Annual Report on all Env Monitoring Carried out in 2024,https://leap.epa.ie/licence-profile/W0151/compliance/return/98ed888c-5a11-f011-a373-0050568a2d1a,2025-04-04T00:00:00+00:00,Open,2025-04-04T00:00:00,W0151,3f1a9fe5-1c8d-4be9-8925-fcf8a6738ad6,https://data.epa.ie/leap/api/v1/LicenseeReturns/byid?lr_id=98ed888c-5a11-f011-a373-0050568a2d1a
PDM Timber Treatment Limited - P0325,Monitoring Returns,Surface Water Monitoring Report: February 2025,https://leap.epa.ie/licence-profile/P0325/compliance/return/9a6418ca-4e11-f011-a373-0050568a2d1a,2025-04-04T00:00:00+00:00,Open,2025-04-04T00:00:00,P0325,9a5dfee4-003a-4c50-9ade-d074dff60ab8,https://data.epa.ie/leap/api/v1/LicenseeReturns/byid?lr_id=9a6418ca-4e11-f011-a373-0050568a2d1a
Malahide - D0021,Complaint,Waste water plume from underwater pipe,https://leap.epa.ie/licence-profile/D0021/compliance/complaint/6f92ea77-ab08-f011-a373-0050568a2d1a,2025-04-04T00:00:00,Closed,2025-03-23T00:00:00,D0021,36c60599-2d02-4a10-8a2c-864bbe2586b6,https://data.epa.ie/leap/api/v1/Complaint/byid?complaint_id=6f92ea77-ab08-f011-a373-0050568a2d1a
Ringsend - D0034,Incident,Spillage,https://leap.epa.ie/licence-profile/D0034/compliance/incident/a22ab6f9-f80b-f011-a373-0050568a2d1a,2025-04-04T00:00:00,Closed,2025-03-28T00:00:00,D0034,188b6e9c-77a4-4dd9-895c-17080f6af298,https://data.epa.ie/leap/api/v1/Incident/byid?incident_id=a22ab6f9-f80b-f011-a373-0050568a2d1a
Ringsend - D0034,Incident,Abatement equipment off-line,https://leap.epa.ie/licence-profile/D0034/compliance/incident/a9696a49-04df-ef11-a372-0050568a2d1a,2025-04-04T00:00:00,Closed,2025-01-30T00:00:00,D0034,188b6e9c-77a4-4dd9-895c-17080f6af298,https://data.epa.ie/leap/api/v1/Incident/byid?incident_id=a9696a49-04df-ef11-a372-0050568a2d1a
Ringsend - D0034,Incident,Uncontrolled Release,https://leap.epa.ie/licence-profile/D0034/compliance/incident/b7039b20-8ffd-ef11-a373-0050568a2d1a,2025-04-04T00:00:00,Closed,2025-03-10T00:00:00,D0034,188b6e9c-77a4-4dd9-895c-17080f6af298,https://data.epa.ie/leap/api/v1/Incident/byid?incident_id=b7039b20-8ffd-ef11-a373-0050568a2d1a
Slaney Foods International Unlimited Company - P0047,Requests for Approval and Site Reports,Fuel change 2025,https://leap.epa.ie/licence-profile/P0047/compliance/return/0b8c8c14-b6ee-ef11-a373-0050568a2d1a,2025-04-04T00:00:00,Closed,2025-02-19T00:00:00,P0047,4035f7d3-b2af-46e5-8013-575501921a7d,https://data.epa.ie/leap/api/v1/LicenseeReturns/byid?lr_id=0b8c8c14-b6ee-ef11-a373-0050568a2d1a
Liffey Meats (Cavan) Unlimited Company - P0169,Site Updates/Notifications,Response to visit SV31759,https://leap.epa.ie/licence-profile/P0169/compliance/return/15ac7c0a-a005-f011-a373-0050568a2d1a,2025-04-04T00:00:00,Closed,2025-03-20T00:00:00,P0169,569a2a68-77a9-47c6-9656-6ce7c237c532,https://data.epa.ie/leap/api/v1/LicenseeReturns/byid?lr_id=15ac7c0a-a005-f011-a373-0050568a2d1a
Starrus Eco Holdings Limited (Butlerstown) - W0116,Site Updates/Notifications,Licensee Public Response - SV29481,https://leap.epa.ie/licence-profile/W0116/compliance/return/3a8478d4-5511-f011-a373-0050568a2d1a,2025-04-04T00:00:00,Open,2025-04-04T00:00:00,W0116,c662be03-85fd-4ae7-9eb3-58301d9a088d,https://data.epa.ie/leap/api/v1/LicenseeReturns/byid?lr_id=3a8478d4-5511-f011-a373-0050568a2d1a
Tulligmore Quarry Solutions Limited - W0255,Site Updates/Notifications,Letter of Suitability,https://leap.epa.ie/licence-profile/W0255/compliance/return/3af65c44-110b-f011-a373-0050568a2d1a,2025-04-04T00:00:00,Closed,2025-03-27T00:00:00,W0255,f138c9f0-b24b-4e8b-b827-1cb490ebc9e1,https://data.epa.ie/leap/api/v1/LicenseeReturns/byid?lr_id=3af65c44-110b-f011-a373-0050568a2d1a
Milltown Transfer Station - W0069,Monitoring Returns,Annual Surface Water Monitoring Report 2024,https://leap.epa.ie/licence-profile/W0069/compliance/return/6307fd60-0fdf-ef11-a372-0050568a2d1a,2025-04-04T00:00:00,Closed,2025-01-30T00:00:00,W0069,4d5ac45c-b366-4216-a527-ff71a55fa71f,https://data.epa.ie/leap/api/v1/LicenseeReturns/byid?lr_id=6307fd60-0fdf-ef11-a372-0050568a2d1a
Abbott Ireland (Cootehill) - P0687,Requests for Approval and Site Reports,SW2 monitoring schedule frequency amendment,https://leap.epa.ie/licence-profile/P0687/compliance/return/b26d5653-85fe-ef11-a373-0050568a2d1a,2025-04-04T00:00:00,Closed,2025-03-11T00:00:00,P0687,85ea537d-8839-437b-ac08-e924b4850a0d,https://data.epa.ie/leap/api/v1/LicenseeReturns/byid?lr_id=b26d5653-85fe-ef11-a373-0050568a2d1a
Jazz Pharmaceuticals Ireland Limited - P0987,Requests for Approval and Site Reports,Soil Monitoring Report 2024,https://leap.epa.ie/licence-profile/P0987/compliance/return/c3ac4cc1-2806-f011-a373-0050568a2d1a,2025-04-04T00:00:00,Closed,2025-03-21T00:00:00,P0987,2b177451-53b7-e411-b3b4-0050568a69e2,https://data.epa.ie/leap/api/v1/LicenseeReturns/byid?lr_id=c3ac4cc1-2806-f011-a373-0050568a2d1a
Alltech Farming Solutions Limited - P0555,Site Updates/Notifications,Licensee Public Response - SV28525,https://leap.epa.ie/licence-profile/P0555/compliance/return/dd9eb13c-3b11-f011-a373-0050568a2d1a,2025-04-04T00:00:00,Closed,2025-04-04T00:00:00,P0555,110c15d2-7df2-470d-b6a1-26e4019cfdbb,https://data.epa.ie/leap/api/v1/LicenseeReturns/byid?lr_id=dd9eb13c-3b11-f011-a373-0050568a2d1a
Dublin Waste to Energy Limited - W0232,Site Updates/Notifications,Courtesy Notification on Planned Outage 2025,https://leap.epa.ie/licence-profile/W0232/compliance/return/df520247-c90f-f011-a373-0050568a2d1a,2025-04-04T00:00:00,Closed,2025-04-02T00:00:00,W0232,f6d319cd-ac9c-4fd0-a026-b0d7108bedf1,https://data.epa.ie/leap/api/v1/LicenseeReturns/byid?lr_id=df520247-c90f-f011-a373-0050568a2d1a
Tulligmore Quarry Solutions Limited - W0255,Monitoring Returns,Surface Water Return 2024,https://leap.epa.ie/licence-profile/W0255/compliance/return/fe6b9ef5-07df-ef11-a372-0050568a2d1a,2025-04-04T00:00:00,Closed,2025-01-30T00:00:00,W0255,f138c9f0-b24b-4e8b-b827-1cb490ebc9e1,https://data.epa.ie/leap/api/v1/LicenseeReturns/byid?lr_id=fe6b9ef5-07df-ef11-a372-0050568a2d1a
