licence_profile_name,document_type,title,leap_url,document_date,compliance_status,compliance_date,profilenumber,licenceprofileid,document_url
Omeath - D0547,Complaint,High norovirus results reported in Carlingford lough (Omeath),https://leap.epa.ie/licence-profile/D0547/compliance/complaint/22df2f79-8a60-f011-a373-0050568a2d1a,2025-07-09T00:00:00+00:00,Open,2025-07-09T00:00:00,D0547,d6f81e4a-2a2d-ed11-a30d-0050568a66b2,https://data.epa.ie/leap/api/v1/Complaint/byid?complaint_id=22df2f79-8a60-f011-a373-0050568a2d1a
Greenore Sewerage Scheme - A0075,Complaint,High norovirus results reported in Carlingford lough (Greenore),https://leap.epa.ie/licence-profile/A0075/compliance/complaint/30794331-a060-f011-a373-0050568a2d1a,2025-07-09T00:00:00+00:00,Open,2025-07-09T00:00:00,A0075,3ebebba7-ab0a-4347-87e9-38cacc808e08,https://data.epa.ie/leap/api/v1/Complaint/byid?complaint_id=30794331-a060-f011-a373-0050568a2d1a
Swords - D0024,Complaint,Sewage Smell from SWWTP,https://leap.epa.ie/licence-profile/D0024/compliance/complaint/34a4558c-605d-f011-a373-0050568a2d1a,2025-07-09T00:00:00+00:00,Open,2025-07-09T00:00:00,D0024,b6f6a05d-2001-434b-bbf5-49e2a3c8e6c2,https://data.epa.ie/leap/api/v1/Complaint/byid?complaint_id=34a4558c-605d-f011-a373-0050568a2d1a
Greystones - D0010,Complaint,Toxic fumes again in Greystones,https://leap.epa.ie/licence-profile/D0010/compliance/complaint/4e9ed457-625d-f011-a373-0050568a2d1a,2025-07-09T00:00:00+00:00,Open,2025-07-09T00:00:00,D0010,be0e050e-e607-4daf-b829-5d979b2c6f71,https://data.epa.ie/leap/api/v1/Complaint/byid?complaint_id=4e9ed457-625d-f011-a373-0050568a2d1a
Alert Packaging Limited - P0366,Complaint,"P0366-02, 08/07/2025, Odour",https://leap.epa.ie/licence-profile/P0366/compliance/complaint/52420343-ae5c-f011-a373-0050568a2d1a,2025-07-09T00:00:00+00:00,Open,2025-07-09T00:00:00,P0366,359b4db8-d712-4f91-bbbb-25f7d0633ca6,https://data.epa.ie/leap/api/v1/Complaint/byid?complaint_id=52420343-ae5c-f011-a373-0050568a2d1a
Alert Packaging Limited - P0366,Complaint,"P0366-02, 09/07/2025, Odour",https://leap.epa.ie/licence-profile/P0366/compliance/complaint/965a9c77-ae5c-f011-a373-0050568a2d1a,2025-07-09T00:00:00+00:00,Open,2025-07-09T00:00:00,P0366,359b4db8-d712-4f91-bbbb-25f7d0633ca6,https://data.epa.ie/leap/api/v1/Complaint/byid?complaint_id=965a9c77-ae5c-f011-a373-0050568a2d1a
Muinebheag and Leighlinbridge - D0090,Complaint,Pungent smell and potential discharge to river Barrow,https://leap.epa.ie/licence-profile/D0090/compliance/complaint/aeefd32f-a75c-f011-a373-0050568a2d1a,2025-07-09T00:00:00+00:00,Open,2025-07-09T00:00:00,D0090,4aae32d6-287e-49fb-b97a-22d553ae845f,https://data.epa.ie/leap/api/v1/Complaint/byid?complaint_id=aeefd32f-a75c-f011-a373-0050568a2d1a
Anglo Beef Processors Ireland Unlimited Company trading as ABP Waterford - P0205,Complaint,"P0205-02, 09/07/25, Odour",https://leap.epa.ie/licence-profile/P0205/compliance/complaint/d271ef8e-d35c-f011-a373-0050568a2d1a,2025-07-09T00:00:00+00:00,Open,2025-07-09T00:00:00,P0205,e45b9e00-8ace-4157-b3e3-7a5d07ddea3a,https://data.epa.ie/leap/api/v1/Complaint/byid?complaint_id=d271ef8e-d35c-f011-a373-0050568a2d1a
Carlingford Sewerage Scheme - D0268,Complaint,High norovirus results reported in Carlingford lough (Carlingford),https://leap.epa.ie/licence-profile/D0268/compliance/complaint/ec422895-a060-f011-a373-0050568a2d1a,2025-07-09T00:00:00+00:00,Open,2025-07-09T00:00:00,D0268,ef9df540-4345-401c-8241-0451fddec40f,https://data.epa.ie/leap/api/v1/Complaint/byid?complaint_id=ec422895-a060-f011-a373-0050568a2d1a
Muckish Landfill Site - W0126,Incident,Trigger Level Reached,https://leap.epa.ie/licence-profile/W0126/compliance/incident/05536439-ac5c-f011-a373-0050568a2d1a,2025-07-09T00:00:00+00:00,Open,2025-07-09T00:00:00,W0126,6432f5fc-e5db-4631-87ab-65f8d0f10ba5,https://data.epa.ie/leap/api/v1/Incident/byid?incident_id=05536439-ac5c-f011-a373-0050568a2d1a
Waterville - D0287,Incident,Breach of ELV,https://leap.epa.ie/licence-profile/D0287/compliance/incident/16ce3c6f-9252-f011-a373-0050568a2d1a,2025-07-09T00:00:00+00:00,Closed,2025-06-26T00:00:00,D0287,c294d2f6-33b7-4f91-a38c-4a8453fe736a,https://data.epa.ie/leap/api/v1/Incident/byid?incident_id=16ce3c6f-9252-f011-a373-0050568a2d1a
Glenalla Landfill Site - W0125,Incident,Trigger Level Reached,https://leap.epa.ie/licence-profile/W0125/compliance/incident/349c411b-ab5c-f011-a373-0050568a2d1a,2025-07-09T00:00:00+00:00,Open,2025-07-09T00:00:00,W0125,23fb0e68-265e-4530-8f3b-84591b5514bc,https://data.epa.ie/leap/api/v1/Incident/byid?incident_id=349c411b-ab5c-f011-a373-0050568a2d1a
Mountbolus - A0170,Incident,Abatement equipment off-line,https://leap.epa.ie/licence-profile/A0170/compliance/incident/415a27ca-1046-f011-a373-0050568a2d1a,2025-07-09T00:00:00+00:00,Closed,2025-06-10T00:00:00,A0170,d8212d6e-ef81-461b-b96c-b4caaddd21d1,https://data.epa.ie/leap/api/v1/Incident/byid?incident_id=415a27ca-1046-f011-a373-0050568a2d1a
Borris-in-Ossory - D0290,Incident,Abatement equipment off-line,https://leap.epa.ie/licence-profile/D0290/compliance/incident/559da8ee-b55c-f011-a373-0050568a2d1a,2025-07-09T00:00:00+00:00,Open,2025-07-09T00:00:00,D0290,bd5c9f41-2d1c-4767-b32a-e05b19568076,https://data.epa.ie/leap/api/v1/Incident/byid?incident_id=559da8ee-b55c-f011-a373-0050568a2d1a
Malahide - D0021,Incident,Abatement equipment off-line,https://leap.epa.ie/licence-profile/D0021/compliance/incident/56888aad-d35c-f011-a373-0050568a2d1a,2025-07-09T00:00:00+00:00,Open,2025-07-09T00:00:00,D0021,36c60599-2d02-4a10-8a2c-864bbe2586b6,https://data.epa.ie/leap/api/v1/Incident/byid?incident_id=56888aad-d35c-f011-a373-0050568a2d1a
Churchtown Landfill - W0062,Incident,Trigger Level Reached,https://leap.epa.ie/licence-profile/W0062/compliance/incident/57103a06-a65c-f011-a373-0050568a2d1a,2025-07-09T00:00:00+00:00,Open,2025-07-09T00:00:00,W0062,2aee786a-3e62-4fe0-9010-d9c5f81a3461,https://data.epa.ie/leap/api/v1/Incident/byid?incident_id=57103a06-a65c-f011-a373-0050568a2d1a
Churchtown Landfill - W0062,Incident,Breach of ELV,https://leap.epa.ie/licence-profile/W0062/compliance/incident/598db7fa-a65c-f011-a373-0050568a2d1a,2025-07-09T00:00:00+00:00,Open,2025-07-09T00:00:00,W0062,2aee786a-3e62-4fe0-9010-d9c5f81a3461,https://data.epa.ie/leap/api/v1/Incident/byid?incident_id=598db7fa-a65c-f011-a373-0050568a2d1a
Kenmare Transfer Station - W0086,Incident,Trigger Level Reached,https://leap.epa.ie/licence-profile/W0086/compliance/incident/9a7213e5-ce51-f011-a373-0050568a2d1a,2025-07-09T00:00:00+00:00,Closed,2025-06-25T00:00:00,W0086,8f47e3b7-0052-4ced-bf02-259ff066247e,https://data.epa.ie/leap/api/v1/Incident/byid?incident_id=9a7213e5-ce51-f011-a373-0050568a2d1a
Dava Farms Limited - P0913,Incident,Trigger Level Reached,https://leap.epa.ie/licence-profile/P0913/compliance/incident/a9401c0e-b45c-f011-a373-0050568a2d1a,2025-07-09T00:00:00+00:00,Open,2025-07-09T00:00:00,P0913,3ba83006-0e43-4e64-bbe9-55b29b260568,https://data.epa.ie/leap/api/v1/Incident/byid?incident_id=a9401c0e-b45c-f011-a373-0050568a2d1a
Balbriggan - D0023,Incident,Uncontrolled Release,https://leap.epa.ie/licence-profile/D0023/compliance/incident/ac750d80-cc55-f011-a373-0050568a2d1a,2025-07-09T00:00:00+00:00,Closed,2025-06-30T00:00:00,D0023,be170d92-a967-4d47-bcfa-6ef7f147d8a9,https://data.epa.ie/leap/api/v1/Incident/byid?incident_id=ac750d80-cc55-f011-a373-0050568a2d1a
"Ticknevin, Abbey Court - A0124",Incident,Uncontrolled Release,https://leap.epa.ie/licence-profile/A0124/compliance/incident/b3803465-a15c-f011-a373-0050568a2d1a,2025-07-09T00:00:00+00:00,Open,2025-07-09T00:00:00,A0124,813a85c6-4666-4feb-941e-a69047ed57fa,https://data.epa.ie/leap/api/v1/Incident/byid?incident_id=b3803465-a15c-f011-a373-0050568a2d1a
Walshestown Restoration Limited - W0254,Incident,Trigger Level Reached,https://leap.epa.ie/licence-profile/W0254/compliance/incident/b555e0c2-a95c-f011-a373-0050568a2d1a,2025-07-09T00:00:00+00:00,Open,2025-07-09T00:00:00,W0254,af4ef788-0ab5-4ca6-8f58-98bd88a78c59,https://data.epa.ie/leap/api/v1/Incident/byid?incident_id=b555e0c2-a95c-f011-a373-0050568a2d1a
Glenalla Landfill Site - W0125,Incident,Trigger Level Reached,https://leap.epa.ie/licence-profile/W0125/compliance/incident/e1f08e3e-aa5c-f011-a373-0050568a2d1a,2025-07-09T00:00:00+00:00,Open,2025-07-09T00:00:00,W0125,23fb0e68-265e-4530-8f3b-84591b5514bc,https://data.epa.ie/leap/api/v1/Incident/byid?incident_id=e1f08e3e-aa5c-f011-a373-0050568a2d1a
Glin - D0504,Annual Environmental Report,AER 2024,https://leap.epa.ie/licence-profile/D0504/compliance/return/01e653e9-cb5c-f011-a373-0050568a2d1a,2025-07-09T00:00:00+00:00,Open,2025-07-09T00:00:00,D0504,4e8653ef-939b-448b-a2d0-9e40974b1da6,https://data.epa.ie/leap/api/v1/LicenseeReturns/byid?lr_id=01e653e9-cb5c-f011-a373-0050568a2d1a
Ballindine - D0355,Annual Environmental Report,AER 2024,https://leap.epa.ie/licence-profile/D0355/compliance/return/078e8257-bc5c-f011-a373-0050568a2d1a,2025-07-09T00:00:00+00:00,Open,2025-07-09T00:00:00,D0355,c76825ba-c593-4906-bd7e-1fa7e9916c14,https://data.epa.ie/leap/api/v1/LicenseeReturns/byid?lr_id=078e8257-bc5c-f011-a373-0050568a2d1a
Dungarvan - D0017,Annual Environmental Report,AER 2024,https://leap.epa.ie/licence-profile/D0017/compliance/return/0f594dda-c65c-f011-a373-0050568a2d1a,2025-07-09T00:00:00+00:00,Open,2025-07-09T00:00:00,D0017,a8d218c7-2b76-48f1-ab61-f3240d2de35e,https://data.epa.ie/leap/api/v1/LicenseeReturns/byid?lr_id=0f594dda-c65c-f011-a373-0050568a2d1a
Dunmore East - D0170,Annual Environmental Report,AER 2024,https://leap.epa.ie/licence-profile/D0170/compliance/return/1aa6aba5-cc5c-f011-a373-0050568a2d1a,2025-07-09T00:00:00+00:00,Open,2025-07-09T00:00:00,D0170,4bfc2eb4-382c-4c8a-8ea0-440516bf9095,https://data.epa.ie/leap/api/v1/LicenseeReturns/byid?lr_id=1aa6aba5-cc5c-f011-a373-0050568a2d1a
Foynes - D0502,Annual Environmental Report,AER 2024,https://leap.epa.ie/licence-profile/D0502/compliance/return/1af4e0be-cb5c-f011-a373-0050568a2d1a,2025-07-09T00:00:00+00:00,Open,2025-07-09T00:00:00,D0502,3d1618d3-e79b-4eec-b349-7815a787e188,https://data.epa.ie/leap/api/v1/LicenseeReturns/byid?lr_id=1af4e0be-cb5c-f011-a373-0050568a2d1a
Roscommon Landfill Facility - W0073,Monitoring Returns,Roscommon Landfill Gas Monitoring (Q1 &Q2),https://leap.epa.ie/licence-profile/W0073/compliance/return/21354906-dd5c-f011-a373-0050568a2d1a,2025-07-09T00:00:00+00:00,Open,2025-07-09T00:00:00,W0073,ccc5179c-0e6e-4b82-8a3a-40174cbc0577,https://data.epa.ie/leap/api/v1/LicenseeReturns/byid?lr_id=21354906-dd5c-f011-a373-0050568a2d1a
Edgeworthstown - D0098,Annual Environmental Report,AER 2024,https://leap.epa.ie/licence-profile/D0098/compliance/return/2442b1a7-bb5c-f011-a373-0050568a2d1a,2025-07-09T00:00:00+00:00,Open,2025-07-09T00:00:00,D0098,9d9129d9-cc89-4fb9-99ee-5314ec0911ed,https://data.epa.ie/leap/api/v1/LicenseeReturns/byid?lr_id=2442b1a7-bb5c-f011-a373-0050568a2d1a
Kilmacow - D0525,Annual Environmental Report,AER 2024,https://leap.epa.ie/licence-profile/D0525/compliance/return/2553a383-cb5c-f011-a373-0050568a2d1a,2025-07-09T00:00:00+00:00,Open,2025-07-09T00:00:00,D0525,22c452f7-2d93-46fa-95a8-f388f7192348,https://data.epa.ie/leap/api/v1/LicenseeReturns/byid?lr_id=2553a383-cb5c-f011-a373-0050568a2d1a
Kenmare - D0184,Site Updates/Notifications,Incident - silt water,https://leap.epa.ie/licence-profile/D0184/compliance/return/2c60e066-8131-f011-a373-0050568a2d1a,2025-07-09T00:00:00+00:00,Closed,2025-05-15T00:00:00,D0184,4656340c-af40-478a-bacf-5ca790ebb027,https://data.epa.ie/leap/api/v1/LicenseeReturns/byid?lr_id=2c60e066-8131-f011-a373-0050568a2d1a
Cooksgrove Limited t/a Euro Farm Foods - P0822,Site Updates/Notifications,Licensee Public Response - SV31721,https://leap.epa.ie/licence-profile/P0822/compliance/return/3e771c6d-4e57-f011-a373-0050568a2d1a,2025-07-09T00:00:00+00:00,Closed,2025-07-02T00:00:00,P0822,334cf098-0009-42c7-a753-2d5b63f39915,https://data.epa.ie/leap/api/v1/LicenseeReturns/byid?lr_id=3e771c6d-4e57-f011-a373-0050568a2d1a
Clonmel - D0035,Annual Environmental Report,AER 2024,https://leap.epa.ie/licence-profile/D0035/compliance/return/43084017-bd5c-f011-a373-0050568a2d1a,2025-07-09T00:00:00+00:00,Open,2025-07-09T00:00:00,D0035,9b4b9942-569e-47a8-a5c0-9467ca361530,https://data.epa.ie/leap/api/v1/LicenseeReturns/byid?lr_id=43084017-bd5c-f011-a373-0050568a2d1a
Roscommon Landfill Facility - W0073,Monitoring Returns,Surface water Results Q2,https://leap.epa.ie/licence-profile/W0073/compliance/return/444bb605-df5c-f011-a373-0050568a2d1a,2025-07-09T00:00:00+00:00,Open,2025-07-09T00:00:00,W0073,ccc5179c-0e6e-4b82-8a3a-40174cbc0577,https://data.epa.ie/leap/api/v1/LicenseeReturns/byid?lr_id=444bb605-df5c-f011-a373-0050568a2d1a
Woodville Pig Farms Unlimited Company - P0467,Monitoring Returns,Water results for 2024,https://leap.epa.ie/licence-profile/P0467/compliance/return/4f7972c7-9b26-f011-a373-0050568a2d1a,2025-07-09T00:00:00+00:00,Closed,2025-05-01T00:00:00,P0467,485a5240-52dc-410d-9e96-d912b91a4dc2,https://data.epa.ie/leap/api/v1/LicenseeReturns/byid?lr_id=4f7972c7-9b26-f011-a373-0050568a2d1a
Ballaghaderreen Landfill - W0059,Monitoring Returns,Ballaghaderreen Landfill Gas,https://leap.epa.ie/licence-profile/W0059/compliance/return/4fde3055-d25c-f011-a373-0050568a2d1a,2025-07-09T00:00:00+00:00,Open,2025-07-09T00:00:00,W0059,c51e6c94-eef1-4cbe-ab2e-a444cad2a64f,https://data.epa.ie/leap/api/v1/LicenseeReturns/byid?lr_id=4fde3055-d25c-f011-a373-0050568a2d1a
Balbriggan - D0023,Annual Environmental Report,AER 2024,https://leap.epa.ie/licence-profile/D0023/compliance/return/4ffb0c0f-b65c-f011-a373-0050568a2d1a,2025-07-09T00:00:00+00:00,Open,2025-07-09T00:00:00,D0023,be170d92-a967-4d47-bcfa-6ef7f147d8a9,https://data.epa.ie/leap/api/v1/LicenseeReturns/byid?lr_id=4ffb0c0f-b65c-f011-a373-0050568a2d1a
"SRCL Limited (Kylemore Road) trading as Eco-Safe Systems Ltd, Allied Industrial Estate, Kylemore Roa",Site Updates/Notifications,New Management Team,https://leap.epa.ie/licence-profile/W0054/compliance/return/53ea0726-8d52-f011-a373-0050568a2d1a,2025-07-09T00:00:00+00:00,Closed,2025-06-26T00:00:00,W0054,7e56b05f-0bea-4d16-95d3-ece4f0ae0c2e,https://data.epa.ie/leap/api/v1/LicenseeReturns/byid?lr_id=53ea0726-8d52-f011-a373-0050568a2d1a
Derryconnell Landfill - W0089,Monitoring Returns,2024 Macroinvertebrate Biological Survey Report,https://leap.epa.ie/licence-profile/W0089/compliance/return/5466bd51-08eb-ef11-a372-0050568a2d1a,2025-07-09T00:00:00+00:00,Closed,2025-02-14T00:00:00,W0089,c5f9f996-c1ee-425d-8df2-74467f5bcc26,https://data.epa.ie/leap/api/v1/LicenseeReturns/byid?lr_id=5466bd51-08eb-ef11-a372-0050568a2d1a
Hacketstown Wastewater Treatment Plant - D0243,Annual Environmental Report,AER 2024,https://leap.epa.ie/licence-profile/D0243/compliance/return/5b153cd7-ca5c-f011-a373-0050568a2d1a,2025-07-09T00:00:00+00:00,Open,2025-07-09T00:00:00,D0243,a31c8b48-e963-447a-bd73-5593aa722d37,https://data.epa.ie/leap/api/v1/LicenseeReturns/byid?lr_id=5b153cd7-ca5c-f011-a373-0050568a2d1a
The Hammond Lane Metal Company Limited - P0997,Monitoring Returns,2024 Cork Annual Surface Water Bi Annual Report,https://leap.epa.ie/licence-profile/P0997/compliance/return/61e1e7c2-fee3-ef11-a372-0050568a2d1a,2025-07-09T00:00:00+00:00,Closed,2025-02-05T00:00:00,P0997,77385efd-ce54-e611-9a04-0050568a69e2,https://data.epa.ie/leap/api/v1/LicenseeReturns/byid?lr_id=61e1e7c2-fee3-ef11-a372-0050568a2d1a
Ballaghaderreen Landfill - W0059,Monitoring Returns,"Ballaghaderreen Leachate, Surface Water & Ground Water",https://leap.epa.ie/licence-profile/W0059/compliance/return/6386c6e6-d55c-f011-a373-0050568a2d1a,2025-07-09T00:00:00+00:00,Open,2025-07-09T00:00:00,W0059,c51e6c94-eef1-4cbe-ab2e-a444cad2a64f,https://data.epa.ie/leap/api/v1/LicenseeReturns/byid?lr_id=6386c6e6-d55c-f011-a373-0050568a2d1a
Ferns and Environs - D0169,Annual Environmental Report,AER 2024,https://leap.epa.ie/licence-profile/D0169/compliance/return/6cde5ae3-cc5c-f011-a373-0050568a2d1a,2025-07-09T00:00:00+00:00,Open,2025-07-09T00:00:00,D0169,b1e5f1a2-34ef-4e75-bbae-4f1a66696db5,https://data.epa.ie/leap/api/v1/LicenseeReturns/byid?lr_id=6cde5ae3-cc5c-f011-a373-0050568a2d1a
Derryclure Landfill - W0029,Site Updates/Notifications,Response to NCO 32074,https://leap.epa.ie/licence-profile/W0029/compliance/return/70987c44-cc4d-f011-a373-0050568a2d1a,2025-07-09T00:00:00+00:00,Closed,2025-06-20T00:00:00,W0029,a3148361-f26a-4d49-b615-f37a0a243e7b,https://data.epa.ie/leap/api/v1/LicenseeReturns/byid?lr_id=70987c44-cc4d-f011-a373-0050568a2d1a
New Ross - D0036,Annual Environmental Report,AER 2024,https://leap.epa.ie/licence-profile/D0036/compliance/return/790b7da6-c75c-f011-a373-0050568a2d1a,2025-07-09T00:00:00+00:00,Open,2025-07-09T00:00:00,D0036,72e23e2a-5475-4958-9402-714fd0bb2aad,https://data.epa.ie/leap/api/v1/LicenseeReturns/byid?lr_id=790b7da6-c75c-f011-a373-0050568a2d1a
Ballycanew and Environs - D0402,Annual Environmental Report,AER 2024,https://leap.epa.ie/licence-profile/D0402/compliance/return/7aec1239-c85c-f011-a373-0050568a2d1a,2025-07-09T00:00:00+00:00,Open,2025-07-09T00:00:00,D0402,866f63a6-8e7d-4236-90c4-364cf7285c8f,https://data.epa.ie/leap/api/v1/LicenseeReturns/byid?lr_id=7aec1239-c85c-f011-a373-0050568a2d1a
Ardfinnan - D0311,Annual Environmental Report,AER 2024,https://leap.epa.ie/licence-profile/D0311/compliance/return/7cb1a155-bd5c-f011-a373-0050568a2d1a,2025-07-09T00:00:00+00:00,Open,2025-07-09T00:00:00,D0311,8b5d634b-a80f-40a3-a901-c2cbd86d416d,https://data.epa.ie/leap/api/v1/LicenseeReturns/byid?lr_id=7cb1a155-bd5c-f011-a373-0050568a2d1a
Baile Na nGall - D0358,Annual Environmental Report,AER 2024,https://leap.epa.ie/licence-profile/D0358/compliance/return/7d0c6233-c75c-f011-a373-0050568a2d1a,2025-07-09T00:00:00+00:00,Open,2025-07-09T00:00:00,D0358,794485f0-6190-4858-aacd-1001f377f294,https://data.epa.ie/leap/api/v1/LicenseeReturns/byid?lr_id=7d0c6233-c75c-f011-a373-0050568a2d1a
Glenbeigh - D0286,Site Updates/Notifications,Phosphorus Removal Programme - Glenbeigh WWTP - Civil works commencement 26 May 2025,https://leap.epa.ie/licence-profile/D0286/compliance/return/7df26b68-7a35-f011-a373-0050568a2d1a,2025-07-09T00:00:00+00:00,Closed,2025-05-20T00:00:00,D0286,5b302593-499d-4893-aae6-49d9941116c0,https://data.epa.ie/leap/api/v1/LicenseeReturns/byid?lr_id=7df26b68-7a35-f011-a373-0050568a2d1a
College Proteins Unlimited Company - P0037,Site Updates/Notifications,Letter re site visit SV32380,https://leap.epa.ie/licence-profile/P0037/compliance/return/7e93f7df-0d45-f011-a373-0050568a2d1a,2025-07-09T00:00:00+00:00,Closed,2025-06-09T00:00:00,P0037,8a6ba98b-6dc6-4dba-8168-24662ac3fd48,https://data.epa.ie/leap/api/v1/LicenseeReturns/byid?lr_id=7e93f7df-0d45-f011-a373-0050568a2d1a
Ballaghveny Landfill - W0078,Monitoring Returns,2024 Ballaghveny Landfill Leachate Report.,https://leap.epa.ie/licence-profile/W0078/compliance/return/7ea718e3-e6ea-ef11-a372-0050568a2d1a,2025-07-09T00:00:00+00:00,Closed,2025-02-14T00:00:00,W0078,5979b920-a267-4a80-9f3e-e63c4e930d60,https://data.epa.ie/leap/api/v1/LicenseeReturns/byid?lr_id=7ea718e3-e6ea-ef11-a372-0050568a2d1a
Derryconnell Landfill - W0089,Monitoring Returns,2024 Annual Groundwater Report,https://leap.epa.ie/licence-profile/W0089/compliance/return/806c9c8d-07eb-ef11-a372-0050568a2d1a,2025-07-09T00:00:00+00:00,Closed,2025-02-14T00:00:00,W0089,c5f9f996-c1ee-425d-8df2-74467f5bcc26,https://data.epa.ie/leap/api/v1/LicenseeReturns/byid?lr_id=806c9c8d-07eb-ef11-a372-0050568a2d1a
Lower Liffey Valley Regional Sewerage Scheme - D0004,Site Updates/Notifications,Notification- Removal of two aeration basins from service,https://leap.epa.ie/licence-profile/D0004/compliance/return/84ccedd7-d25c-f011-a373-0050568a2d1a,2025-07-09T00:00:00+00:00,Open,2025-07-09T00:00:00,D0004,7196c04b-4bd8-478e-99af-010482136e26,https://data.epa.ie/leap/api/v1/LicenseeReturns/byid?lr_id=84ccedd7-d25c-f011-a373-0050568a2d1a
Donohill Landfill - W0074,Annual Environmental Report,2024 Donohill CA & Landfill Annual Environmental Report,https://leap.epa.ie/licence-profile/W0074/compliance/return/86d060e0-af5c-f011-a373-0050568a2d1a,2025-07-09T00:00:00+00:00,Open,2025-07-09T00:00:00,W0074,cdb83cc9-092b-4574-ab13-4711ac3355c0,https://data.epa.ie/leap/api/v1/LicenseeReturns/byid?lr_id=86d060e0-af5c-f011-a373-0050568a2d1a
Ballyheigue - D0186,Annual Environmental Report,AER 2024,https://leap.epa.ie/licence-profile/D0186/compliance/return/871dd08b-b95c-f011-a373-0050568a2d1a,2025-07-09T00:00:00+00:00,Open,2025-07-09T00:00:00,D0186,e264b9ef-6a03-4347-81f7-b29662ee0ca2,https://data.epa.ie/leap/api/v1/LicenseeReturns/byid?lr_id=871dd08b-b95c-f011-a373-0050568a2d1a
Barclay Chemicals Manufacturing Limited - P0522,Requests for Approval and Site Reports,Updated FW-RA & FW-RMP (EPA043416),https://leap.epa.ie/licence-profile/P0522/compliance/return/8a796227-9a5c-f011-a373-0050568a2d1a,2025-07-09T00:00:00+00:00,Closed,2025-07-09T00:00:00,P0522,ce5e8581-496b-4350-908d-00982ca6fb6a,https://data.epa.ie/leap/api/v1/LicenseeReturns/byid?lr_id=8a796227-9a5c-f011-a373-0050568a2d1a
Derryconnell Landfill - W0089,Monitoring Returns,2024 Annual Surface Water Report,https://leap.epa.ie/licence-profile/W0089/compliance/return/8bc270cb-07eb-ef11-a372-0050568a2d1a,2025-07-09T00:00:00+00:00,Closed,2025-02-14T00:00:00,W0089,c5f9f996-c1ee-425d-8df2-74467f5bcc26,https://data.epa.ie/leap/api/v1/LicenseeReturns/byid?lr_id=8bc270cb-07eb-ef11-a372-0050568a2d1a
North Kerry Landfill Site - W0001,Site Updates/Notifications,Reply to SV30717 - Update Report - June 2025,https://leap.epa.ie/licence-profile/W0001/compliance/return/9b48d303-1c42-f011-a373-0050568a2d1a,2025-07-09T00:00:00+00:00,Closed,2025-06-05T00:00:00,W0001,53b2aeda-052d-4b0b-b4bd-396d5fca94bb,https://data.epa.ie/leap/api/v1/LicenseeReturns/byid?lr_id=9b48d303-1c42-f011-a373-0050568a2d1a
Palatine Wastewater Treatment Plant - D0391,Annual Environmental Report,AER 2024,https://leap.epa.ie/licence-profile/D0391/compliance/return/9bade201-cb5c-f011-a373-0050568a2d1a,2025-07-09T00:00:00+00:00,Open,2025-07-09T00:00:00,D0391,4b0c516c-90ca-4737-a985-7585b3b7250f,https://data.epa.ie/leap/api/v1/LicenseeReturns/byid?lr_id=9bade201-cb5c-f011-a373-0050568a2d1a
Starrus Eco Holdings Limited (Gorey) - W0220,Site Updates/Notifications,interceptor maintenance records and wastewater removal records to date,https://leap.epa.ie/licence-profile/W0220/compliance/return/9eea1ec3-ae5c-f011-a373-0050568a2d1a,2025-07-09T00:00:00+00:00,Closed,2025-07-09T00:00:00,W0220,0590f998-881d-48ac-b999-703f85ed9bf1,https://data.epa.ie/leap/api/v1/LicenseeReturns/byid?lr_id=9eea1ec3-ae5c-f011-a373-0050568a2d1a
Kingspan Building Products Limited - P0065,Site Updates/Notifications,ODS and F-Gas Maintenance and Leak Check Records,https://leap.epa.ie/licence-profile/P0065/compliance/return/a10208b3-e316-f011-a373-0050568a2d1a,2025-07-09T00:00:00+00:00,Closed,2025-04-11T00:00:00,P0065,41bfea9c-c15a-4569-9cdf-a90959127188,https://data.epa.ie/leap/api/v1/LicenseeReturns/byid?lr_id=a10208b3-e316-f011-a373-0050568a2d1a
Roscommon Landfill Facility - W0073,Monitoring Returns,Leachate Results Q2,https://leap.epa.ie/licence-profile/W0073/compliance/return/a1030639-e05c-f011-a373-0050568a2d1a,2025-07-09T00:00:00+00:00,Open,2025-07-09T00:00:00,W0073,ccc5179c-0e6e-4b82-8a3a-40174cbc0577,https://data.epa.ie/leap/api/v1/LicenseeReturns/byid?lr_id=a1030639-e05c-f011-a373-0050568a2d1a
Clogheen - D0453,Annual Environmental Report,AER 2024,https://leap.epa.ie/licence-profile/D0453/compliance/return/aba7788b-bd5c-f011-a373-0050568a2d1a,2025-07-09T00:00:00+00:00,Open,2025-07-09T00:00:00,D0453,a601570d-5816-42c9-8208-6ee04bcd179b,https://data.epa.ie/leap/api/v1/LicenseeReturns/byid?lr_id=aba7788b-bd5c-f011-a373-0050568a2d1a
Ballyragget - D0337,Annual Environmental Report,AER 2024,https://leap.epa.ie/licence-profile/D0337/compliance/return/ac92c83d-ba5c-f011-a373-0050568a2d1a,2025-07-09T00:00:00+00:00,Open,2025-07-09T00:00:00,D0337,fec24954-dec2-4642-ad8c-7e741342d593,https://data.epa.ie/leap/api/v1/LicenseeReturns/byid?lr_id=ac92c83d-ba5c-f011-a373-0050568a2d1a
Ballaghveny Landfill - W0078,Monitoring Returns,2024 Quarterly Groundwater Reports for Ballaghveny Landfill,https://leap.epa.ie/licence-profile/W0078/compliance/return/b2cfb663-e5ea-ef11-a372-0050568a2d1a,2025-07-09T00:00:00+00:00,Closed,2025-02-14T00:00:00,W0078,5979b920-a267-4a80-9f3e-e63c4e930d60,https://data.epa.ie/leap/api/v1/LicenseeReturns/byid?lr_id=b2cfb663-e5ea-ef11-a372-0050568a2d1a
Arrow Group - P0812,Site Updates/Notifications,Notification of Site Works,https://leap.epa.ie/licence-profile/P0812/compliance/return/b65e489d-c75c-f011-a373-0050568a2d1a,2025-07-09T00:00:00+00:00,Open,2025-07-09T00:00:00,P0812,7fcd1011-168f-44a5-88a4-7c7a6749300f,https://data.epa.ie/leap/api/v1/LicenseeReturns/byid?lr_id=b65e489d-c75c-f011-a373-0050568a2d1a
Bord na Móna Plc (Kilberry) - W0198,Site Updates/Notifications,CI Action A120659 - site update,https://leap.epa.ie/licence-profile/W0198/compliance/return/b7246572-0b58-f011-a373-0050568a2d1a,2025-07-09T00:00:00+00:00,Closed,2025-07-03T00:00:00,W0198,fcfbe6a2-10b4-4e5c-9a43-b0e9a7ab7331,https://data.epa.ie/leap/api/v1/LicenseeReturns/byid?lr_id=b7246572-0b58-f011-a373-0050568a2d1a
Cappamore - D0310,Annual Environmental Report,AER 2024,https://leap.epa.ie/licence-profile/D0310/compliance/return/c28a0817-bb5c-f011-a373-0050568a2d1a,2025-07-09T00:00:00+00:00,Open,2025-07-09T00:00:00,D0310,34a31f32-31d5-453b-b88f-0fb01b87a7fc,https://data.epa.ie/leap/api/v1/LicenseeReturns/byid?lr_id=c28a0817-bb5c-f011-a373-0050568a2d1a
Nenagh - D0027,Annual Environmental Report,AER 2024,https://leap.epa.ie/licence-profile/D0027/compliance/return/c4d80232-cc5c-f011-a373-0050568a2d1a,2025-07-09T00:00:00+00:00,Open,2025-07-09T00:00:00,D0027,e3c3fce7-f3c3-4d64-9da0-c61103c07089,https://data.epa.ie/leap/api/v1/LicenseeReturns/byid?lr_id=c4d80232-cc5c-f011-a373-0050568a2d1a
Tagoat and Environs - D0397,Annual Environmental Report,AER 2024,https://leap.epa.ie/licence-profile/D0397/compliance/return/c9e3fc07-c85c-f011-a373-0050568a2d1a,2025-07-09T00:00:00+00:00,Open,2025-07-09T00:00:00,D0397,78904059-9b67-4688-a650-b0b508a405a6,https://data.epa.ie/leap/api/v1/LicenseeReturns/byid?lr_id=c9e3fc07-c85c-f011-a373-0050568a2d1a
Caherciveen Transfer Station - W0087,Site Updates/Notifications,Updated Response to SV31544,https://leap.epa.ie/licence-profile/W0087/compliance/return/cc2cbb43-c255-f011-a373-0050568a2d1a,2025-07-09T00:00:00+00:00,Closed,2025-06-30T00:00:00,W0087,3ea51c8d-edd3-40a4-afc0-7817e6ec6ff7,https://data.epa.ie/leap/api/v1/LicenseeReturns/byid?lr_id=cc2cbb43-c255-f011-a373-0050568a2d1a
Shannon Town - D0045,Annual Environmental Report,AER 2024,https://leap.epa.ie/licence-profile/D0045/compliance/return/cc945740-cb5c-f011-a373-0050568a2d1a,2025-07-09T00:00:00+00:00,Open,2025-07-09T00:00:00,D0045,5d0d0725-77fc-4168-918b-6368fde076c2,https://data.epa.ie/leap/api/v1/LicenseeReturns/byid?lr_id=cc945740-cb5c-f011-a373-0050568a2d1a
Kilmacthomas - D0275,Annual Environmental Report,AER 2024,https://leap.epa.ie/licence-profile/D0275/compliance/return/ced68b0b-c75c-f011-a373-0050568a2d1a,2025-07-09T00:00:00+00:00,Open,2025-07-09T00:00:00,D0275,017b360c-ac03-4140-a93b-ed2c921ea93e,https://data.epa.ie/leap/api/v1/LicenseeReturns/byid?lr_id=ced68b0b-c75c-f011-a373-0050568a2d1a
Mr. Pat Rooney - P1091,Site Updates/Notifications,Extension of Prescribed period,https://leap.epa.ie/licence-profile/P1091/compliance/return/d6a13a94-dc5c-f011-a373-0050568a2d1a,2025-07-09T00:00:00+00:00,Open,2025-07-09T00:00:00,P1091,b87c70e6-7947-4cd0-9a20-174d5b4248df,https://data.epa.ie/leap/api/v1/LicenseeReturns/byid?lr_id=d6a13a94-dc5c-f011-a373-0050568a2d1a
Clonbulloge Ash Repository - W0049,Site Updates/Notifications,Lagoon Integrity Testing,https://leap.epa.ie/licence-profile/W0049/compliance/return/d8cc4607-bb55-f011-a373-0050568a2d1a,2025-07-09T00:00:00+00:00,Closed,2025-06-30T00:00:00,W0049,7b07b395-e663-4466-907a-ae5168854d7a,https://data.epa.ie/leap/api/v1/LicenseeReturns/byid?lr_id=d8cc4607-bb55-f011-a373-0050568a2d1a
Holycross - D0478,Annual Environmental Report,AER 2024,https://leap.epa.ie/licence-profile/D0478/compliance/return/da59df5f-cc5c-f011-a373-0050568a2d1a,2025-07-09T00:00:00+00:00,Open,2025-07-09T00:00:00,D0478,a58dbc23-9502-40b3-bf3a-bfb384651f6b,https://data.epa.ie/leap/api/v1/LicenseeReturns/byid?lr_id=da59df5f-cc5c-f011-a373-0050568a2d1a
Bord Na Móna Recycling Limited - W0131,Site Updates/Notifications,Response to SV31732,https://leap.epa.ie/licence-profile/W0131/compliance/return/e1ca4ecd-a55c-f011-a373-0050568a2d1a,2025-07-09T00:00:00+00:00,Open,2025-07-09T00:00:00,W0131,b71df142-95a8-4097-97c0-a45c83464ec2,https://data.epa.ie/leap/api/v1/LicenseeReturns/byid?lr_id=e1ca4ecd-a55c-f011-a373-0050568a2d1a
O'Connell Poultry Farms Ltd. - P1183,Requests for Approval and Site Reports,Condition 5.8,https://leap.epa.ie/licence-profile/P1183/compliance/return/e2808bde-da5c-f011-a373-0050568a2d1a,2025-07-09T00:00:00+00:00,Open,2025-07-09T00:00:00,P1183,b316b9a8-9785-4f73-a145-afa814c11474,https://data.epa.ie/leap/api/v1/LicenseeReturns/byid?lr_id=e2808bde-da5c-f011-a373-0050568a2d1a
Kenmare - D0184,Site Updates/Notifications,Planned Power outage due to Works,https://leap.epa.ie/licence-profile/D0184/compliance/return/e5f6ca30-1551-f011-a373-0050568a2d1a,2025-07-09T00:00:00+00:00,Closed,2025-06-24T00:00:00,D0184,4656340c-af40-478a-bacf-5ca790ebb027,https://data.epa.ie/leap/api/v1/LicenseeReturns/byid?lr_id=e5f6ca30-1551-f011-a373-0050568a2d1a
Roscommon Landfill Facility - W0073,Site Updates/Notifications,SV 29942 - Section 1.5 - Topographical Survey,https://leap.epa.ie/licence-profile/W0073/compliance/return/e93d0ff8-e25c-f011-a373-0050568a2d1a,2025-07-09T00:00:00+00:00,Open,2025-07-09T00:00:00,W0073,ccc5179c-0e6e-4b82-8a3a-40174cbc0577,https://data.epa.ie/leap/api/v1/LicenseeReturns/byid?lr_id=e93d0ff8-e25c-f011-a373-0050568a2d1a
Roscommon Landfill Facility - W0073,Monitoring Returns,Roscommon Landfill Q2 Groundwater Results,https://leap.epa.ie/licence-profile/W0073/compliance/return/f159d722-de5c-f011-a373-0050568a2d1a,2025-07-09T00:00:00+00:00,Open,2025-07-09T00:00:00,W0073,ccc5179c-0e6e-4b82-8a3a-40174cbc0577,https://data.epa.ie/leap/api/v1/LicenseeReturns/byid?lr_id=f159d722-de5c-f011-a373-0050568a2d1a
Hollister ULC - P0918,Monitoring Returns,Q2 2025 Air Emissions Report A21 A22,https://leap.epa.ie/licence-profile/P0918/compliance/return/f2814302-165c-f011-a373-0050568a2d1a,2025-07-09T00:00:00+00:00,Closed,2025-07-08T00:00:00,P0918,fa3b3496-a792-431f-91c4-d2a8ff782076,https://data.epa.ie/leap/api/v1/LicenseeReturns/byid?lr_id=f2814302-165c-f011-a373-0050568a2d1a
Bord Na Móna Recycling Limited - W0104,Monitoring Returns,Annual Groundwater Report 2024 - Response to LR090240,https://leap.epa.ie/licence-profile/W0104/compliance/return/f3272b6b-9955-f011-a373-0050568a2d1a,2025-07-09T00:00:00+00:00,Closed,2025-06-30T00:00:00,W0104,9edd1e60-f193-4c3a-89a5-bea69f6fc380,https://data.epa.ie/leap/api/v1/LicenseeReturns/byid?lr_id=f3272b6b-9955-f011-a373-0050568a2d1a
North Kerry Landfill Site - W0001,Site Updates/Notifications,Reply to SV30717 - Update Report,https://leap.epa.ie/licence-profile/W0001/compliance/return/f5efd442-e4f5-ef11-a373-0050568a2d1a,2025-07-09T00:00:00+00:00,Closed,2025-02-28T00:00:00,W0001,53b2aeda-052d-4b0b-b4bd-396d5fca94bb,https://data.epa.ie/leap/api/v1/LicenseeReturns/byid?lr_id=f5efd442-e4f5-ef11-a373-0050568a2d1a
Ballaghveny Landfill - W0078,Monitoring Returns,2024 Ballaghveny Landfill Surface Water Report,https://leap.epa.ie/licence-profile/W0078/compliance/return/f6788482-e7ea-ef11-a372-0050568a2d1a,2025-07-09T00:00:00+00:00,Closed,2025-02-14T00:00:00,W0078,5979b920-a267-4a80-9f3e-e63c4e930d60,https://data.epa.ie/leap/api/v1/LicenseeReturns/byid?lr_id=f6788482-e7ea-ef11-a372-0050568a2d1a
Bord na Móna Plc (Kilberry) - W0198,Monitoring Returns,Qtr 2 Dust 2025,https://leap.epa.ie/licence-profile/W0198/compliance/return/f7fbd765-c55c-f011-a373-0050568a2d1a,2025-07-09T00:00:00+00:00,Closed,2025-07-09T00:00:00,W0198,fcfbe6a2-10b4-4e5c-9a43-b0e9a7ab7331,https://data.epa.ie/leap/api/v1/LicenseeReturns/byid?lr_id=f7fbd765-c55c-f011-a373-0050568a2d1a
Ballaghveny Landfill - W0078,Monitoring Returns,2024 Ballaghveny Landfill Gas Report,https://leap.epa.ie/licence-profile/W0078/compliance/return/fd75b4c6-e5ea-ef11-a372-0050568a2d1a,2025-07-09T00:00:00+00:00,Closed,2025-02-14T00:00:00,W0078,5979b920-a267-4a80-9f3e-e63c4e930d60,https://data.epa.ie/leap/api/v1/LicenseeReturns/byid?lr_id=fd75b4c6-e5ea-ef11-a372-0050568a2d1a
Timoleague Agri Gen Limited - P0986,Non Compliance,,https://leap.epa.ie/licence-profile/P0986/compliance/non-compliance/ab02276a-195c-f011-a373-0050568a2d1a,2025-07-09T00:00:00+00:00,Issued,2025-07-09T00:00:00,P0986,e334799f-9bb0-e611-8d41-0050568a69e2,https://data.epa.ie/leap/api/v1/NonCompliance/byid?nc_id=ab02276a-195c-f011-a373-0050568a2d1a
Timoleague Agri Gen Limited - P0986,Non Compliance,,https://leap.epa.ie/licence-profile/P0986/compliance/non-compliance/bd77bd6f-185c-f011-a373-0050568a2d1a,2025-07-09T00:00:00+00:00,Issued,2025-07-09T00:00:00,P0986,e334799f-9bb0-e611-8d41-0050568a69e2,https://data.epa.ie/leap/api/v1/NonCompliance/byid?nc_id=bd77bd6f-185c-f011-a373-0050568a2d1a
Kingspan Insulation Limited - P0057,Non Compliance,,https://leap.epa.ie/licence-profile/P0057/compliance/non-compliance/d4fececc-f257-f011-a373-0050568a2d1a,2025-07-09T00:00:00+00:00,Issued,2025-07-09T00:00:00,P0057,0d6381aa-74f7-43e6-920b-81c72747e62c,https://data.epa.ie/leap/api/v1/NonCompliance/byid?nc_id=d4fececc-f257-f011-a373-0050568a2d1a
Kayfoam Woolfson - P0058,Non Compliance,,https://leap.epa.ie/licence-profile/P0058/compliance/non-compliance/ea496ad5-8040-f011-a373-0050568a2d1a,2025-07-09T00:00:00+00:00,Issued,2025-07-09T00:00:00,P0058,d705ada1-d35e-4a4f-8010-319fefdd5b5d,https://data.epa.ie/leap/api/v1/NonCompliance/byid?nc_id=ea496ad5-8040-f011-a373-0050568a2d1a
Starrus Eco Holdings Limited (Waterford City) - W0177,Non Compliance,,https://leap.epa.ie/licence-profile/W0177/compliance/non-compliance/fccec1aa-aa5c-f011-a373-0050568a2d1a,2025-07-09T00:00:00+00:00,Issued,2025-07-09T00:00:00,W0177,c1850155-df4d-425d-9971-730bdb3c91b8,https://data.epa.ie/leap/api/v1/NonCompliance/byid?nc_id=fccec1aa-aa5c-f011-a373-0050568a2d1a
Killeagh - D0301,Site Visit,,https://leap.epa.ie/licence-profile/D0301/compliance/sitevisit/07a60ad7-4148-f011-a373-0050568a2d1a,2025-07-09T00:00:00+00:00,Closed,2025-06-16T00:00:00,D0301,0a40176a-6d36-4cc3-8db4-336e57da4c78,https://data.epa.ie/leap/api/v1/SiteVisit/byid?sv_id=07a60ad7-4148-f011-a373-0050568a2d1a
Alexion Pharma International Operations Limited & Astrazeneca Ireland Limited - P1030,Site Visit,,https://leap.epa.ie/licence-profile/P1030/compliance/sitevisit/32d4efee-bf51-f011-a373-0050568a2d1a,2025-07-09T00:00:00+00:00,Closed,2025-06-25T00:00:00,P1030,f89123ac-6738-e611-99f8-0050568a69e2,https://data.epa.ie/leap/api/v1/SiteVisit/byid?sv_id=32d4efee-bf51-f011-a373-0050568a2d1a
Mr. Patrick Greenan - P1086,Site Visit,,https://leap.epa.ie/licence-profile/P1086/compliance/sitevisit/3b089819-a6d1-ef11-a325-0050568a66b2,2025-07-09T00:00:00+00:00,Closed,2025-06-10T00:00:00,P1086,6af553c7-2042-4020-b85f-8deea2373993,https://data.epa.ie/leap/api/v1/SiteVisit/byid?sv_id=3b089819-a6d1-ef11-a325-0050568a66b2
Timoleague Agri Gen Limited - P0986,Site Visit,,https://leap.epa.ie/licence-profile/P0986/compliance/sitevisit/456093d3-b251-f011-a373-0050568a2d1a,2025-07-09T00:00:00+00:00,Closed,2025-06-25T00:00:00,P0986,e334799f-9bb0-e611-8d41-0050568a69e2,https://data.epa.ie/leap/api/v1/SiteVisit/byid?sv_id=456093d3-b251-f011-a373-0050568a2d1a
Kingspan Insulation Limited - P0057,Site Visit,,https://leap.epa.ie/licence-profile/P0057/compliance/sitevisit/50f2f3cc-b44d-f011-a373-0050568a2d1a,2025-07-09T00:00:00+00:00,Closed,2025-06-19T00:00:00,P0057,0d6381aa-74f7-43e6-920b-81c72747e62c,https://data.epa.ie/leap/api/v1/SiteVisit/byid?sv_id=50f2f3cc-b44d-f011-a373-0050568a2d1a
WuXi Biologics Ireland Limited - P1122,Site Visit,,https://leap.epa.ie/licence-profile/P1122/compliance/sitevisit/7aec8937-a6d1-ef11-a325-0050568a66b2,2025-07-09T00:00:00+00:00,Closed,2025-06-13T00:00:00,P1122,24698a50-4c1e-42ac-8e5c-ea83ce4429e7,https://data.epa.ie/leap/api/v1/SiteVisit/byid?sv_id=7aec8937-a6d1-ef11-a325-0050568a66b2
Mr. Aidan Brady - P1164,Site Visit,,https://leap.epa.ie/licence-profile/P1164/compliance/sitevisit/8f089819-a6d1-ef11-a325-0050568a66b2,2025-07-09T00:00:00+00:00,Closed,2025-06-10T00:00:00,P1164,5b0b1436-793e-4487-bfb2-fe03a97b6f46,https://data.epa.ie/leap/api/v1/SiteVisit/byid?sv_id=8f089819-a6d1-ef11-a325-0050568a66b2
Upper Liffey Valley Sewerage Scheme - D0002,Site Visit,,https://leap.epa.ie/licence-profile/D0002/compliance/sitevisit/bfd272c0-1bbe-ef11-a324-0050568a66b2,2025-07-09T00:00:00+00:00,Closed,2025-06-04T00:00:00,D0002,b437566f-0bb3-482c-b719-ff577e1d9d75,https://data.epa.ie/leap/api/v1/SiteVisit/byid?sv_id=bfd272c0-1bbe-ef11-a324-0050568a66b2
Mr Michael Connolly - P0867,Site Visit,,https://leap.epa.ie/licence-profile/P0867/compliance/sitevisit/d63f9c1f-a6d1-ef11-a325-0050568a66b2,2025-07-09T00:00:00+00:00,Closed,2025-06-27T00:00:00,P0867,1b14e25f-cadd-4fe4-89f5-305086a245f4,https://data.epa.ie/leap/api/v1/SiteVisit/byid?sv_id=d63f9c1f-a6d1-ef11-a325-0050568a66b2
Mr Nigel Flynn - P0926,Site Visit,,https://leap.epa.ie/licence-profile/P0926/compliance/sitevisit/db3f9c1f-a6d1-ef11-a325-0050568a66b2,2025-07-09T00:00:00+00:00,Closed,2025-06-27T00:00:00,P0926,3d4b59c5-29c1-4c32-b5e8-ef97c09778f7,https://data.epa.ie/leap/api/v1/SiteVisit/byid?sv_id=db3f9c1f-a6d1-ef11-a325-0050568a66b2
Carney - A0545,Compliance Investigation,"Carney, aeration system upgrade",https://leap.epa.ie/licence-profile/A0545/compliance/investigation/cbf57dcb-d55b-f011-a373-0050568a2d1a,2025-07-08T00:00:00+00:00,Open,2025-07-08T00:00:00,A0545,6f625484-a0a8-e511-987f-0050568a69e2,https://data.epa.ie/leap/api/v1/Ci/byid?ci_id=cbf57dcb-d55b-f011-a373-0050568a2d1a
Ballynagran Residual Landfill - W0165,Complaint,"W0165-02, 25/06/25, Gas odours",https://leap.epa.ie/licence-profile/W0165/compliance/complaint/32ec9d6b-ba51-f011-a373-0050568a2d1a,2025-07-08T00:00:00+00:00,Closed,2025-06-25T00:00:00,W0165,7207345b-6c69-4fa6-9401-b0a8e715d64c,https://data.epa.ie/leap/api/v1/Complaint/byid?complaint_id=32ec9d6b-ba51-f011-a373-0050568a2d1a
Alert Packaging Limited - P0366,Complaint,"P0366-02, 08/07/2025, Odour",https://leap.epa.ie/licence-profile/P0366/compliance/complaint/4872381f-b25c-f011-a373-0050568a2d1a,2025-07-08T00:00:00+00:00,Open,2025-07-08T00:00:00,P0366,359b4db8-d712-4f91-bbbb-25f7d0633ca6,https://data.epa.ie/leap/api/v1/Complaint/byid?complaint_id=4872381f-b25c-f011-a373-0050568a2d1a
Ballynagran Residual Landfill - W0165,Complaint,"W0165-02, 20/06/25, Waste Odours",https://leap.epa.ie/licence-profile/W0165/compliance/complaint/f2f58fcb-c84d-f011-a373-0050568a2d1a,2025-07-08T00:00:00+00:00,Closed,2025-06-20T00:00:00,W0165,7207345b-6c69-4fa6-9401-b0a8e715d64c,https://data.epa.ie/leap/api/v1/Complaint/byid?complaint_id=f2f58fcb-c84d-f011-a373-0050568a2d1a
Ballyshannon - D0128,Incident,Uncontrolled Release,https://leap.epa.ie/licence-profile/D0128/compliance/incident/2cfc0e4c-375b-f011-a373-0050568a2d1a,2025-07-08T00:00:00+00:00,Closed,2025-07-07T00:00:00,D0128,8c00708a-c27d-49e1-a333-bb4d4ce88155,https://data.epa.ie/leap/api/v1/Incident/byid?incident_id=2cfc0e4c-375b-f011-a373-0050568a2d1a
Liebherr Container Cranes Limited - P0146,Incident,"Night time noise results on N2,",https://leap.epa.ie/licence-profile/P0146/compliance/incident/6ade9433-205c-f011-a373-0050568a2d1a,2025-07-08T00:00:00+00:00,Open,2025-07-08T00:00:00,P0146,1b7c68f1-bf2a-4366-854d-468f864c5d1a,https://data.epa.ie/leap/api/v1/Incident/byid?incident_id=6ade9433-205c-f011-a373-0050568a2d1a
Athenry - D0193,Incident,Uncontrolled Release,https://leap.epa.ie/licence-profile/D0193/compliance/incident/7f4f8535-0d5c-f011-a373-0050568a2d1a,2025-07-08T00:00:00+00:00,Open,2025-07-08T00:00:00,D0193,0c6b496a-251e-4157-a5b5-f6de38da44b5,https://data.epa.ie/leap/api/v1/Incident/byid?incident_id=7f4f8535-0d5c-f011-a373-0050568a2d1a
Collon - D0261,Incident,Abatement equipment off-line,https://leap.epa.ie/licence-profile/D0261/compliance/incident/9750e250-ef5b-f011-a373-0050568a2d1a,2025-07-08T00:00:00+00:00,Open,2025-07-08T00:00:00,D0261,a8fb3812-8f3e-44b6-a3c2-f96a49bd35e7,https://data.epa.ie/leap/api/v1/Incident/byid?incident_id=9750e250-ef5b-f011-a373-0050568a2d1a
Ballinagh - D0501,Incident,Uncontrolled Release,https://leap.epa.ie/licence-profile/D0501/compliance/incident/ac0f48b5-045c-f011-a373-0050568a2d1a,2025-07-08T00:00:00+00:00,Open,2025-07-08T00:00:00,D0501,757ddf63-4186-465a-8caf-29f5a0c53e65,https://data.epa.ie/leap/api/v1/Incident/byid?incident_id=ac0f48b5-045c-f011-a373-0050568a2d1a
Architectural & Metal Systems Limited - P1117,Incident,pH ELV exceedance of 10.9. ELV parameters 6.0 - 10.0,https://leap.epa.ie/licence-profile/P1117/compliance/incident/c481b19c-075c-f011-a373-0050568a2d1a,2025-07-08T00:00:00+00:00,Open,2025-07-08T00:00:00,P1117,ddacbc7b-4a2e-4068-95a1-630e12736479,https://data.epa.ie/leap/api/v1/Incident/byid?incident_id=c481b19c-075c-f011-a373-0050568a2d1a
Arrabawn Co-operative Society Limited - P0791,Incident,Uncontrolled Release,https://leap.epa.ie/licence-profile/P0791/compliance/incident/e4f401fb-dc5b-f011-a373-0050568a2d1a,2025-07-08T00:00:00+00:00,Open,2025-07-08T00:00:00,P0791,1d9f7773-fd97-4aa8-9cb5-9654f20dcc81,https://data.epa.ie/leap/api/v1/Incident/byid?incident_id=e4f401fb-dc5b-f011-a373-0050568a2d1a
Lisdoonvarna - D0077,Annual Environmental Report,AER 2024,https://leap.epa.ie/licence-profile/D0077/compliance/return/0d1251d0-055c-f011-a373-0050568a2d1a,2025-07-08T00:00:00+00:00,Open,2025-07-08T00:00:00,D0077,2c557102-fa1b-4054-945c-c0d481b679b4,https://data.epa.ie/leap/api/v1/LicenseeReturns/byid?lr_id=0d1251d0-055c-f011-a373-0050568a2d1a
Saint-Gobain Construction Products (Ireland) Limited - P0519,Site Updates/Notifications,Summer Shut down,https://leap.epa.ie/licence-profile/P0519/compliance/return/131a9641-ca58-f011-a373-0050568a2d1a,2025-07-08T00:00:00+00:00,Closed,2025-07-04T00:00:00,P0519,a5986173-75e5-492e-897f-32f2c8be302a,https://data.epa.ie/leap/api/v1/LicenseeReturns/byid?lr_id=131a9641-ca58-f011-a373-0050568a2d1a
Carlow - D0028,Annual Environmental Report,AER 2024,https://leap.epa.ie/licence-profile/D0028/compliance/return/1abb78c5-045c-f011-a373-0050568a2d1a,2025-07-08T00:00:00+00:00,Open,2025-07-08T00:00:00,D0028,2a51eb6c-7f4c-43ce-aea9-cc4b6b9f95db,https://data.epa.ie/leap/api/v1/LicenseeReturns/byid?lr_id=1abb78c5-045c-f011-a373-0050568a2d1a
Corofin - D0434,Annual Environmental Report,AER 2024,https://leap.epa.ie/licence-profile/D0434/compliance/return/36c764e4-065c-f011-a373-0050568a2d1a,2025-07-08T00:00:00+00:00,Open,2025-07-08T00:00:00,D0434,43d7c907-3a62-48a3-bbdb-ed15e8d77781,https://data.epa.ie/leap/api/v1/LicenseeReturns/byid?lr_id=36c764e4-065c-f011-a373-0050568a2d1a
Ballydehob - D0467,Annual Environmental Report,AER 2024,https://leap.epa.ie/licence-profile/D0467/compliance/return/3db0987b-095c-f011-a373-0050568a2d1a,2025-07-08T00:00:00+00:00,Open,2025-07-08T00:00:00,D0467,051e5bbe-6ad2-4bcb-b734-ce27aa408853,https://data.epa.ie/leap/api/v1/LicenseeReturns/byid?lr_id=3db0987b-095c-f011-a373-0050568a2d1a
N&C Enterprises Limited - W0292,Monitoring Returns,Noise Monitoring,https://leap.epa.ie/licence-profile/W0292/compliance/return/409f3cd4-e65b-f011-a373-0050568a2d1a,2025-07-08T00:00:00+00:00,Closed,2025-07-08T00:00:00,W0292,54f8da29-b073-e711-bce9-0050568a69e2,https://data.epa.ie/leap/api/v1/LicenseeReturns/byid?lr_id=409f3cd4-e65b-f011-a373-0050568a2d1a
Indaver Ireland Limited (Duleek) - W0167,Monitoring Returns,Quarter 1 2025 Groundwater Monitoring Return,https://leap.epa.ie/licence-profile/W0167/compliance/return/4206e427-ae21-f011-a373-0050568a2d1a,2025-07-08T00:00:00+00:00,Closed,2025-04-25T00:00:00,W0167,8dc6d731-ef7b-4e1e-9a08-8e8009148d52,https://data.epa.ie/leap/api/v1/LicenseeReturns/byid?lr_id=4206e427-ae21-f011-a373-0050568a2d1a
Cloyne - D0298,Site Updates/Notifications,Cork Harbour Shellfish Water Impact Assessment,https://leap.epa.ie/licence-profile/D0298/compliance/return/42689fff-fc5b-f011-a373-0050568a2d1a,2025-07-08T00:00:00+00:00,Open,2025-07-08T00:00:00,D0298,2ca3b6c8-4e75-423a-98db-fa41b54f9eea,https://data.epa.ie/leap/api/v1/LicenseeReturns/byid?lr_id=42689fff-fc5b-f011-a373-0050568a2d1a
Dawn Meats Ireland Unlimited Company - P1088,Site Updates/Notifications,Licensee Public Response - SV31222,https://leap.epa.ie/licence-profile/P1088/compliance/return/4784689f-165c-f011-a373-0050568a2d1a,2025-07-08T00:00:00+00:00,Open,2025-07-08T00:00:00,P1088,67fe1f59-4822-4878-9bff-71a247e2d66c,https://data.epa.ie/leap/api/v1/LicenseeReturns/byid?lr_id=4784689f-165c-f011-a373-0050568a2d1a
Ringaskiddy - D0057,Site Updates/Notifications,Cork Harbour Shellfish Water Impact Assessment,https://leap.epa.ie/licence-profile/D0057/compliance/return/4cd41c9a-fc5b-f011-a373-0050568a2d1a,2025-07-08T00:00:00+00:00,Open,2025-07-08T00:00:00,D0057,606f9461-c8f3-4a67-904e-665d83672277,https://data.epa.ie/leap/api/v1/LicenseeReturns/byid?lr_id=4cd41c9a-fc5b-f011-a373-0050568a2d1a
Masonite Ireland - P0021,Monitoring Returns,Masonite Q2 2025 E01 Monitoring Reports.,https://leap.epa.ie/licence-profile/P0021/compliance/return/4ef2cff9-e358-f011-a373-0050568a2d1a,2025-07-08T00:00:00+00:00,Closed,2025-07-04T00:00:00,P0021,2e67f682-f839-42e2-a4d5-7b87c6b1b6fa,https://data.epa.ie/leap/api/v1/LicenseeReturns/byid?lr_id=4ef2cff9-e358-f011-a373-0050568a2d1a
Carrignavar - D0517,Annual Environmental Report,AER 2024,https://leap.epa.ie/licence-profile/D0517/compliance/return/5270edf5-095c-f011-a373-0050568a2d1a,2025-07-08T00:00:00+00:00,Open,2025-07-08T00:00:00,D0517,5bb98fbb-a796-4e71-b21f-48e30ae86d7e,https://data.epa.ie/leap/api/v1/LicenseeReturns/byid?lr_id=5270edf5-095c-f011-a373-0050568a2d1a
"Brewery, Chemical and Dairy Engineering Limited - P0283",Monitoring Returns,June 2025 Monitoring Results,https://leap.epa.ie/licence-profile/P0283/compliance/return/52b0d641-e94c-f011-a373-0050568a2d1a,2025-07-08T00:00:00+00:00,Closed,2025-06-19T00:00:00,P0283,6fcd892d-ffe5-4837-8956-8c160e0de58b,https://data.epa.ie/leap/api/v1/LicenseeReturns/byid?lr_id=52b0d641-e94c-f011-a373-0050568a2d1a
Riverstick - D0433,Annual Environmental Report,AER 2024,https://leap.epa.ie/licence-profile/D0433/compliance/return/55a9e974-085c-f011-a373-0050568a2d1a,2025-07-08T00:00:00+00:00,Open,2025-07-08T00:00:00,D0433,f6210474-6ff1-4248-aafe-e4b6643312b4,https://data.epa.ie/leap/api/v1/LicenseeReturns/byid?lr_id=55a9e974-085c-f011-a373-0050568a2d1a
Enva Ireland Limited (Portlaoise) - W0184,Site Updates/Notifications,Additional De-packer Unit installation Temporary Project,https://leap.epa.ie/licence-profile/W0184/compliance/return/5a5a25a9-1350-f011-a373-0050568a2d1a,2025-07-08T00:00:00+00:00,Closed,2025-06-23T00:00:00,W0184,312183f0-4244-4492-bc6c-7c511d9b55d4,https://data.epa.ie/leap/api/v1/LicenseeReturns/byid?lr_id=5a5a25a9-1350-f011-a373-0050568a2d1a
Dripsey - D0426,Annual Environmental Report,AER 2024,https://leap.epa.ie/licence-profile/D0426/compliance/return/5add421b-085c-f011-a373-0050568a2d1a,2025-07-08T00:00:00+00:00,Open,2025-07-08T00:00:00,D0426,48424d95-7aaf-4082-ad4a-e01bd2334dd2,https://data.epa.ie/leap/api/v1/LicenseeReturns/byid?lr_id=5add421b-085c-f011-a373-0050568a2d1a
FSW Coatings Limited - P0244,Monitoring Returns,2506_storm water,https://leap.epa.ie/licence-profile/P0244/compliance/return/806f0f8e-3353-f011-a373-0050568a2d1a,2025-07-08T00:00:00+00:00,Closed,2025-06-27T00:00:00,P0244,d5f83054-c22b-4601-8665-9b4d3f00a538,https://data.epa.ie/leap/api/v1/LicenseeReturns/byid?lr_id=806f0f8e-3353-f011-a373-0050568a2d1a
Zinc Processors Limited Trading As Shannonside Galvanizing - P0650,Monitoring Returns,Q1-2025 Surface Water Results,https://leap.epa.ie/licence-profile/P0650/compliance/return/822bdd17-5e06-f011-a373-0050568a2d1a,2025-07-08T00:00:00+00:00,Closed,2025-03-21T00:00:00,P0650,4f1f67a4-0f13-4d2d-a451-d546f03f1cb4,https://data.epa.ie/leap/api/v1/LicenseeReturns/byid?lr_id=822bdd17-5e06-f011-a373-0050568a2d1a
Kilkishen - D0420,Annual Environmental Report,AER 2024,https://leap.epa.ie/licence-profile/D0420/compliance/return/8313d36e-065c-f011-a373-0050568a2d1a,2025-07-08T00:00:00+00:00,Open,2025-07-08T00:00:00,D0420,f92bc242-d585-44bd-8c9e-78fd857966c6,https://data.epa.ie/leap/api/v1/LicenseeReturns/byid?lr_id=8313d36e-065c-f011-a373-0050568a2d1a
Carrigtwohill and Environs - D0044,Site Updates/Notifications,Cork Harbour Shellfish Water Assessment,https://leap.epa.ie/licence-profile/D0044/compliance/return/86c8cd2f-fc5b-f011-a373-0050568a2d1a,2025-07-08T00:00:00+00:00,Open,2025-07-08T00:00:00,D0044,f30c9103-ac93-4c9b-a488-c0f3d05fa465,https://data.epa.ie/leap/api/v1/LicenseeReturns/byid?lr_id=86c8cd2f-fc5b-f011-a373-0050568a2d1a
Conna and Environs - D0439,Annual Environmental Report,AER 2024,https://leap.epa.ie/licence-profile/D0439/compliance/return/96b8663a-095c-f011-a373-0050568a2d1a,2025-07-08T00:00:00+00:00,Open,2025-07-08T00:00:00,D0439,e9d350b9-9965-4f75-be30-be87105dffdd,https://data.epa.ie/leap/api/v1/LicenseeReturns/byid?lr_id=96b8663a-095c-f011-a373-0050568a2d1a
Castletownshend - D0468,Annual Environmental Report,AER 2024,https://leap.epa.ie/licence-profile/D0468/compliance/return/9d893dbb-095c-f011-a373-0050568a2d1a,2025-07-08T00:00:00+00:00,Open,2025-07-08T00:00:00,D0468,bdf0702e-4bf9-4f68-b993-955c91d27a5c,https://data.epa.ie/leap/api/v1/LicenseeReturns/byid?lr_id=9d893dbb-095c-f011-a373-0050568a2d1a
Cloughduv - D0330,Annual Environmental Report,AER 2024,https://leap.epa.ie/licence-profile/D0330/compliance/return/a43352e3-075c-f011-a373-0050568a2d1a,2025-07-08T00:00:00+00:00,Open,2025-07-08T00:00:00,D0330,38562de0-a7e7-452e-8fe4-6f24b7da65a4,https://data.epa.ie/leap/api/v1/LicenseeReturns/byid?lr_id=a43352e3-075c-f011-a373-0050568a2d1a
Whitegate-Aghada - D0423,Site Updates/Notifications,Cork Harbour Shellfish Water Impact Assessment,https://leap.epa.ie/licence-profile/D0423/compliance/return/ac7d19b4-fd5b-f011-a373-0050568a2d1a,2025-07-08T00:00:00+00:00,Open,2025-07-08T00:00:00,D0423,e1606287-df37-402e-b8f5-a2ae043874e6,https://data.epa.ie/leap/api/v1/LicenseeReturns/byid?lr_id=ac7d19b4-fd5b-f011-a373-0050568a2d1a
embecta Penel Limited - P0648,Monitoring Returns,Quarterly Sewer Summary Q2,https://leap.epa.ie/licence-profile/P0648/compliance/return/c04e4157-e55b-f011-a373-0050568a2d1a,2025-07-08T00:00:00+00:00,Closed,2025-07-08T00:00:00,P0648,9fe42fd4-7f61-4d91-8ab9-5e11f69582b7,https://data.epa.ie/leap/api/v1/LicenseeReturns/byid?lr_id=c04e4157-e55b-f011-a373-0050568a2d1a
Cork City - D0033,Site Updates/Notifications,Cork Harbour Shellfish Water Impact Assessment,https://leap.epa.ie/licence-profile/D0033/compliance/return/c79be64b-fb5b-f011-a373-0050568a2d1a,2025-07-08T00:00:00+00:00,Open,2025-07-08T00:00:00,D0033,4b1b0eaa-2010-4b68-932d-a2e6236077bd,https://data.epa.ie/leap/api/v1/LicenseeReturns/byid?lr_id=c79be64b-fb5b-f011-a373-0050568a2d1a
Doonbeg - D0324,Annual Environmental Report,AER 2024,https://leap.epa.ie/licence-profile/D0324/compliance/return/c92ba42d-065c-f011-a373-0050568a2d1a,2025-07-08T00:00:00+00:00,Open,2025-07-08T00:00:00,D0324,9d7d1151-0bfe-454f-be3a-d7691207b851,https://data.epa.ie/leap/api/v1/LicenseeReturns/byid?lr_id=c92ba42d-065c-f011-a373-0050568a2d1a
Mallinckrodt Pharmaceuticals Ireland Limited - P1060,Monitoring Returns,Groundwater Q2 returns,https://leap.epa.ie/licence-profile/P1060/compliance/return/c9fa2c43-105c-f011-a373-0050568a2d1a,2025-07-08T00:00:00+00:00,Closed,2025-07-08T00:00:00,P1060,f0906e87-d97a-e811-a2d5-0050568a66b2,https://data.epa.ie/leap/api/v1/LicenseeReturns/byid?lr_id=c9fa2c43-105c-f011-a373-0050568a2d1a
Schull - D0295,Annual Environmental Report,AER 2024,https://leap.epa.ie/licence-profile/D0295/compliance/return/cc81b19c-075c-f011-a373-0050568a2d1a,2025-07-08T00:00:00+00:00,Open,2025-07-08T00:00:00,D0295,eab849bd-b5d6-4fc3-8965-1e4cca493bbf,https://data.epa.ie/leap/api/v1/LicenseeReturns/byid?lr_id=cc81b19c-075c-f011-a373-0050568a2d1a
Bandon - D0136,Annual Environmental Report,AER 2024,https://leap.epa.ie/licence-profile/D0136/compliance/return/cd4bcb4f-075c-f011-a373-0050568a2d1a,2025-07-08T00:00:00+00:00,Open,2025-07-08T00:00:00,D0136,dfe0a4bb-4c60-4cb1-a3da-3cc3eef85d24,https://data.epa.ie/leap/api/v1/LicenseeReturns/byid?lr_id=cd4bcb4f-075c-f011-a373-0050568a2d1a
Ringaskiddy Village - D0436,Annual Environmental Report,AER 2024,https://leap.epa.ie/licence-profile/D0436/compliance/return/cefa1979-0b5c-f011-a373-0050568a2d1a,2025-07-08T00:00:00+00:00,Open,2025-07-08T00:00:00,D0436,b086bf14-0591-41d3-a573-9c067967c2eb,https://data.epa.ie/leap/api/v1/LicenseeReturns/byid?lr_id=cefa1979-0b5c-f011-a373-0050568a2d1a
Sixmilebridge - D0076,Annual Environmental Report,AER 2024,https://leap.epa.ie/licence-profile/D0076/compliance/return/d882b495-055c-f011-a373-0050568a2d1a,2025-07-08T00:00:00+00:00,Open,2025-07-08T00:00:00,D0076,56363f55-d735-4d66-8987-784a43f15b13,https://data.epa.ie/leap/api/v1/LicenseeReturns/byid?lr_id=d882b495-055c-f011-a373-0050568a2d1a
Masonite Ireland - P0021,Monitoring Returns,Masonite Q2 2025 E02 Monitoring Reports.,https://leap.epa.ie/licence-profile/P0021/compliance/return/d97ea740-e458-f011-a373-0050568a2d1a,2025-07-08T00:00:00+00:00,Closed,2025-07-04T00:00:00,P0021,2e67f682-f839-42e2-a4d5-7b87c6b1b6fa,https://data.epa.ie/leap/api/v1/LicenseeReturns/byid?lr_id=d97ea740-e458-f011-a373-0050568a2d1a
Liebherr Container Cranes Limited - P0146,Monitoring Returns,Environmental Noise Survey 2025,https://leap.epa.ie/licence-profile/P0146/compliance/return/db91967c-215c-f011-a373-0050568a2d1a,2025-07-08T00:00:00+00:00,Open,2025-07-08T00:00:00,P0146,1b7c68f1-bf2a-4366-854d-468f864c5d1a,https://data.epa.ie/leap/api/v1/LicenseeReturns/byid?lr_id=db91967c-215c-f011-a373-0050568a2d1a
Saleen Village - A0432,Site Updates/Notifications,Cork Harbour Shellfish Water Impact Assessment,https://leap.epa.ie/licence-profile/A0432/compliance/return/e3b0ff95-fe5b-f011-a373-0050568a2d1a,2025-07-08T00:00:00+00:00,Open,2025-07-08T00:00:00,A0432,bd82d2e1-9c48-4a57-aa85-89e0e8ff104e,https://data.epa.ie/leap/api/v1/LicenseeReturns/byid?lr_id=e3b0ff95-fe5b-f011-a373-0050568a2d1a
Clarochem Ireland Limited - P0125,Site Updates/Notifications,Drainage drawing,https://leap.epa.ie/licence-profile/P0125/compliance/return/e5b0f6c3-ab55-f011-a373-0050568a2d1a,2025-07-08T00:00:00+00:00,Closed,2025-06-30T00:00:00,P0125,582c502f-08c7-4351-8a3e-f35bf25777c1,https://data.epa.ie/leap/api/v1/LicenseeReturns/byid?lr_id=e5b0f6c3-ab55-f011-a373-0050568a2d1a
Shannonbridge TEG - P1198,Site Updates/Notifications,Update to Response to SV32438,https://leap.epa.ie/licence-profile/P1198/compliance/return/eaca88d0-f95b-f011-a373-0050568a2d1a,2025-07-08T00:00:00+00:00,Open,2025-07-08T00:00:00,P1198,a17a9117-1905-4a9b-b5dc-bab15db838ac,https://data.epa.ie/leap/api/v1/LicenseeReturns/byid?lr_id=eaca88d0-f95b-f011-a373-0050568a2d1a
Zinc Processors Limited Trading As Shannonside Galvanizing - P0650,Monitoring Returns,Surface Water Results Mar & Apr 25,https://leap.epa.ie/licence-profile/P0650/compliance/return/fb484191-6f48-f011-a373-0050568a2d1a,2025-07-08T00:00:00+00:00,Closed,2025-06-13T00:00:00,P0650,4f1f67a4-0f13-4d2d-a451-d546f03f1cb4,https://data.epa.ie/leap/api/v1/LicenseeReturns/byid?lr_id=fb484191-6f48-f011-a373-0050568a2d1a
Crusheen - D0424,Annual Environmental Report,AER 2024,https://leap.epa.ie/licence-profile/D0424/compliance/return/fcacb1b2-065c-f011-a373-0050568a2d1a,2025-07-08T00:00:00+00:00,Open,2025-07-08T00:00:00,D0424,d12981d4-e213-4926-9382-aa549d9150e3,https://data.epa.ie/leap/api/v1/LicenseeReturns/byid?lr_id=fcacb1b2-065c-f011-a373-0050568a2d1a
Boliden Tara Mines Limited - P0516,EPA Initiated Correspondence,,https://leap.epa.ie/licence-profile/P0516/compliance/epa-correspondence/a7e84314-ca5b-f011-a373-0050568a2d1a,2025-07-08T00:00:00+00:00,Closed,2025-07-08T00:00:00,P0516,87b64801-f4eb-4205-9197-0233586a0f2e,https://data.epa.ie/leap/api/v1/MeetingCorrespondence/epainiciatedcorrespondencebyid?epainitiatedcorrespondence_id=a7e84314-ca5b-f011-a373-0050568a2d1a
Irish Cement Limited (Limerick) - P0029,EPA Initiated Correspondence,,https://leap.epa.ie/licence-profile/P0029/compliance/epa-correspondence/b2b7268c-8a56-f011-a373-0050568a2d1a,2025-07-08T00:00:00+00:00,Open,2025-07-01T00:00:00,P0029,a20c2008-1c83-446a-957a-1d1c34b9b5f2,https://data.epa.ie/leap/api/v1/MeetingCorrespondence/epainiciatedcorrespondencebyid?epainitiatedcorrespondence_id=b2b7268c-8a56-f011-a373-0050568a2d1a
Aughinish Alumina Limited - P0035,EPA Initiated Correspondence,,https://leap.epa.ie/licence-profile/P0035/compliance/epa-correspondence/ba7956d9-1858-f011-a373-0050568a2d1a,2025-07-08T00:00:00+00:00,Closed,2025-07-03T00:00:00,P0035,d1e6c8d5-9eb1-4ef3-80ca-36749fa01321,https://data.epa.ie/leap/api/v1/MeetingCorrespondence/epainiciatedcorrespondencebyid?epainitiatedcorrespondence_id=ba7956d9-1858-f011-a373-0050568a2d1a
DDS BRADY FARMS LIMITED - P0408,Non Compliance,,https://leap.epa.ie/licence-profile/P0408/compliance/non-compliance/13303bd9-fc5b-f011-a373-0050568a2d1a,2025-07-08T00:00:00+00:00,Issued,2025-07-08T00:00:00,P0408,d522c20f-96a7-4b64-b15b-698a8818e365,https://data.epa.ie/leap/api/v1/NonCompliance/byid?nc_id=13303bd9-fc5b-f011-a373-0050568a2d1a
DDS BRADY FARMS LIMITED - P0408,Non Compliance,,https://leap.epa.ie/licence-profile/P0408/compliance/non-compliance/49750262-fc5b-f011-a373-0050568a2d1a,2025-07-08T00:00:00+00:00,Issued,2025-07-08T00:00:00,P0408,d522c20f-96a7-4b64-b15b-698a8818e365,https://data.epa.ie/leap/api/v1/NonCompliance/byid?nc_id=49750262-fc5b-f011-a373-0050568a2d1a
DDS BRADY FARMS LIMITED - P0408,Non Compliance,,https://leap.epa.ie/licence-profile/P0408/compliance/non-compliance/5afc2987-fc5b-f011-a373-0050568a2d1a,2025-07-08T00:00:00+00:00,Issued,2025-07-08T00:00:00,P0408,d522c20f-96a7-4b64-b15b-698a8818e365,https://data.epa.ie/leap/api/v1/NonCompliance/byid?nc_id=5afc2987-fc5b-f011-a373-0050568a2d1a
Bord Na Móna Recycling Limited - W0240,Non Compliance,,https://leap.epa.ie/licence-profile/W0240/compliance/non-compliance/8e767c6b-365b-f011-a373-0050568a2d1a,2025-07-08T00:00:00+00:00,Issued,2025-07-08T00:00:00,W0240,77f369a0-823e-4478-aeb0-49662581f1e1,https://data.epa.ie/leap/api/v1/NonCompliance/byid?nc_id=8e767c6b-365b-f011-a373-0050568a2d1a
Ballynagran Residual Landfill - W0165,Non Compliance,,https://leap.epa.ie/licence-profile/W0165/compliance/non-compliance/96244ea4-155b-f011-a373-0050568a2d1a,2025-07-08T00:00:00+00:00,Issued,2025-07-08T00:00:00,W0165,7207345b-6c69-4fa6-9401-b0a8e715d64c,https://data.epa.ie/leap/api/v1/NonCompliance/byid?nc_id=96244ea4-155b-f011-a373-0050568a2d1a
DDS BRADY FARMS LIMITED - P0408,Non Compliance,,https://leap.epa.ie/licence-profile/P0408/compliance/non-compliance/d166e212-fd5b-f011-a373-0050568a2d1a,2025-07-08T00:00:00+00:00,Issued,2025-07-08T00:00:00,P0408,d522c20f-96a7-4b64-b15b-698a8818e365,https://data.epa.ie/leap/api/v1/NonCompliance/byid?nc_id=d166e212-fd5b-f011-a373-0050568a2d1a
Ormonde Organics Limited (Portlaw) - W0287,Non Compliance,,https://leap.epa.ie/licence-profile/W0287/compliance/non-compliance/d2b2b0bf-0a5c-f011-a373-0050568a2d1a,2025-07-08T00:00:00+00:00,Issued,2025-07-08T00:00:00,W0287,6ad3c482-80ad-e611-8d41-0050568a69e2,https://data.epa.ie/leap/api/v1/NonCompliance/byid?nc_id=d2b2b0bf-0a5c-f011-a373-0050568a2d1a
Ormonde Organics Limited (Portlaw) - W0287,Non Compliance,,https://leap.epa.ie/licence-profile/W0287/compliance/non-compliance/e48761f9-0a5c-f011-a373-0050568a2d1a,2025-07-08T00:00:00+00:00,Issued,2025-07-08T00:00:00,W0287,6ad3c482-80ad-e611-8d41-0050568a69e2,https://data.epa.ie/leap/api/v1/NonCompliance/byid?nc_id=e48761f9-0a5c-f011-a373-0050568a2d1a
Western Brand Group Unlimited Company - P0831,Non Compliance,,https://leap.epa.ie/licence-profile/P0831/compliance/non-compliance/f6deecfa-c44d-f011-a373-0050568a2d1a,2025-07-08T00:00:00+00:00,Issued,2025-07-08T00:00:00,P0831,9eb4b5a2-706c-494b-abde-0e5f977b732f,https://data.epa.ie/leap/api/v1/NonCompliance/byid?nc_id=f6deecfa-c44d-f011-a373-0050568a2d1a
Greystones - D0010,Site Visit,,https://leap.epa.ie/licence-profile/D0010/compliance/sitevisit/11b568d7-114d-f011-a373-0050568a2d1a,2025-07-08T00:00:00+00:00,Closed,2025-06-18T00:00:00,D0010,be0e050e-e607-4daf-b829-5d979b2c6f71,https://data.epa.ie/leap/api/v1/SiteVisit/byid?sv_id=11b568d7-114d-f011-a373-0050568a2d1a
Boylan Print Limited - P0784,Site Visit,,https://leap.epa.ie/licence-profile/P0784/compliance/sitevisit/2d03f3ba-dcbd-ef11-a324-0050568a66b2,2025-07-08T00:00:00+00:00,Closed,2025-04-29T00:00:00,P0784,a63be021-1763-4c21-bc79-1e2698598da2,https://data.epa.ie/leap/api/v1/SiteVisit/byid?sv_id=2d03f3ba-dcbd-ef11-a324-0050568a66b2
DDS BRADY FARMS LIMITED - P0408,Site Visit,,https://leap.epa.ie/licence-profile/P0408/compliance/sitevisit/43089819-a6d1-ef11-a325-0050568a66b2,2025-07-08T00:00:00+00:00,Closed,2025-06-11T00:00:00,P0408,d522c20f-96a7-4b64-b15b-698a8818e365,https://data.epa.ie/leap/api/v1/SiteVisit/byid?sv_id=43089819-a6d1-ef11-a325-0050568a66b2
Ormonde Organics Limited (Portlaw) - W0287,Site Visit,,https://leap.epa.ie/licence-profile/W0287/compliance/sitevisit/5c3faaed-8855-f011-a373-0050568a2d1a,2025-07-08T00:00:00+00:00,Closed,2025-06-27T00:00:00,W0287,6ad3c482-80ad-e611-8d41-0050568a69e2,https://data.epa.ie/leap/api/v1/SiteVisit/byid?sv_id=5c3faaed-8855-f011-a373-0050568a2d1a
Carney - A0545,Site Visit,,https://leap.epa.ie/licence-profile/A0545/compliance/sitevisit/6bfdfdde-03f9-ef11-a325-0050568a66b2,2025-07-08T00:00:00+00:00,Closed,2025-06-17T00:00:00,A0545,6f625484-a0a8-e511-987f-0050568a69e2,https://data.epa.ie/leap/api/v1/SiteVisit/byid?sv_id=6bfdfdde-03f9-ef11-a325-0050568a66b2
Tirlán Limited - P0359,Site Visit,,https://leap.epa.ie/licence-profile/P0359/compliance/sitevisit/8502f3ba-dcbd-ef11-a324-0050568a66b2,2025-07-08T00:00:00+00:00,Closed,2025-06-05T00:00:00,P0359,2e54d6ad-33cc-4e86-99ce-fd541afce3f7,https://data.epa.ie/leap/api/v1/SiteVisit/byid?sv_id=8502f3ba-dcbd-ef11-a324-0050568a66b2
"Indaver Ireland Limited (Tolka Quay Road), Dublin Port - W0036",Site Visit,,https://leap.epa.ie/licence-profile/W0036/compliance/sitevisit/92629925-a6d1-ef11-a325-0050568a66b2,2025-07-08T00:00:00+00:00,Closed,2025-06-13T00:00:00,W0036,f1208445-2c62-4636-af98-2f8cf6f048d6,https://data.epa.ie/leap/api/v1/SiteVisit/byid?sv_id=92629925-a6d1-ef11-a325-0050568a66b2
Chemifloc Limited - P0076,Site Visit,,https://leap.epa.ie/licence-profile/P0076/compliance/sitevisit/e301f3ba-dcbd-ef11-a324-0050568a66b2,2025-07-08T00:00:00+00:00,Closed,2025-05-28T00:00:00,P0076,55500f73-0ba0-4716-8d23-365670e0dc31,https://data.epa.ie/leap/api/v1/SiteVisit/byid?sv_id=e301f3ba-dcbd-ef11-a324-0050568a66b2
Anglo Beef Processors Ireland Unlimited Company trading as ABP Waterford - P0205,Complaint,"P0205-02, 05/07/25, Odour",https://leap.epa.ie/licence-profile/P0205/compliance/complaint/a0af2617-435b-f011-a373-0050568a2d1a,2025-07-07T00:00:00+00:00,Open,2025-07-07T00:00:00,P0205,e45b9e00-8ace-4157-b3e3-7a5d07ddea3a,https://data.epa.ie/leap/api/v1/Complaint/byid?complaint_id=a0af2617-435b-f011-a373-0050568a2d1a
Ormonde Organics Limited (Portlaw) - W0287,Complaint,"W0287-02, 25/06/25, Odours",https://leap.epa.ie/licence-profile/W0287/compliance/complaint/fdb0e847-c451-f011-a373-0050568a2d1a,2025-07-07T00:00:00+00:00,Closed,2025-06-25T00:00:00,W0287,6ad3c482-80ad-e611-8d41-0050568a69e2,https://data.epa.ie/leap/api/v1/Complaint/byid?complaint_id=fdb0e847-c451-f011-a373-0050568a2d1a
Guerbet Ireland Unlimited Company - P0050,Incident,Breach of ELV,https://leap.epa.ie/licence-profile/P0050/compliance/incident/09651c60-495b-f011-a373-0050568a2d1a,2025-07-07T00:00:00+00:00,Open,2025-07-07T00:00:00,P0050,ef9f7457-a43a-4fd3-bbdc-12082f22b1dc,https://data.epa.ie/leap/api/v1/Incident/byid?incident_id=09651c60-495b-f011-a373-0050568a2d1a
Dromod - A0275,Incident,Monitoring Equipment Issues,https://leap.epa.ie/licence-profile/A0275/compliance/incident/18ddbdcc-0a5b-f011-a373-0050568a2d1a,2025-07-07T00:00:00+00:00,Open,2025-07-07T00:00:00,A0275,8aeca53a-630f-4d59-8100-ea13e1df6b59,https://data.epa.ie/leap/api/v1/Incident/byid?incident_id=18ddbdcc-0a5b-f011-a373-0050568a2d1a
JANSSEN SCIENCES IRELAND UC - P0778,Incident,Monitoring Equipment Issues,https://leap.epa.ie/licence-profile/P0778/compliance/incident/1c8cc294-435b-f011-a373-0050568a2d1a,2025-07-07T00:00:00+00:00,Closed,2025-07-07T00:00:00,P0778,ff8e8bb5-cf35-4fb1-a789-af7571da741d,https://data.epa.ie/leap/api/v1/Incident/byid?incident_id=1c8cc294-435b-f011-a373-0050568a2d1a
Ringsend - D0034,Incident,Abatement equipment off-line,https://leap.epa.ie/licence-profile/D0034/compliance/incident/2ba1f7a3-5c4c-f011-a373-0050568a2d1a,2025-07-07T00:00:00+00:00,Closed,2025-06-18T00:00:00,D0034,188b6e9c-77a4-4dd9-895c-17080f6af298,https://data.epa.ie/leap/api/v1/Incident/byid?incident_id=2ba1f7a3-5c4c-f011-a373-0050568a2d1a
Drumabodan Landfill Site - W0063,Incident,Trigger Level Reached,https://leap.epa.ie/licence-profile/W0063/compliance/incident/51898334-145b-f011-a373-0050568a2d1a,2025-07-07T00:00:00+00:00,Open,2025-07-07T00:00:00,W0063,6c3ced43-2fb2-448e-ba04-4be281de4379,https://data.epa.ie/leap/api/v1/Incident/byid?incident_id=51898334-145b-f011-a373-0050568a2d1a
Drumsna - A0467,Incident,Abatement equipment off-line,https://leap.epa.ie/licence-profile/A0467/compliance/incident/67ae906e-0b5b-f011-a373-0050568a2d1a,2025-07-07T00:00:00+00:00,Open,2025-07-07T00:00:00,A0467,dc4e5ab7-4fc2-4ccb-afd4-18997c534bad,https://data.epa.ie/leap/api/v1/Incident/byid?incident_id=67ae906e-0b5b-f011-a373-0050568a2d1a
Corranure Landfill - W0077,Incident,Abatement equipment off-line,https://leap.epa.ie/licence-profile/W0077/compliance/incident/7912dec0-b558-f011-a373-0050568a2d1a,2025-07-07T00:00:00+00:00,Closed,2025-07-04T00:00:00,W0077,f65c34d6-7c95-4321-afb4-5d17f6ce575f,https://data.epa.ie/leap/api/v1/Incident/byid?incident_id=7912dec0-b558-f011-a373-0050568a2d1a
Milford - D0342,Incident,shock load to the WWTP,https://leap.epa.ie/licence-profile/D0342/compliance/incident/8fb657ce-4b5b-f011-a373-0050568a2d1a,2025-07-07T00:00:00+00:00,Open,2025-07-07T00:00:00,D0342,ef421854-cf5e-49a3-965c-7ebbb1c7d74d,https://data.epa.ie/leap/api/v1/Incident/byid?incident_id=8fb657ce-4b5b-f011-a373-0050568a2d1a
Corranure Landfill - W0077,Incident,"1) Ammonia 2) 0.26mg/l 3) Surface water monthly monitoring result 4)Sample taken 10/03/2025, resu",https://leap.epa.ie/licence-profile/W0077/compliance/incident/b7c70e15-ba58-f011-a373-0050568a2d1a,2025-07-07T00:00:00+00:00,Closed,2025-07-04T00:00:00,W0077,f65c34d6-7c95-4321-afb4-5d17f6ce575f,https://data.epa.ie/leap/api/v1/Incident/byid?incident_id=b7c70e15-ba58-f011-a373-0050568a2d1a
Sneem - D0285,Incident,Uncontrolled Release,https://leap.epa.ie/licence-profile/D0285/compliance/incident/d11904d8-485b-f011-a373-0050568a2d1a,2025-07-07T00:00:00+00:00,Open,2025-07-07T00:00:00,D0285,68ccc968-005d-466b-b3ae-407b650a583e,https://data.epa.ie/leap/api/v1/Incident/byid?incident_id=d11904d8-485b-f011-a373-0050568a2d1a
Ringsend - D0034,Incident,Abatement equipment off-line,https://leap.epa.ie/licence-profile/D0034/compliance/incident/e99c51b8-3745-f011-a373-0050568a2d1a,2025-07-07T00:00:00+00:00,Closed,2025-06-09T00:00:00,D0034,188b6e9c-77a4-4dd9-895c-17080f6af298,https://data.epa.ie/leap/api/v1/Incident/byid?incident_id=e99c51b8-3745-f011-a373-0050568a2d1a
Ringsend - D0034,Incident,Breach of ELV,https://leap.epa.ie/licence-profile/D0034/compliance/incident/f81bda23-295b-f011-a373-0050568a2d1a,2025-07-07T00:00:00+00:00,Open,2025-07-07T00:00:00,D0034,188b6e9c-77a4-4dd9-895c-17080f6af298,https://data.epa.ie/leap/api/v1/Incident/byid?incident_id=f81bda23-295b-f011-a373-0050568a2d1a
Belmullet - D0074,Incident,Uncontrolled Release,https://leap.epa.ie/licence-profile/D0074/compliance/incident/fccae9e1-145b-f011-a373-0050568a2d1a,2025-07-07T00:00:00+00:00,Open,2025-07-07T00:00:00,D0074,2a248958-8424-4e9c-ae0b-e6598a5e6ef9,https://data.epa.ie/leap/api/v1/Incident/byid?incident_id=fccae9e1-145b-f011-a373-0050568a2d1a
MSD International GmbH t/a MSD Ireland (Dunboyne Biologics) - P1073,Site Updates/Notifications,Installation of UPS for Stormwater Monitoring Station,https://leap.epa.ie/licence-profile/P1073/compliance/return/013ed448-3819-f011-a373-0050568a2d1a,2025-07-07T00:00:00+00:00,Closed,2025-04-14T00:00:00,P1073,541d080f-45b6-448e-8327-82e0cb13dc2e,https://data.epa.ie/leap/api/v1/LicenseeReturns/byid?lr_id=013ed448-3819-f011-a373-0050568a2d1a
Corranure Landfill - W0077,Monitoring Returns,Corranure Q1 2021 Monitoring Reports,https://leap.epa.ie/licence-profile/W0077/compliance/return/0471480b-bb58-f011-a373-0050568a2d1a,2025-07-07T00:00:00+00:00,Closed,2025-07-04T00:00:00,W0077,f65c34d6-7c95-4321-afb4-5d17f6ce575f,https://data.epa.ie/leap/api/v1/LicenseeReturns/byid?lr_id=0471480b-bb58-f011-a373-0050568a2d1a
Doora Landfill Site - W0031,Site Updates/Notifications,Surveying of Leachate wells,https://leap.epa.ie/licence-profile/W0031/compliance/return/08697c94-df57-f011-a373-0050568a2d1a,2025-07-07T00:00:00+00:00,Closed,2025-07-03T00:00:00,W0031,5ff95c14-6e51-49c6-8b88-0e0a54d5c705,https://data.epa.ie/leap/api/v1/LicenseeReturns/byid?lr_id=08697c94-df57-f011-a373-0050568a2d1a
Longwood - D0250,Annual Environmental Report,AER2024_REV1,https://leap.epa.ie/licence-profile/D0250/compliance/return/0abff629-1f5b-f011-a373-0050568a2d1a,2025-07-07T00:00:00+00:00,Open,2025-07-07T00:00:00,D0250,7409defe-b817-4efa-9841-51db99902c0b,https://data.epa.ie/leap/api/v1/LicenseeReturns/byid?lr_id=0abff629-1f5b-f011-a373-0050568a2d1a
Corranure Landfill - W0077,Monitoring Returns,Corranure Q4 2023 Monitoring Reports,https://leap.epa.ie/licence-profile/W0077/compliance/return/0b67a84c-bf58-f011-a373-0050568a2d1a,2025-07-07T00:00:00+00:00,Closed,2025-07-04T00:00:00,W0077,f65c34d6-7c95-4321-afb4-5d17f6ce575f,https://data.epa.ie/leap/api/v1/LicenseeReturns/byid?lr_id=0b67a84c-bf58-f011-a373-0050568a2d1a
Enva Ireland Limited - W0286,Site Updates/Notifications,Non-compliance NC032539 for Licence W0286-01 Response,https://leap.epa.ie/licence-profile/W0286/compliance/return/1ed29e23-3f5b-f011-a373-0050568a2d1a,2025-07-07T00:00:00+00:00,Open,2025-07-07T00:00:00,W0286,d245b974-66b7-e411-b3b4-0050568a69e2,https://data.epa.ie/leap/api/v1/LicenseeReturns/byid?lr_id=1ed29e23-3f5b-f011-a373-0050568a2d1a
JANSSEN SCIENCES IRELAND UC - P0778,Monitoring Returns,Soil Assessment Report 2025,https://leap.epa.ie/licence-profile/P0778/compliance/return/20bfa695-ae55-f011-a373-0050568a2d1a,2025-07-07T00:00:00+00:00,Closed,2025-06-30T00:00:00,P0778,ff8e8bb5-cf35-4fb1-a789-af7571da741d,https://data.epa.ie/leap/api/v1/LicenseeReturns/byid?lr_id=20bfa695-ae55-f011-a373-0050568a2d1a
Ballybunion - D0183,Annual Environmental Report,AER2024_REV1,https://leap.epa.ie/licence-profile/D0183/compliance/return/23f3bc56-1a5b-f011-a373-0050568a2d1a,2025-07-07T00:00:00+00:00,Open,2025-07-07T00:00:00,D0183,cc05510e-21c5-4712-8854-23a0a8404450,https://data.epa.ie/leap/api/v1/LicenseeReturns/byid?lr_id=23f3bc56-1a5b-f011-a373-0050568a2d1a
Moate - D0097,Annual Environmental Report,AER2024_REV1,https://leap.epa.ie/licence-profile/D0097/compliance/return/2408d041-125b-f011-a373-0050568a2d1a,2025-07-07T00:00:00+00:00,Open,2025-07-07T00:00:00,D0097,d3423d50-8b87-4234-9636-d2edf5286d8c,https://data.epa.ie/leap/api/v1/LicenseeReturns/byid?lr_id=2408d041-125b-f011-a373-0050568a2d1a
Corranure Landfill - W0077,Monitoring Returns,Corranure Q1 2023 Monitoring Reports,https://leap.epa.ie/licence-profile/W0077/compliance/return/242d3c28-be58-f011-a373-0050568a2d1a,2025-07-07T00:00:00+00:00,Closed,2025-07-04T00:00:00,W0077,f65c34d6-7c95-4321-afb4-5d17f6ce575f,https://data.epa.ie/leap/api/v1/LicenseeReturns/byid?lr_id=242d3c28-be58-f011-a373-0050568a2d1a
Killucan - D0100,Annual Environmental Report,AER2024_REV1,https://leap.epa.ie/licence-profile/D0100/compliance/return/370541c1-125b-f011-a373-0050568a2d1a,2025-07-07T00:00:00+00:00,Open,2025-07-07T00:00:00,D0100,a30a10d3-fd4f-4f6f-961f-22b71b476a08,https://data.epa.ie/leap/api/v1/LicenseeReturns/byid?lr_id=370541c1-125b-f011-a373-0050568a2d1a
Enrich Environmental Limited - P1163,Site Updates/Notifications,Leachate tank information requested,https://leap.epa.ie/licence-profile/P1163/compliance/return/373f4fe7-1a5b-f011-a373-0050568a2d1a,2025-07-07T00:00:00+00:00,Open,2025-07-07T00:00:00,P1163,025e0c4b-b9ab-42a7-be22-32b1af2e50a9,https://data.epa.ie/leap/api/v1/LicenseeReturns/byid?lr_id=373f4fe7-1a5b-f011-a373-0050568a2d1a
Kilbeggan - D0103,Annual Environmental Report,AER2024_REV1,https://leap.epa.ie/licence-profile/D0103/compliance/return/3891ec31-135b-f011-a373-0050568a2d1a,2025-07-07T00:00:00+00:00,Open,2025-07-07T00:00:00,D0103,b94b78e1-5de1-43f9-aa16-d6771ddf85cc,https://data.epa.ie/leap/api/v1/LicenseeReturns/byid?lr_id=3891ec31-135b-f011-a373-0050568a2d1a
Corranure Landfill - W0077,Monitoring Returns,Corranure Q3 (Annual) 2021 Monitoring Reports,https://leap.epa.ie/licence-profile/W0077/compliance/return/3b03ec5b-bb58-f011-a373-0050568a2d1a,2025-07-07T00:00:00+00:00,Closed,2025-07-04T00:00:00,W0077,f65c34d6-7c95-4321-afb4-5d17f6ce575f,https://data.epa.ie/leap/api/v1/LicenseeReturns/byid?lr_id=3b03ec5b-bb58-f011-a373-0050568a2d1a
Starrus Eco Holdings Limited (Ballymount) - W0039,Site Updates/Notifications,W0039 Weighbridge report,https://leap.epa.ie/licence-profile/W0039/compliance/return/3ca30bfd-294c-f011-a373-0050568a2d1a,2025-07-07T00:00:00+00:00,Closed,2025-06-18T00:00:00,W0039,4b5745d7-80de-49d3-892a-819d3af85e7a,https://data.epa.ie/leap/api/v1/LicenseeReturns/byid?lr_id=3ca30bfd-294c-f011-a373-0050568a2d1a
Ballon Wastewater Treatment Plant - D0247,Annual Environmental Report,AER2024_REV1,https://leap.epa.ie/licence-profile/D0247/compliance/return/3fb116d5-1b5b-f011-a373-0050568a2d1a,2025-07-07T00:00:00+00:00,Open,2025-07-07T00:00:00,D0247,c1f1511e-65d9-4264-a6e1-f79c1b458747,https://data.epa.ie/leap/api/v1/LicenseeReturns/byid?lr_id=3fb116d5-1b5b-f011-a373-0050568a2d1a
Port of Waterford. - S0012,Site Updates/Notifications,Completion notice late June ploughing,https://leap.epa.ie/licence-profile/S0012/compliance/return/42440f79-ef58-f011-a373-0050568a2d1a,2025-07-07T00:00:00+00:00,Closed,2025-07-04T00:00:00,S0012,d3e61a83-98a6-e611-8d41-0050568a69e2,https://data.epa.ie/leap/api/v1/LicenseeReturns/byid?lr_id=42440f79-ef58-f011-a373-0050568a2d1a
Corranure Landfill - W0077,Monitoring Returns,Corranure Q2 2022 Monitoring Reports,https://leap.epa.ie/licence-profile/W0077/compliance/return/4708a141-bc58-f011-a373-0050568a2d1a,2025-07-07T00:00:00+00:00,Closed,2025-07-04T00:00:00,W0077,f65c34d6-7c95-4321-afb4-5d17f6ce575f,https://data.epa.ie/leap/api/v1/LicenseeReturns/byid?lr_id=4708a141-bc58-f011-a373-0050568a2d1a
Dunleer - D0111,Annual Environmental Report,AER 2024,https://leap.epa.ie/licence-profile/D0111/compliance/return/478d78b2-7b26-f011-a373-0050568a2d1a,2025-07-07T00:00:00+00:00,Closed,2025-05-01T00:00:00,D0111,30a57593-441a-41fd-81f8-94f607fd4f54,https://data.epa.ie/leap/api/v1/LicenseeReturns/byid?lr_id=478d78b2-7b26-f011-a373-0050568a2d1a
Starrus Eco Holdings Limited (Ballymount) - W0039,Site Updates/Notifications,Eden Access,https://leap.epa.ie/licence-profile/W0039/compliance/return/4baa480d-ed58-f011-a373-0050568a2d1a,2025-07-07T00:00:00+00:00,Closed,2025-07-04T00:00:00,W0039,4b5745d7-80de-49d3-892a-819d3af85e7a,https://data.epa.ie/leap/api/v1/LicenseeReturns/byid?lr_id=4baa480d-ed58-f011-a373-0050568a2d1a
Clonmany - D0533,Annual Environmental Report,AER2024_REV1,https://leap.epa.ie/licence-profile/D0533/compliance/return/4e9a6132-395b-f011-a373-0050568a2d1a,2025-07-07T00:00:00+00:00,Open,2025-07-07T00:00:00,D0533,cf49341d-9248-4328-83af-094063fbb0b4,https://data.epa.ie/leap/api/v1/LicenseeReturns/byid?lr_id=4e9a6132-395b-f011-a373-0050568a2d1a
North Cork Co-Op Creameries Limited - P1051,Site Updates/Notifications,Response to CI002209: Cease discharge to river until compliant,https://leap.epa.ie/licence-profile/P1051/compliance/return/561853a5-e158-f011-a373-0050568a2d1a,2025-07-07T00:00:00+00:00,Closed,2025-07-04T00:00:00,P1051,c927580f-5fd8-e811-a2db-0050568a66b2,https://data.epa.ie/leap/api/v1/LicenseeReturns/byid?lr_id=561853a5-e158-f011-a373-0050568a2d1a
Ardee - D0117,Annual Environmental Report,AER2024_REV1,https://leap.epa.ie/licence-profile/D0117/compliance/return/59898334-145b-f011-a373-0050568a2d1a,2025-07-07T00:00:00+00:00,Open,2025-07-07T00:00:00,D0117,19147670-f2d6-4cb1-bad3-8544800149d0,https://data.epa.ie/leap/api/v1/LicenseeReturns/byid?lr_id=59898334-145b-f011-a373-0050568a2d1a
Athy - D0003,Annual Environmental Report,AER2024_REV1,https://leap.epa.ie/licence-profile/D0003/compliance/return/59aac7e5-105b-f011-a373-0050568a2d1a,2025-07-07T00:00:00+00:00,Open,2025-07-07T00:00:00,D0003,13e0cc8b-14c5-4fd2-8206-c14992d9e7aa,https://data.epa.ie/leap/api/v1/LicenseeReturns/byid?lr_id=59aac7e5-105b-f011-a373-0050568a2d1a
Askeaton - D0315,Annual Environmental Report,AER2024_REV1,https://leap.epa.ie/licence-profile/D0315/compliance/return/5bf83793-245b-f011-a373-0050568a2d1a,2025-07-07T00:00:00+00:00,Open,2025-07-07T00:00:00,D0315,8157da6f-69b0-4282-bcef-83b2986a5ab8,https://data.epa.ie/leap/api/v1/LicenseeReturns/byid?lr_id=5bf83793-245b-f011-a373-0050568a2d1a
Ballygarvan - D0540,Annual Environmental Report,AER2024_REV1,https://leap.epa.ie/licence-profile/D0540/compliance/return/5e4956ef-395b-f011-a373-0050568a2d1a,2025-07-07T00:00:00+00:00,Open,2025-07-07T00:00:00,D0540,f61f486f-bd78-4698-9459-bd646f7af9e4,https://data.epa.ie/leap/api/v1/LicenseeReturns/byid?lr_id=5e4956ef-395b-f011-a373-0050568a2d1a
Ballyroan - D0385,Site Updates/Notifications,Ballyroan WWTP Upgrade Works,https://leap.epa.ie/licence-profile/D0385/compliance/return/60309408-3a5b-f011-a373-0050568a2d1a,2025-07-07T00:00:00+00:00,Open,2025-07-07T00:00:00,D0385,b82b91a3-2878-465f-b5ac-7d800017742f,https://data.epa.ie/leap/api/v1/LicenseeReturns/byid?lr_id=60309408-3a5b-f011-a373-0050568a2d1a
Thermo Fisher Scientific Cork Limited - P0004,Requests for Approval and Site Reports,New Product Introduction – Project Avril Stage 1 – 4,https://leap.epa.ie/licence-profile/P0004/compliance/return/64b2a754-e358-f011-a373-0050568a2d1a,2025-07-07T00:00:00+00:00,Closed,2025-07-04T00:00:00,P0004,1a507022-d459-4a98-afb9-cc0587998ac1,https://data.epa.ie/leap/api/v1/LicenseeReturns/byid?lr_id=64b2a754-e358-f011-a373-0050568a2d1a
Indaver Ireland Limited (Duleek) - W0167,Site Updates/Notifications,Radiation detector corrective maintenance,https://leap.epa.ie/licence-profile/W0167/compliance/return/6a173c5b-6d56-f011-a373-0050568a2d1a,2025-07-07T00:00:00+00:00,Closed,2025-07-01T00:00:00,W0167,8dc6d731-ef7b-4e1e-9a08-8e8009148d52,https://data.epa.ie/leap/api/v1/LicenseeReturns/byid?lr_id=6a173c5b-6d56-f011-a373-0050568a2d1a
Corranure Landfill - W0077,Monitoring Returns,Corranure Q2 2021 Monitoring Reports,https://leap.epa.ie/licence-profile/W0077/compliance/return/6b692b2a-bb58-f011-a373-0050568a2d1a,2025-07-07T00:00:00+00:00,Closed,2025-07-04T00:00:00,W0077,f65c34d6-7c95-4321-afb4-5d17f6ce575f,https://data.epa.ie/leap/api/v1/LicenseeReturns/byid?lr_id=6b692b2a-bb58-f011-a373-0050568a2d1a
Doora Landfill Site - W0031,Site Updates/Notifications,Response to SV32536,https://leap.epa.ie/licence-profile/W0031/compliance/return/6cf825dd-2d57-f011-a373-0050568a2d1a,2025-07-07T00:00:00+00:00,Closed,2025-07-02T00:00:00,W0031,5ff95c14-6e51-49c6-8b88-0e0a54d5c705,https://data.epa.ie/leap/api/v1/LicenseeReturns/byid?lr_id=6cf825dd-2d57-f011-a373-0050568a2d1a
Enfield - D0131,Annual Environmental Report,AER2024_REV1,https://leap.epa.ie/licence-profile/D0131/compliance/return/6ff77155-155b-f011-a373-0050568a2d1a,2025-07-07T00:00:00+00:00,Open,2025-07-07T00:00:00,D0131,22bb3bf5-c00e-46d3-810e-2562b53d9164,https://data.epa.ie/leap/api/v1/LicenseeReturns/byid?lr_id=6ff77155-155b-f011-a373-0050568a2d1a
Ballycastle - D0356,Annual Environmental Report,AER2024_REV1,https://leap.epa.ie/licence-profile/D0356/compliance/return/70730334-265b-f011-a373-0050568a2d1a,2025-07-07T00:00:00+00:00,Open,2025-07-07T00:00:00,D0356,43bcad7d-2e87-4b3d-bb03-9f5bbeea8f05,https://data.epa.ie/leap/api/v1/LicenseeReturns/byid?lr_id=70730334-265b-f011-a373-0050568a2d1a
Gairdini - P0639,Site Updates/Notifications,Underground pipeline repairs,https://leap.epa.ie/licence-profile/P0639/compliance/return/73d6ec35-e358-f011-a373-0050568a2d1a,2025-07-07T00:00:00+00:00,Closed,2025-07-04T00:00:00,P0639,ad521268-f974-43a7-b12d-74ab4b779731,https://data.epa.ie/leap/api/v1/LicenseeReturns/byid?lr_id=73d6ec35-e358-f011-a373-0050568a2d1a
Ballyhooley and Environs - D0432,Annual Environmental Report,AER2024_REV1,https://leap.epa.ie/licence-profile/D0432/compliance/return/798663cb-355b-f011-a373-0050568a2d1a,2025-07-07T00:00:00+00:00,Open,2025-07-07T00:00:00,D0432,4f42a783-9a94-47f8-8d28-93689f5f321c,https://data.epa.ie/leap/api/v1/LicenseeReturns/byid?lr_id=798663cb-355b-f011-a373-0050568a2d1a
Creeslough - D0534,Annual Environmental Report,AER2024_REV1,https://leap.epa.ie/licence-profile/D0534/compliance/return/798f6194-395b-f011-a373-0050568a2d1a,2025-07-07T00:00:00+00:00,Open,2025-07-07T00:00:00,D0534,d6dd543f-9b7f-4ab8-87b1-ff28ef26a7d9,https://data.epa.ie/leap/api/v1/LicenseeReturns/byid?lr_id=798f6194-395b-f011-a373-0050568a2d1a
Corranure Landfill - W0077,Monitoring Returns,Corranure Q4 2022 Monitoring Reports,https://leap.epa.ie/licence-profile/W0077/compliance/return/7baf26aa-bd58-f011-a373-0050568a2d1a,2025-07-07T00:00:00+00:00,Closed,2025-07-04T00:00:00,W0077,f65c34d6-7c95-4321-afb4-5d17f6ce575f,https://data.epa.ie/leap/api/v1/LicenseeReturns/byid?lr_id=7baf26aa-bd58-f011-a373-0050568a2d1a
Merck Millipore Limited - P0571,Site Updates/Notifications,A1-9 Maintenance & Annual PM 2025,https://leap.epa.ie/licence-profile/P0571/compliance/return/814974c7-8e56-f011-a373-0050568a2d1a,2025-07-07T00:00:00+00:00,Closed,2025-07-01T00:00:00,P0571,b6c708e3-93c0-41c2-a1dc-5d12732e786c,https://data.epa.ie/leap/api/v1/LicenseeReturns/byid?lr_id=814974c7-8e56-f011-a373-0050568a2d1a
Milltown Composting Systems Limited - W0270,Site Updates/Notifications,Response to NC031859 & Section 2.3 of SV31573,https://leap.epa.ie/licence-profile/W0270/compliance/return/815a6853-9655-f011-a373-0050568a2d1a,2025-07-07T00:00:00+00:00,Closed,2025-06-30T00:00:00,W0270,fe25a7be-b6b1-4353-a8b8-5d5ce20c15dd,https://data.epa.ie/leap/api/v1/LicenseeReturns/byid?lr_id=815a6853-9655-f011-a373-0050568a2d1a
Beckman Coulter Ireland Inc. Unlimited Company - P1131,Monitoring Returns,Bypass Log,https://leap.epa.ie/licence-profile/P1131/compliance/return/841c4977-bd55-f011-a373-0050568a2d1a,2025-07-07T00:00:00+00:00,Closed,2025-06-30T00:00:00,P1131,a8470f9d-4e5c-4b21-b20a-0b71c869c129,https://data.epa.ie/leap/api/v1/LicenseeReturns/byid?lr_id=841c4977-bd55-f011-a373-0050568a2d1a
Drumconrath - D0483,Annual Environmental Report,AER2024_REV1,https://leap.epa.ie/licence-profile/D0483/compliance/return/86ec3c29-375b-f011-a373-0050568a2d1a,2025-07-07T00:00:00+00:00,Open,2025-07-07T00:00:00,D0483,b0366045-2ae3-43a1-89f3-c1c5e5878d32,https://data.epa.ie/leap/api/v1/LicenseeReturns/byid?lr_id=86ec3c29-375b-f011-a373-0050568a2d1a
Ballyvourney Ballymakeery - D0299,Annual Environmental Report,AER2024_REV1,https://leap.epa.ie/licence-profile/D0299/compliance/return/8760a479-235b-f011-a373-0050568a2d1a,2025-07-07T00:00:00+00:00,Open,2025-07-07T00:00:00,D0299,0451ea84-dff2-4bff-8d34-137811335a26,https://data.epa.ie/leap/api/v1/LicenseeReturns/byid?lr_id=8760a479-235b-f011-a373-0050568a2d1a
Dunleer - D0111,Annual Environmental Report,AER2024_01,https://leap.epa.ie/licence-profile/D0111/compliance/return/8b7036bf-135b-f011-a373-0050568a2d1a,2025-07-07T00:00:00+00:00,Open,2025-07-07T00:00:00,D0111,30a57593-441a-41fd-81f8-94f607fd4f54,https://data.epa.ie/leap/api/v1/LicenseeReturns/byid?lr_id=8b7036bf-135b-f011-a373-0050568a2d1a
Corranure Landfill - W0077,Monitoring Returns,Corranure Q2 2023 Monitoring Reports,https://leap.epa.ie/licence-profile/W0077/compliance/return/8c3a9b9d-be58-f011-a373-0050568a2d1a,2025-07-07T00:00:00+00:00,Closed,2025-07-04T00:00:00,W0077,f65c34d6-7c95-4321-afb4-5d17f6ce575f,https://data.epa.ie/leap/api/v1/LicenseeReturns/byid?lr_id=8c3a9b9d-be58-f011-a373-0050568a2d1a
Duleek - D0133,Annual Environmental Report,AER2024_REV1,https://leap.epa.ie/licence-profile/D0133/compliance/return/8d9291c9-1a5b-f011-a373-0050568a2d1a,2025-07-07T00:00:00+00:00,Open,2025-07-07T00:00:00,D0133,3be8dfe0-35dc-49d1-ab2a-856ea40fd390,https://data.epa.ie/leap/api/v1/LicenseeReturns/byid?lr_id=8d9291c9-1a5b-f011-a373-0050568a2d1a
Merck Millipore Limited - P0571,Requests for Approval and Site Reports,IC4 Commissioning - Boilers & RTOs,https://leap.epa.ie/licence-profile/P0571/compliance/return/8ef115b0-dc35-f011-a373-0050568a2d1a,2025-07-07T00:00:00+00:00,Closed,2025-05-21T00:00:00,P0571,b6c708e3-93c0-41c2-a1dc-5d12732e786c,https://data.epa.ie/leap/api/v1/LicenseeReturns/byid?lr_id=8ef115b0-dc35-f011-a373-0050568a2d1a
Littleton - D0480,Annual Environmental Report,AER2024_REV1,https://leap.epa.ie/licence-profile/D0480/compliance/return/93c01bb2-365b-f011-a373-0050568a2d1a,2025-07-07T00:00:00+00:00,Open,2025-07-07T00:00:00,D0480,649e7541-3a60-46ee-a8f2-715e719a15ce,https://data.epa.ie/leap/api/v1/LicenseeReturns/byid?lr_id=93c01bb2-365b-f011-a373-0050568a2d1a
Ballivor - D0254,Annual Environmental Report,AER2024_REV1,https://leap.epa.ie/licence-profile/D0254/compliance/return/9e405491-205b-f011-a373-0050568a2d1a,2025-07-07T00:00:00+00:00,Open,2025-07-07T00:00:00,D0254,75a22dc5-bf20-4978-8e42-3e5521011a1f,https://data.epa.ie/leap/api/v1/LicenseeReturns/byid?lr_id=9e405491-205b-f011-a373-0050568a2d1a
Ballyconnell - D0253,Annual Environmental Report,AER2024_REV1,https://leap.epa.ie/licence-profile/D0253/compliance/return/a19921a1-1f5b-f011-a373-0050568a2d1a,2025-07-07T00:00:00+00:00,Open,2025-07-07T00:00:00,D0253,1ad50b08-6ff4-4eff-a354-8b7481ea18fc,https://data.epa.ie/leap/api/v1/LicenseeReturns/byid?lr_id=a19921a1-1f5b-f011-a373-0050568a2d1a
Kingspan Building Products Limited - P0065,Site Updates/Notifications,Kingspan Shutdown - Summer 2025,https://leap.epa.ie/licence-profile/P0065/compliance/return/a493e166-ca55-f011-a373-0050568a2d1a,2025-07-07T00:00:00+00:00,Closed,2025-06-30T00:00:00,P0065,41bfea9c-c15a-4569-9cdf-a90959127188,https://data.epa.ie/leap/api/v1/LicenseeReturns/byid?lr_id=a493e166-ca55-f011-a373-0050568a2d1a
Ballyclough - D0441,Annual Environmental Report,AER2024_REV1,https://leap.epa.ie/licence-profile/D0441/compliance/return/ae74b749-365b-f011-a373-0050568a2d1a,2025-07-07T00:00:00+00:00,Open,2025-07-07T00:00:00,D0441,3aa2b69b-f9d5-4b5f-afa8-b5ce2a94171d,https://data.epa.ie/leap/api/v1/LicenseeReturns/byid?lr_id=ae74b749-365b-f011-a373-0050568a2d1a
Pfizer Ireland Pharmaceuticals Unlimited Company (Ringaskiddy) - P0013,Requests for Approval and Site Reports,Fire fighting foam containing PFOA,https://leap.epa.ie/licence-profile/P0013/compliance/return/b25f4fa0-0058-f011-a373-0050568a2d1a,2025-07-07T00:00:00+00:00,Closed,2025-07-03T00:00:00,P0013,8e7289a5-44fc-4715-b9b6-a76e88c16c0d,https://data.epa.ie/leap/api/v1/LicenseeReturns/byid?lr_id=b25f4fa0-0058-f011-a373-0050568a2d1a
Starrus Eco Holdings Limited (Waterford City) - W0177,Site Updates/Notifications,Proposed Drainage Layout,https://leap.epa.ie/licence-profile/W0177/compliance/return/b474b2c6-455b-f011-a373-0050568a2d1a,2025-07-07T00:00:00+00:00,Open,2025-07-07T00:00:00,W0177,c1850155-df4d-425d-9971-730bdb3c91b8,https://data.epa.ie/leap/api/v1/LicenseeReturns/byid?lr_id=b474b2c6-455b-f011-a373-0050568a2d1a
Corranure Landfill - W0077,Monitoring Returns,Corranure Q3 2023 Monitoring Reports,https://leap.epa.ie/licence-profile/W0077/compliance/return/b9149328-bf58-f011-a373-0050568a2d1a,2025-07-07T00:00:00+00:00,Closed,2025-07-04T00:00:00,W0077,f65c34d6-7c95-4321-afb4-5d17f6ce575f,https://data.epa.ie/leap/api/v1/LicenseeReturns/byid?lr_id=b9149328-bf58-f011-a373-0050568a2d1a
Starrus Eco Holdings Limited (Ballymount) - W0039,Monitoring Returns,Dust annual report 2024,https://leap.epa.ie/licence-profile/W0039/compliance/return/bcb2de8e-18ea-ef11-a372-0050568a2d1a,2025-07-07T00:00:00+00:00,Closed,2025-02-13T00:00:00,W0039,4b5745d7-80de-49d3-892a-819d3af85e7a,https://data.epa.ie/leap/api/v1/LicenseeReturns/byid?lr_id=bcb2de8e-18ea-ef11-a372-0050568a2d1a
Ballyliffen - D0351,Annual Environmental Report,AER2024_REV1,https://leap.epa.ie/licence-profile/D0351/compliance/return/cb83f876-255b-f011-a373-0050568a2d1a,2025-07-07T00:00:00+00:00,Open,2025-07-07T00:00:00,D0351,1cf96f28-7773-466a-8fcc-ed4035cf28c1,https://data.epa.ie/leap/api/v1/LicenseeReturns/byid?lr_id=cb83f876-255b-f011-a373-0050568a2d1a
Starrus Eco Holdings Limited (Greenogue) - W0188,Site Updates/Notifications,Eden Access,https://leap.epa.ie/licence-profile/W0188/compliance/return/ccfc3f7c-f758-f011-a373-0050568a2d1a,2025-07-07T00:00:00+00:00,Closed,2025-07-04T00:00:00,W0188,30f61d20-175e-4cc3-8628-ee84d331735d,https://data.epa.ie/leap/api/v1/LicenseeReturns/byid?lr_id=ccfc3f7c-f758-f011-a373-0050568a2d1a
Freshford - D0526,Annual Environmental Report,AER2024_REV1,https://leap.epa.ie/licence-profile/D0526/compliance/return/cd2f0acb-385b-f011-a373-0050568a2d1a,2025-07-07T00:00:00+00:00,Open,2025-07-07T00:00:00,D0526,62f41464-0d18-452a-ab45-01ebc88c1c1f,https://data.epa.ie/leap/api/v1/LicenseeReturns/byid?lr_id=cd2f0acb-385b-f011-a373-0050568a2d1a
Corranure Landfill - W0077,Monitoring Returns,Corranure Q4 2021 Monitoring Reports,https://leap.epa.ie/licence-profile/W0077/compliance/return/d16e8592-bb58-f011-a373-0050568a2d1a,2025-07-07T00:00:00+00:00,Closed,2025-07-04T00:00:00,W0077,f65c34d6-7c95-4321-afb4-5d17f6ce575f,https://data.epa.ie/leap/api/v1/LicenseeReturns/byid?lr_id=d16e8592-bb58-f011-a373-0050568a2d1a
Adare - D0312,Annual Environmental Report,AER2024_REV1,https://leap.epa.ie/licence-profile/D0312/compliance/return/d3fc9114-245b-f011-a373-0050568a2d1a,2025-07-07T00:00:00+00:00,Open,2025-07-07T00:00:00,D0312,69a228ce-6ff7-415c-84eb-6a8ede955eb3,https://data.epa.ie/leap/api/v1/LicenseeReturns/byid?lr_id=d3fc9114-245b-f011-a373-0050568a2d1a
MSD International GmbH t/a MSD Ireland (Dunboyne Biologics) - P1073,Site Updates/Notifications,Electrical Installation of breaker in SE-1 kiosk,https://leap.epa.ie/licence-profile/P1073/compliance/return/d6723220-013b-f011-a373-0050568a2d1a,2025-07-07T00:00:00+00:00,Closed,2025-05-27T00:00:00,P1073,541d080f-45b6-448e-8327-82e0cb13dc2e,https://data.epa.ie/leap/api/v1/LicenseeReturns/byid?lr_id=d6723220-013b-f011-a373-0050568a2d1a
Bord Na Móna Recycling Limited - W0222,Requests for Approval and Site Reports,Fuel Storage for Fire Water Suppression System,https://leap.epa.ie/licence-profile/W0222/compliance/return/dcb927d5-f350-f011-a373-0050568a2d1a,2025-07-07T00:00:00+00:00,Closed,2025-06-24T00:00:00,W0222,db967645-e5c5-438f-9cb5-7bcf91287c66,https://data.epa.ie/leap/api/v1/LicenseeReturns/byid?lr_id=dcb927d5-f350-f011-a373-0050568a2d1a
Ballylynan - D0291,Annual Environmental Report,AER2024_REV1,https://leap.epa.ie/licence-profile/D0291/compliance/return/ddf1ab88-225b-f011-a373-0050568a2d1a,2025-07-07T00:00:00+00:00,Open,2025-07-07T00:00:00,D0291,97e3f612-89da-4660-8087-28ed279770c8,https://data.epa.ie/leap/api/v1/LicenseeReturns/byid?lr_id=ddf1ab88-225b-f011-a373-0050568a2d1a
Ballyhaunis - D0069,Annual Environmental Report,AER2024_REV1,https://leap.epa.ie/licence-profile/D0069/compliance/return/deed5199-115b-f011-a373-0050568a2d1a,2025-07-07T00:00:00+00:00,Open,2025-07-07T00:00:00,D0069,9e8a0345-76ab-4699-933e-75a3feedbcd0,https://data.epa.ie/leap/api/v1/LicenseeReturns/byid?lr_id=deed5199-115b-f011-a373-0050568a2d1a
Corranure Landfill - W0077,Monitoring Returns,Corranure Q1 2022 Monitoring Reports,https://leap.epa.ie/licence-profile/W0077/compliance/return/eaaadbea-bb58-f011-a373-0050568a2d1a,2025-07-07T00:00:00+00:00,Closed,2025-07-04T00:00:00,W0077,f65c34d6-7c95-4321-afb4-5d17f6ce575f,https://data.epa.ie/leap/api/v1/LicenseeReturns/byid?lr_id=eaaadbea-bb58-f011-a373-0050568a2d1a
Ballymore - D0509,Annual Environmental Report,AER2024_REV1,https://leap.epa.ie/licence-profile/D0509/compliance/return/ee89f868-385b-f011-a373-0050568a2d1a,2025-07-07T00:00:00+00:00,Open,2025-07-07T00:00:00,D0509,42e5deee-29b0-452b-a31d-76096447feaa,https://data.epa.ie/leap/api/v1/LicenseeReturns/byid?lr_id=ee89f868-385b-f011-a373-0050568a2d1a
Corranure Landfill - W0077,Monitoring Returns,Corranure Q3 (Annual) 2022 Monitoring Reports,https://leap.epa.ie/licence-profile/W0077/compliance/return/f067dcc7-bc58-f011-a373-0050568a2d1a,2025-07-07T00:00:00+00:00,Closed,2025-07-04T00:00:00,W0077,f65c34d6-7c95-4321-afb4-5d17f6ce575f,https://data.epa.ie/leap/api/v1/LicenseeReturns/byid?lr_id=f067dcc7-bc58-f011-a373-0050568a2d1a
Ballyleague and Environs - D0229,Annual Environmental Report,AER2024_REV1,https://leap.epa.ie/licence-profile/D0229/compliance/return/f6b13e64-1b5b-f011-a373-0050568a2d1a,2025-07-07T00:00:00+00:00,Open,2025-07-07T00:00:00,D0229,748b7706-7908-4d88-8de2-329bd48b54bc,https://data.epa.ie/leap/api/v1/LicenseeReturns/byid?lr_id=f6b13e64-1b5b-f011-a373-0050568a2d1a
JANSSEN SCIENCES IRELAND UC - P0778,Monitoring Returns,Groundwater Monitoring Report Round 1- 2025,https://leap.epa.ie/licence-profile/P0778/compliance/return/f82cf9ca-9855-f011-a373-0050568a2d1a,2025-07-07T00:00:00+00:00,Closed,2025-06-30T00:00:00,P0778,ff8e8bb5-cf35-4fb1-a789-af7571da741d,https://data.epa.ie/leap/api/v1/LicenseeReturns/byid?lr_id=f82cf9ca-9855-f011-a373-0050568a2d1a
Millstreet & Environs - D0332,Annual Environmental Report,AER2024_REV1,https://leap.epa.ie/licence-profile/D0332/compliance/return/fe4a80fb-245b-f011-a373-0050568a2d1a,2025-07-07T00:00:00+00:00,Open,2025-07-07T00:00:00,D0332,d4e255c2-1797-4498-bb9e-bf4e4bb50df4,https://data.epa.ie/leap/api/v1/LicenseeReturns/byid?lr_id=fe4a80fb-245b-f011-a373-0050568a2d1a
Irish Cement Limited (Platin) - P0030,EPA Initiated Correspondence,,https://leap.epa.ie/licence-profile/P0030/compliance/epa-correspondence/3ee28979-c155-f011-a373-0050568a2d1a,2025-07-07T00:00:00+00:00,Closed,2025-06-30T00:00:00,P0030,d35a8ce3-2aa7-4796-b118-b9fd69335ba1,https://data.epa.ie/leap/api/v1/MeetingCorrespondence/epainiciatedcorrespondencebyid?epainitiatedcorrespondence_id=3ee28979-c155-f011-a373-0050568a2d1a
Donohill Landfill - W0074,Non Compliance,,https://leap.epa.ie/licence-profile/W0074/compliance/non-compliance/1e2c7c2f-115b-f011-a373-0050568a2d1a,2025-07-07T00:00:00+00:00,Issued,2025-07-07T00:00:00,W0074,cdb83cc9-092b-4574-ab13-4711ac3355c0,https://data.epa.ie/leap/api/v1/NonCompliance/byid?nc_id=1e2c7c2f-115b-f011-a373-0050568a2d1a
Bord Na Móna Recycling Limited - W0240,Non Compliance,,https://leap.epa.ie/licence-profile/W0240/compliance/non-compliance/2768d66a-8652-f011-a373-0050568a2d1a,2025-07-07T00:00:00+00:00,Issued,2025-07-07T00:00:00,W0240,77f369a0-823e-4478-aeb0-49662581f1e1,https://data.epa.ie/leap/api/v1/NonCompliance/byid?nc_id=2768d66a-8652-f011-a373-0050568a2d1a
Donohill Landfill - W0074,Non Compliance,,https://leap.epa.ie/licence-profile/W0074/compliance/non-compliance/28c9628e-155b-f011-a373-0050568a2d1a,2025-07-07T00:00:00+00:00,Issued,2025-07-07T00:00:00,W0074,cdb83cc9-092b-4574-ab13-4711ac3355c0,https://data.epa.ie/leap/api/v1/NonCompliance/byid?nc_id=28c9628e-155b-f011-a373-0050568a2d1a
Oxigen Environmental Unlimited Company (Robinhood) - W0152,Non Compliance,,https://leap.epa.ie/licence-profile/W0152/compliance/non-compliance/463d62f1-5757-f011-a373-0050568a2d1a,2025-07-07T00:00:00+00:00,Issued,2025-07-07T00:00:00,W0152,77b64838-b26d-477c-88cc-fc360873cb37,https://data.epa.ie/leap/api/v1/NonCompliance/byid?nc_id=463d62f1-5757-f011-a373-0050568a2d1a
Donohill Landfill - W0074,Non Compliance,,https://leap.epa.ie/licence-profile/W0074/compliance/non-compliance/4c915b87-175b-f011-a373-0050568a2d1a,2025-07-07T00:00:00+00:00,Issued,2025-07-07T00:00:00,W0074,cdb83cc9-092b-4574-ab13-4711ac3355c0,https://data.epa.ie/leap/api/v1/NonCompliance/byid?nc_id=4c915b87-175b-f011-a373-0050568a2d1a
Donohill Landfill - W0074,Non Compliance,,https://leap.epa.ie/licence-profile/W0074/compliance/non-compliance/4f30d8ca-105b-f011-a373-0050568a2d1a,2025-07-07T00:00:00+00:00,Issued,2025-07-07T00:00:00,W0074,cdb83cc9-092b-4574-ab13-4711ac3355c0,https://data.epa.ie/leap/api/v1/NonCompliance/byid?nc_id=4f30d8ca-105b-f011-a373-0050568a2d1a
WuXi Vaccines Ireland Limited - P1146,Non Compliance,,https://leap.epa.ie/licence-profile/P1146/compliance/non-compliance/5055d3bd-ec58-f011-a373-0050568a2d1a,2025-07-07T00:00:00+00:00,Issued,2025-07-07T00:00:00,P1146,fedcbf7d-8376-4f30-8b27-d3abd5c54e88,https://data.epa.ie/leap/api/v1/NonCompliance/byid?nc_id=5055d3bd-ec58-f011-a373-0050568a2d1a
Donohill Landfill - W0074,Non Compliance,,https://leap.epa.ie/licence-profile/W0074/compliance/non-compliance/79d59f04-165b-f011-a373-0050568a2d1a,2025-07-07T00:00:00+00:00,Issued,2025-07-07T00:00:00,W0074,cdb83cc9-092b-4574-ab13-4711ac3355c0,https://data.epa.ie/leap/api/v1/NonCompliance/byid?nc_id=79d59f04-165b-f011-a373-0050568a2d1a
Oxigen Environmental Unlimited Company (Robinhood) - W0152,Non Compliance,,https://leap.epa.ie/licence-profile/W0152/compliance/non-compliance/b2b6cdac-5757-f011-a373-0050568a2d1a,2025-07-07T00:00:00+00:00,Issued,2025-07-07T00:00:00,W0152,77b64838-b26d-477c-88cc-fc360873cb37,https://data.epa.ie/leap/api/v1/NonCompliance/byid?nc_id=b2b6cdac-5757-f011-a373-0050568a2d1a
Boston Scientific Limited - P0725,Non Compliance,,https://leap.epa.ie/licence-profile/P0725/compliance/non-compliance/d8d33c06-2857-f011-a373-0050568a2d1a,2025-07-07T00:00:00+00:00,Issued,2025-07-07T00:00:00,P0725,ab26e693-9cc9-48be-a506-87ce86e1f38e,https://data.epa.ie/leap/api/v1/NonCompliance/byid?nc_id=d8d33c06-2857-f011-a373-0050568a2d1a
Donohill Landfill - W0074,Non Compliance,,https://leap.epa.ie/licence-profile/W0074/compliance/non-compliance/f3333fc8-125b-f011-a373-0050568a2d1a,2025-07-07T00:00:00+00:00,Issued,2025-07-07T00:00:00,W0074,cdb83cc9-092b-4574-ab13-4711ac3355c0,https://data.epa.ie/leap/api/v1/NonCompliance/byid?nc_id=f3333fc8-125b-f011-a373-0050568a2d1a
Xerox (Europe) Limited - P0508,Non Compliance,,https://leap.epa.ie/licence-profile/P0508/compliance/non-compliance/ff19d9a0-ea58-f011-a373-0050568a2d1a,2025-07-07T00:00:00+00:00,Withdrawn,2025-07-07T00:00:00,P0508,0b847f47-1234-4001-9b2b-a6e450436dfd,https://data.epa.ie/leap/api/v1/NonCompliance/byid?nc_id=ff19d9a0-ea58-f011-a373-0050568a2d1a
Queally Pig Slaughtering Limited - P0175,Site Visit,,https://leap.epa.ie/licence-profile/P0175/compliance/sitevisit/1f02f3ba-dcbd-ef11-a324-0050568a66b2,2025-07-07T00:00:00+00:00,Closed,2025-05-13T00:00:00,P0175,29f88d8b-9a80-479d-9b5f-cffd514303a1,https://data.epa.ie/leap/api/v1/SiteVisit/byid?sv_id=1f02f3ba-dcbd-ef11-a324-0050568a66b2
Donohill Landfill - W0074,Site Visit,,https://leap.epa.ie/licence-profile/W0074/compliance/sitevisit/20639925-a6d1-ef11-a325-0050568a66b2,2025-07-07T00:00:00+00:00,Closed,2025-06-19T00:00:00,W0074,cdb83cc9-092b-4574-ab13-4711ac3355c0,https://data.epa.ie/leap/api/v1/SiteVisit/byid?sv_id=20639925-a6d1-ef11-a325-0050568a66b2
Rosderra Irish Meats Group Unlimited Company - P0181,Site Visit,,https://leap.epa.ie/licence-profile/P0181/compliance/sitevisit/2702f3ba-dcbd-ef11-a324-0050568a66b2,2025-07-07T00:00:00+00:00,Closed,2025-06-05T00:00:00,P0181,d0f731ed-e6b4-417b-ba4a-e92416a0ec72,https://data.epa.ie/leap/api/v1/SiteVisit/byid?sv_id=2702f3ba-dcbd-ef11-a324-0050568a66b2
Oxigen Environmental Unlimited Company (Robinhood) - W0152,Site Visit,,https://leap.epa.ie/licence-profile/W0152/compliance/sitevisit/6dbf57bb-9555-f011-a373-0050568a2d1a,2025-07-07T00:00:00+00:00,Closed,2025-06-27T00:00:00,W0152,77b64838-b26d-477c-88cc-fc360873cb37,https://data.epa.ie/leap/api/v1/SiteVisit/byid?sv_id=6dbf57bb-9555-f011-a373-0050568a2d1a
Jazz Pharmaceuticals Ireland Limited - P0987,Site Visit,,https://leap.epa.ie/licence-profile/P0987/compliance/sitevisit/9b03f3ba-dcbd-ef11-a324-0050568a66b2,2025-07-07T00:00:00+00:00,Closed,2025-06-10T00:00:00,P0987,2b177451-53b7-e411-b3b4-0050568a69e2,https://data.epa.ie/leap/api/v1/SiteVisit/byid?sv_id=9b03f3ba-dcbd-ef11-a324-0050568a66b2
Ballymore Eustace - D0238,Site Visit,,https://leap.epa.ie/licence-profile/D0238/compliance/sitevisit/bbd272c0-1bbe-ef11-a324-0050568a66b2,2025-07-07T00:00:00+00:00,Closed,2025-06-04T00:00:00,D0238,e6eb8b77-2873-4be0-827e-9f2c2f89227c,https://data.epa.ie/leap/api/v1/SiteVisit/byid?sv_id=bbd272c0-1bbe-ef11-a324-0050568a66b2
Birr - D0109,Site Visit,,https://leap.epa.ie/licence-profile/D0109/compliance/sitevisit/f3d272c0-1bbe-ef11-a324-0050568a66b2,2025-07-07T00:00:00+00:00,Closed,2025-06-05T00:00:00,D0109,968aeff0-4daf-45f9-8ca7-1b5289691c17,https://data.epa.ie/leap/api/v1/SiteVisit/byid?sv_id=f3d272c0-1bbe-ef11-a324-0050568a66b2
Tullamore - D0039,Site Visit,,https://leap.epa.ie/licence-profile/D0039/compliance/sitevisit/f9d272c0-1bbe-ef11-a324-0050568a66b2,2025-07-07T00:00:00+00:00,Closed,2025-06-05T00:00:00,D0039,5682730a-10d0-487f-a168-ed1d22ce7107,https://data.epa.ie/leap/api/v1/SiteVisit/byid?sv_id=f9d272c0-1bbe-ef11-a324-0050568a66b2
Knockharley Landfill - W0146,Requests for Approval and Site Reports,RFA Use of IBA as Daily Landfill Cover,https://leap.epa.ie/licence-profile/W0146/compliance/return/7a2ace4e-394c-f011-a373-0050568a2d1a,2025-07-06T00:00:00+00:00,Closed,2025-06-18T00:00:00,W0146,8a684cb8-e7fb-4d81-b843-20ffd7f4aeeb,https://data.epa.ie/leap/api/v1/LicenseeReturns/byid?lr_id=7a2ace4e-394c-f011-a373-0050568a2d1a
Huntstown Bioenergy Unlimited Company - P0993,Non Compliance,,https://leap.epa.ie/licence-profile/P0993/compliance/non-compliance/00cb73ab-9b58-f011-a373-0050568a2d1a,2025-07-06T00:00:00+00:00,Issued,2025-07-06T00:00:00,P0993,3c30d42b-0fe8-e411-b3b4-0050568a69e2,https://data.epa.ie/leap/api/v1/NonCompliance/byid?nc_id=00cb73ab-9b58-f011-a373-0050568a2d1a
Huntstown Bioenergy Unlimited Company - P0993,Non Compliance,,https://leap.epa.ie/licence-profile/P0993/compliance/non-compliance/197372ec-9b58-f011-a373-0050568a2d1a,2025-07-06T00:00:00+00:00,Issued,2025-07-06T00:00:00,P0993,3c30d42b-0fe8-e411-b3b4-0050568a69e2,https://data.epa.ie/leap/api/v1/NonCompliance/byid?nc_id=197372ec-9b58-f011-a373-0050568a2d1a
Knockharley Landfill - W0146,Non Compliance,,https://leap.epa.ie/licence-profile/W0146/compliance/non-compliance/28895908-8356-f011-a373-0050568a2d1a,2025-07-06T00:00:00+00:00,Issued,2025-07-06T00:00:00,W0146,8a684cb8-e7fb-4d81-b843-20ffd7f4aeeb,https://data.epa.ie/leap/api/v1/NonCompliance/byid?nc_id=28895908-8356-f011-a373-0050568a2d1a
Huntstown Bioenergy Unlimited Company - P0993,Non Compliance,,https://leap.epa.ie/licence-profile/P0993/compliance/non-compliance/37fdf3a3-9958-f011-a373-0050568a2d1a,2025-07-06T00:00:00+00:00,Issued,2025-07-06T00:00:00,P0993,3c30d42b-0fe8-e411-b3b4-0050568a69e2,https://data.epa.ie/leap/api/v1/NonCompliance/byid?nc_id=37fdf3a3-9958-f011-a373-0050568a2d1a
Huntstown Bioenergy Unlimited Company - P0993,Non Compliance,,https://leap.epa.ie/licence-profile/P0993/compliance/non-compliance/478a9784-9a58-f011-a373-0050568a2d1a,2025-07-06T00:00:00+00:00,Issued,2025-07-06T00:00:00,P0993,3c30d42b-0fe8-e411-b3b4-0050568a69e2,https://data.epa.ie/leap/api/v1/NonCompliance/byid?nc_id=478a9784-9a58-f011-a373-0050568a2d1a
Knockharley Landfill - W0146,Non Compliance,,https://leap.epa.ie/licence-profile/W0146/compliance/non-compliance/525a91ea-8556-f011-a373-0050568a2d1a,2025-07-06T00:00:00+00:00,Issued,2025-07-06T00:00:00,W0146,8a684cb8-e7fb-4d81-b843-20ffd7f4aeeb,https://data.epa.ie/leap/api/v1/NonCompliance/byid?nc_id=525a91ea-8556-f011-a373-0050568a2d1a
Huntstown Bioenergy Unlimited Company - P0993,Non Compliance,,https://leap.epa.ie/licence-profile/P0993/compliance/non-compliance/574db47b-9958-f011-a373-0050568a2d1a,2025-07-06T00:00:00+00:00,Issued,2025-07-06T00:00:00,P0993,3c30d42b-0fe8-e411-b3b4-0050568a69e2,https://data.epa.ie/leap/api/v1/NonCompliance/byid?nc_id=574db47b-9958-f011-a373-0050568a2d1a
Huntstown Bioenergy Unlimited Company - P0993,Non Compliance,,https://leap.epa.ie/licence-profile/P0993/compliance/non-compliance/5f7e8db0-9a58-f011-a373-0050568a2d1a,2025-07-06T00:00:00+00:00,Issued,2025-07-06T00:00:00,P0993,3c30d42b-0fe8-e411-b3b4-0050568a69e2,https://data.epa.ie/leap/api/v1/NonCompliance/byid?nc_id=5f7e8db0-9a58-f011-a373-0050568a2d1a
Knockharley Landfill - W0146,Non Compliance,,https://leap.epa.ie/licence-profile/W0146/compliance/non-compliance/75f564d0-8756-f011-a373-0050568a2d1a,2025-07-06T00:00:00+00:00,Issued,2025-07-06T00:00:00,W0146,8a684cb8-e7fb-4d81-b843-20ffd7f4aeeb,https://data.epa.ie/leap/api/v1/NonCompliance/byid?nc_id=75f564d0-8756-f011-a373-0050568a2d1a
Knockharley Landfill - W0146,Non Compliance,,https://leap.epa.ie/licence-profile/W0146/compliance/non-compliance/8f1ad7e8-8356-f011-a373-0050568a2d1a,2025-07-06T00:00:00+00:00,Issued,2025-07-06T00:00:00,W0146,8a684cb8-e7fb-4d81-b843-20ffd7f4aeeb,https://data.epa.ie/leap/api/v1/NonCompliance/byid?nc_id=8f1ad7e8-8356-f011-a373-0050568a2d1a
Knockharley Landfill - W0146,Non Compliance,,https://leap.epa.ie/licence-profile/W0146/compliance/non-compliance/9c972f52-8556-f011-a373-0050568a2d1a,2025-07-06T00:00:00+00:00,Issued,2025-07-06T00:00:00,W0146,8a684cb8-e7fb-4d81-b843-20ffd7f4aeeb,https://data.epa.ie/leap/api/v1/NonCompliance/byid?nc_id=9c972f52-8556-f011-a373-0050568a2d1a
Knockharley Landfill - W0146,Non Compliance,,https://leap.epa.ie/licence-profile/W0146/compliance/non-compliance/b714be31-8856-f011-a373-0050568a2d1a,2025-07-06T00:00:00+00:00,Issued,2025-07-06T00:00:00,W0146,8a684cb8-e7fb-4d81-b843-20ffd7f4aeeb,https://data.epa.ie/leap/api/v1/NonCompliance/byid?nc_id=b714be31-8856-f011-a373-0050568a2d1a
Knockharley Landfill - W0146,Non Compliance,,https://leap.epa.ie/licence-profile/W0146/compliance/non-compliance/ca77345d-8756-f011-a373-0050568a2d1a,2025-07-06T00:00:00+00:00,Issued,2025-07-06T00:00:00,W0146,8a684cb8-e7fb-4d81-b843-20ffd7f4aeeb,https://data.epa.ie/leap/api/v1/NonCompliance/byid?nc_id=ca77345d-8756-f011-a373-0050568a2d1a
Knockharley Landfill - W0146,Non Compliance,,https://leap.epa.ie/licence-profile/W0146/compliance/non-compliance/cc16e33a-8956-f011-a373-0050568a2d1a,2025-07-06T00:00:00+00:00,Issued,2025-07-06T00:00:00,W0146,8a684cb8-e7fb-4d81-b843-20ffd7f4aeeb,https://data.epa.ie/leap/api/v1/NonCompliance/byid?nc_id=cc16e33a-8956-f011-a373-0050568a2d1a
Knockharley Landfill - W0146,Non Compliance,,https://leap.epa.ie/licence-profile/W0146/compliance/non-compliance/cf4c72b6-8856-f011-a373-0050568a2d1a,2025-07-06T00:00:00+00:00,Issued,2025-07-06T00:00:00,W0146,8a684cb8-e7fb-4d81-b843-20ffd7f4aeeb,https://data.epa.ie/leap/api/v1/NonCompliance/byid?nc_id=cf4c72b6-8856-f011-a373-0050568a2d1a
Knockharley Landfill - W0146,Non Compliance,,https://leap.epa.ie/licence-profile/W0146/compliance/non-compliance/dc0602d2-8456-f011-a373-0050568a2d1a,2025-07-06T00:00:00+00:00,Issued,2025-07-06T00:00:00,W0146,8a684cb8-e7fb-4d81-b843-20ffd7f4aeeb,https://data.epa.ie/leap/api/v1/NonCompliance/byid?nc_id=dc0602d2-8456-f011-a373-0050568a2d1a
Knockharley Landfill - W0146,Non Compliance,,https://leap.epa.ie/licence-profile/W0146/compliance/non-compliance/e829daa6-8356-f011-a373-0050568a2d1a,2025-07-06T00:00:00+00:00,Issued,2025-07-06T00:00:00,W0146,8a684cb8-e7fb-4d81-b843-20ffd7f4aeeb,https://data.epa.ie/leap/api/v1/NonCompliance/byid?nc_id=e829daa6-8356-f011-a373-0050568a2d1a
Knockharley Landfill - W0146,Site Visit,,https://leap.epa.ie/licence-profile/W0146/compliance/sitevisit/3e639925-a6d1-ef11-a325-0050568a66b2,2025-07-06T00:00:00+00:00,Closed,2025-06-04T00:00:00,W0146,8a684cb8-e7fb-4d81-b843-20ffd7f4aeeb,https://data.epa.ie/leap/api/v1/SiteVisit/byid?sv_id=3e639925-a6d1-ef11-a325-0050568a66b2
Huntstown Bioenergy Unlimited Company - P0993,Site Visit,,https://leap.epa.ie/licence-profile/P0993/compliance/sitevisit/5b7a8a31-a6d1-ef11-a325-0050568a66b2,2025-07-06T00:00:00+00:00,Closed,2025-06-10T00:00:00,P0993,3c30d42b-0fe8-e411-b3b4-0050568a69e2,https://data.epa.ie/leap/api/v1/SiteVisit/byid?sv_id=5b7a8a31-a6d1-ef11-a325-0050568a66b2
