licence_profile_name,document_type,title,leap_url,document_date,compliance_status,compliance_date,profilenumber,licenceprofileid,document_url
Midleton - D0056,Incident,Breach of ELV,https://leap.epa.ie/licence-profile/D0056/compliance/incident/23d8b253-ee66-f011-a373-0050568a2d1a,2025-07-22T00:00:00+00:00,Open,2025-07-22T00:00:00,D0056,b2c067ea-de2f-4275-8982-feb0724a0a82,https://data.epa.ie/leap/api/v1/Incident/byid?incident_id=23d8b253-ee66-f011-a373-0050568a2d1a
Ballyconnell - D0253,Incident,Shock load to WWTP,https://leap.epa.ie/licence-profile/D0253/compliance/incident/76fcac03-0d67-f011-a373-0050568a2d1a,2025-07-22T00:00:00+00:00,Open,2025-07-22T00:00:00,D0253,1ad50b08-6ff4-4eff-a354-8b7481ea18fc,https://data.epa.ie/leap/api/v1/Incident/byid?incident_id=76fcac03-0d67-f011-a373-0050568a2d1a
Ballintober and Environs Wastewater Treatment Works - A0290,Incident,Abatement equipment off-line,https://leap.epa.ie/licence-profile/A0290/compliance/incident/7957d856-0967-f011-a373-0050568a2d1a,2025-07-22T00:00:00+00:00,Open,2025-07-22T00:00:00,A0290,e4488a04-fb44-43ec-b2a0-edc6be775041,https://data.epa.ie/leap/api/v1/Incident/byid?incident_id=7957d856-0967-f011-a373-0050568a2d1a
Earrai Coillte Chonnacht Cuideachta Neamhtheoranta - P0355,Incident,Damaged Boiler Chimney Stack due to Storm Eowyn resulting in us not being able to carry out Air Emis,https://leap.epa.ie/licence-profile/P0355/compliance/incident/8bd4e35c-e766-f011-a373-0050568a2d1a,2025-07-22T00:00:00+00:00,Open,2025-07-22T00:00:00,P0355,bc8cc233-083b-45ce-9d6d-ccddf9efb7fa,https://data.epa.ie/leap/api/v1/Incident/byid?incident_id=8bd4e35c-e766-f011-a373-0050568a2d1a
ZOETIS BELGIUM S.A - P0015,Incident,Breach of scrubber liquor emisison limit value for Nickel at 150 ug/litre,https://leap.epa.ie/licence-profile/P0015/compliance/incident/a7319b8b-e05b-f011-a373-0050568a2d1a,2025-07-22T00:00:00+00:00,Closed,2025-07-08T00:00:00,P0015,4447b20a-0d78-4af0-8ceb-27fcdd0f6fe8,https://data.epa.ie/leap/api/v1/Incident/byid?incident_id=a7319b8b-e05b-f011-a373-0050568a2d1a
Alexion Pharma International Operations Limited & Astrazeneca Ireland Limited - P1030,Incident,Breach of ELV,https://leap.epa.ie/licence-profile/P1030/compliance/incident/afb5ed27-1067-f011-a373-0050568a2d1a,2025-07-22T00:00:00+00:00,Open,2025-07-22T00:00:00,P1030,f89123ac-6738-e611-99f8-0050568a69e2,https://data.epa.ie/leap/api/v1/Incident/byid?incident_id=afb5ed27-1067-f011-a373-0050568a2d1a
Aurivo Dairy Ingredients Limited - P0802,Incident,Breach of ELV,https://leap.epa.ie/licence-profile/P0802/compliance/incident/b8d82e5e-0d67-f011-a373-0050568a2d1a,2025-07-22T00:00:00+00:00,Open,2025-07-22T00:00:00,P0802,61015510-114f-4e15-be24-1b39ab3f2899,https://data.epa.ie/leap/api/v1/Incident/byid?incident_id=b8d82e5e-0d67-f011-a373-0050568a2d1a
Tralee - D0040,Incident,Abatement equipment off-line,https://leap.epa.ie/licence-profile/D0040/compliance/incident/c1039902-1467-f011-a373-0050568a2d1a,2025-07-22T00:00:00+00:00,Open,2025-07-22T00:00:00,D0040,221dec58-ed76-4de0-870d-997caad3d743,https://data.epa.ie/leap/api/v1/Incident/byid?incident_id=c1039902-1467-f011-a373-0050568a2d1a
Gort - D0195,Incident,Abatement equipment off-line,https://leap.epa.ie/licence-profile/D0195/compliance/incident/efaec4ec-0967-f011-a373-0050568a2d1a,2025-07-22T00:00:00+00:00,Open,2025-07-22T00:00:00,D0195,5e5eee16-8770-4850-bd7b-26dc8075b49d,https://data.epa.ie/leap/api/v1/Incident/byid?incident_id=efaec4ec-0967-f011-a373-0050568a2d1a
Ballintober and Environs Wastewater Treatment Works - A0290,Incident,Abatement equipment off-line,https://leap.epa.ie/licence-profile/A0290/compliance/incident/fac9ece3-0867-f011-a373-0050568a2d1a,2025-07-22T00:00:00+00:00,Open,2025-07-22T00:00:00,A0290,e4488a04-fb44-43ec-b2a0-edc6be775041,https://data.epa.ie/leap/api/v1/Incident/byid?incident_id=fac9ece3-0867-f011-a373-0050568a2d1a
Tirlán Limited - P0799,Monitoring Returns,ODS and F-Gas Maintenance and Leak Check Records,https://leap.epa.ie/licence-profile/P0799/compliance/return/03566634-bf16-f011-a373-0050568a2d1a,2025-07-22T00:00:00+00:00,Closed,2025-04-11T00:00:00,P0799,0a5e1eb7-ebba-47fb-90b9-8038cc0439c7,https://data.epa.ie/leap/api/v1/LicenseeReturns/byid?lr_id=03566634-bf16-f011-a373-0050568a2d1a
Ballyogan Landfill Facility Ballyogan Recycling Park - W0015,Site Updates/Notifications,Notification of Plate Bearing Tests on Existing Roadway,https://leap.epa.ie/licence-profile/W0015/compliance/return/05109f08-4967-f011-a373-0050568a2d1a,2025-07-22T00:00:00+00:00,Open,2025-07-22T00:00:00,W0015,a955ba4d-6902-4fa5-8352-1220a3fdb78c,https://data.epa.ie/leap/api/v1/LicenseeReturns/byid?lr_id=05109f08-4967-f011-a373-0050568a2d1a
Hovione Limited - P0010,Monitoring Returns,ODS and F-Gas Maintenance and Leak Check Records,https://leap.epa.ie/licence-profile/P0010/compliance/return/1198edc4-1316-f011-a373-0050568a2d1a,2025-07-22T00:00:00+00:00,Closed,2025-04-10T00:00:00,P0010,5539a361-3727-4cd9-b4e4-344ac6ae6bcb,https://data.epa.ie/leap/api/v1/LicenseeReturns/byid?lr_id=1198edc4-1316-f011-a373-0050568a2d1a
Magh nAla Limited (Quartertown) - P0977,Monitoring Returns,Surface water sampling,https://leap.epa.ie/licence-profile/P0977/compliance/return/123e5570-d351-f011-a373-0050568a2d1a,2025-07-22T00:00:00+00:00,Closed,2025-06-25T00:00:00,P0977,5dfce63a-5cb1-e611-8d41-0050568a69e2,https://data.epa.ie/leap/api/v1/LicenseeReturns/byid?lr_id=123e5570-d351-f011-a373-0050568a2d1a
"Veolia Environmental Services Technical Solutions Ltd, Corrin, Fermoy, Cork - W0050",Requests for Approval and Site Reports,ODS and F-Gas Maintenance and Leak Check Records,https://leap.epa.ie/licence-profile/W0050/compliance/return/13c971a1-034d-f011-a373-0050568a2d1a,2025-07-22T00:00:00+00:00,Closed,2025-06-19T00:00:00,W0050,404d61f0-befa-4b76-829a-30c602b003cb,https://data.epa.ie/leap/api/v1/LicenseeReturns/byid?lr_id=13c971a1-034d-f011-a373-0050568a2d1a
Starrus Eco Holdings Limited (Ballymount) - W0039,Site Updates/Notifications,Documents request,https://leap.epa.ie/licence-profile/W0039/compliance/return/197a083f-1067-f011-a373-0050568a2d1a,2025-07-22T00:00:00+00:00,Open,2025-07-22T00:00:00,W0039,4b5745d7-80de-49d3-892a-819d3af85e7a,https://data.epa.ie/leap/api/v1/LicenseeReturns/byid?lr_id=197a083f-1067-f011-a373-0050568a2d1a
SSE Generation Ireland Limited (Killala) - P0566,Requests for Approval and Site Reports,ODS and F-Gas Maintenance and Leak Check Records,https://leap.epa.ie/licence-profile/P0566/compliance/return/1c785a37-1816-f011-a373-0050568a2d1a,2025-07-22T00:00:00+00:00,Closed,2025-04-10T00:00:00,P0566,a2f9b444-163b-4fd0-af29-06db117f8e52,https://data.epa.ie/leap/api/v1/LicenseeReturns/byid?lr_id=1c785a37-1816-f011-a373-0050568a2d1a
Alert Packaging Limited - P0366,Site Updates/Notifications,Letter of Commitment,https://leap.epa.ie/licence-profile/P0366/compliance/return/1ec294f7-ac63-f011-a373-0050568a2d1a,2025-07-22T00:00:00+00:00,Closed,2025-07-18T00:00:00,P0366,359b4db8-d712-4f91-bbbb-25f7d0633ca6,https://data.epa.ie/leap/api/v1/LicenseeReturns/byid?lr_id=1ec294f7-ac63-f011-a373-0050568a2d1a
Nypro Limited - P0567,Requests for Approval and Site Reports,ODS and F-Gas Inventory - Jabil Bray,https://leap.epa.ie/licence-profile/P0567/compliance/return/1ed56e1a-cf16-f011-a373-0050568a2d1a,2025-07-22T00:00:00+00:00,Closed,2025-04-11T00:00:00,P0567,5ec40d0c-381d-4ca1-9143-e65d0e685c91,https://data.epa.ie/leap/api/v1/LicenseeReturns/byid?lr_id=1ed56e1a-cf16-f011-a373-0050568a2d1a
Masonite Ireland - P0021,Site Updates/Notifications,ODS and F-Gas Maintenance and Leak Check Records,https://leap.epa.ie/licence-profile/P0021/compliance/return/21f18e3e-1516-f011-a373-0050568a2d1a,2025-07-22T00:00:00+00:00,Closed,2025-04-10T00:00:00,P0021,2e67f682-f839-42e2-a4d5-7b87c6b1b6fa,https://data.epa.ie/leap/api/v1/LicenseeReturns/byid?lr_id=21f18e3e-1516-f011-a373-0050568a2d1a
Hi-Volt Ireland Limited - W0267,Site Updates/Notifications,Flood risk assessment,https://leap.epa.ie/licence-profile/W0267/compliance/return/2212d933-6362-f011-a373-0050568a2d1a,2025-07-22T00:00:00+00:00,Closed,2025-07-16T00:00:00,W0267,a188b980-cf45-4a01-bb07-06f9fa78a1c2,https://data.epa.ie/leap/api/v1/LicenseeReturns/byid?lr_id=2212d933-6362-f011-a373-0050568a2d1a
Boston Scientific Limited - P0725,Monitoring Returns,Boston Scientific Galway Quarterly Effluent Returns Q2 2025,https://leap.epa.ie/licence-profile/P0725/compliance/return/2990ef87-ff66-f011-a373-0050568a2d1a,2025-07-22T00:00:00+00:00,Closed,2025-07-22T00:00:00,P0725,ab26e693-9cc9-48be-a506-87ce86e1f38e,https://data.epa.ie/leap/api/v1/LicenseeReturns/byid?lr_id=2990ef87-ff66-f011-a373-0050568a2d1a
Architectural & Metal Systems Limited - P1117,Monitoring Returns,Decommissioned equipment containing ODS or F-gases,https://leap.epa.ie/licence-profile/P1117/compliance/return/2f26a764-2516-f011-a373-0050568a2d1a,2025-07-22T00:00:00+00:00,Closed,2025-04-10T00:00:00,P1117,ddacbc7b-4a2e-4068-95a1-630e12736479,https://data.epa.ie/leap/api/v1/LicenseeReturns/byid?lr_id=2f26a764-2516-f011-a373-0050568a2d1a
Earrai Coillte Chonnacht Cuideachta Neamhtheoranta - P0355,Monitoring Returns,Water Results June 2025,https://leap.epa.ie/licence-profile/P0355/compliance/return/39f9d773-d566-f011-a373-0050568a2d1a,2025-07-22T00:00:00+00:00,Closed,2025-07-22T00:00:00,P0355,bc8cc233-083b-45ce-9d6d-ccddf9efb7fa,https://data.epa.ie/leap/api/v1/LicenseeReturns/byid?lr_id=39f9d773-d566-f011-a373-0050568a2d1a
Anglo Beef Processors Ireland Unlimited Company trading as ABP Waterford - P0205,Requests for Approval and Site Reports,Reduce frequency BOD testing 220725,https://leap.epa.ie/licence-profile/P0205/compliance/return/3bf44181-dc66-f011-a373-0050568a2d1a,2025-07-22T00:00:00+00:00,Open,2025-07-22T00:00:00,P0205,e45b9e00-8ace-4157-b3e3-7a5d07ddea3a,https://data.epa.ie/leap/api/v1/LicenseeReturns/byid?lr_id=3bf44181-dc66-f011-a373-0050568a2d1a
"MSD International GmbH, trading as MSD Ireland (Brinny) - P0005",Site Updates/Notifications,F-Gas Survey Response,https://leap.epa.ie/licence-profile/P0005/compliance/return/408f4b29-2416-f011-a373-0050568a2d1a,2025-07-22T00:00:00+00:00,Closed,2025-04-10T00:00:00,P0005,402b12ea-8c77-4050-bc57-908a1f088899,https://data.epa.ie/leap/api/v1/LicenseeReturns/byid?lr_id=408f4b29-2416-f011-a373-0050568a2d1a
Anglo Beef Processors Ireland Unlimited Company (Clones) - P0190,Requests for Approval and Site Reports,Request reduce frequency BOD testing 220725,https://leap.epa.ie/licence-profile/P0190/compliance/return/46531321-e866-f011-a373-0050568a2d1a,2025-07-22T00:00:00+00:00,Open,2025-07-22T00:00:00,P0190,3d42e005-f4a9-458b-96b6-7d73d5b931b6,https://data.epa.ie/leap/api/v1/LicenseeReturns/byid?lr_id=46531321-e866-f011-a373-0050568a2d1a
Dawn Meats Ireland t/a Meadow Meats - P0183,Site Updates/Notifications,ODS and F-Gas Maintenance and Leak Check Records,https://leap.epa.ie/licence-profile/P0183/compliance/return/46f4d3d3-ad16-f011-a373-0050568a2d1a,2025-07-22T00:00:00+00:00,Closed,2025-04-11T00:00:00,P0183,12c0054f-1fa0-4cd7-a8eb-60c04e836aa2,https://data.epa.ie/leap/api/v1/LicenseeReturns/byid?lr_id=46f4d3d3-ad16-f011-a373-0050568a2d1a
Anglo Beef Processors Ireland Unlimited Company t/a ABP Nenagh - P0184,Site Updates/Notifications,FGAS Inventory 2025,https://leap.epa.ie/licence-profile/P0184/compliance/return/47bace98-1616-f011-a373-0050568a2d1a,2025-07-22T00:00:00+00:00,Closed,2025-04-10T00:00:00,P0184,d5ac40ab-6c8e-4e95-8415-77f1b88bf4ba,https://data.epa.ie/leap/api/v1/LicenseeReturns/byid?lr_id=47bace98-1616-f011-a373-0050568a2d1a
Buttevant - D0303,Site Updates/Notifications,Soil analysis,https://leap.epa.ie/licence-profile/D0303/compliance/return/48ad6694-1c67-f011-a373-0050568a2d1a,2025-07-22T00:00:00+00:00,Open,2025-07-22T00:00:00,D0303,cfcec94e-4723-4906-9319-b0f7c1eb810e,https://data.epa.ie/leap/api/v1/LicenseeReturns/byid?lr_id=48ad6694-1c67-f011-a373-0050568a2d1a
Raffeen Landfill Site - W0023,Monitoring Returns,Q2 2025 Slope Stability Report,https://leap.epa.ie/licence-profile/W0023/compliance/return/4a24618c-0546-f011-a373-0050568a2d1a,2025-07-22T00:00:00+00:00,Closed,2025-06-10T00:00:00,W0023,64dac35e-634e-46e9-83d8-5e9356e64442,https://data.epa.ie/leap/api/v1/LicenseeReturns/byid?lr_id=4a24618c-0546-f011-a373-0050568a2d1a
SSE Generation Ireland Limited (Tarbert) - P0607,Requests for Approval and Site Reports,ODS and F-Gas Maintenance and Leak Check Records,https://leap.epa.ie/licence-profile/P0607/compliance/return/4b8facaf-da17-f011-a373-0050568a2d1a,2025-07-22T00:00:00+00:00,Closed,2025-04-12T00:00:00,P0607,e9a6535c-db1a-457f-894c-d91dc04b6ba8,https://data.epa.ie/leap/api/v1/LicenseeReturns/byid?lr_id=4b8facaf-da17-f011-a373-0050568a2d1a
Architectural & Metal Systems Limited - P1117,Monitoring Returns,ODS and F-Gas Maintenance and Leak Check Records,https://leap.epa.ie/licence-profile/P1117/compliance/return/52738beb-1316-f011-a373-0050568a2d1a,2025-07-22T00:00:00+00:00,Closed,2025-04-10T00:00:00,P1117,ddacbc7b-4a2e-4068-95a1-630e12736479,https://data.epa.ie/leap/api/v1/LicenseeReturns/byid?lr_id=52738beb-1316-f011-a373-0050568a2d1a
Glassco Recycling Limited - W0279,Requests for Approval and Site Reports,ODS + F Gas Maintenance and Leak Check,https://leap.epa.ie/licence-profile/W0279/compliance/return/551ff79a-fe19-f011-a373-0050568a2d1a,2025-07-22T00:00:00+00:00,Closed,2025-04-15T00:00:00,W0279,bda2247f-1897-e411-b3b4-0050568a69e2,https://data.epa.ie/leap/api/v1/LicenseeReturns/byid?lr_id=551ff79a-fe19-f011-a373-0050568a2d1a
Bailieboro Foods Limited - P0406,Requests for Approval and Site Reports,ODS & F-Gas Maintenance and Leak Check Records,https://leap.epa.ie/licence-profile/P0406/compliance/return/569d09d3-393a-f011-a373-0050568a2d1a,2025-07-22T00:00:00+00:00,Closed,2025-05-26T00:00:00,P0406,0482399b-94b4-45f7-b9bc-46b09fc0aaba,https://data.epa.ie/leap/api/v1/LicenseeReturns/byid?lr_id=569d09d3-393a-f011-a373-0050568a2d1a
ERAS ECO Ltd - W0211,Site Updates/Notifications,Initial Response to Site Visit carried out on 21/05/25,https://leap.epa.ie/licence-profile/W0211/compliance/return/71eb71c9-fe58-f011-a373-0050568a2d1a,2025-07-22T00:00:00+00:00,Closed,2025-07-04T00:00:00,W0211,8851c993-adac-4688-93b4-13c9820afc14,https://data.epa.ie/leap/api/v1/LicenseeReturns/byid?lr_id=71eb71c9-fe58-f011-a373-0050568a2d1a
Diageo Ireland Unlimited Company - P0301,Site Updates/Notifications,ODS & F-Gas Decommissioned Units,https://leap.epa.ie/licence-profile/P0301/compliance/return/72df6c5c-c616-f011-a373-0050568a2d1a,2025-07-22T00:00:00+00:00,Closed,2025-04-11T00:00:00,P0301,9422c5bc-aabb-493f-ad04-862faabadfe0,https://data.epa.ie/leap/api/v1/LicenseeReturns/byid?lr_id=72df6c5c-c616-f011-a373-0050568a2d1a
MSD International GmbH t/a MSD Ireland (Biotech Dublin) - P1106,Site Updates/Notifications,ODS and F-Gas Maintenance and Leak Check Records,https://leap.epa.ie/licence-profile/P1106/compliance/return/73553f3c-3e16-f011-a373-0050568a2d1a,2025-07-22T00:00:00+00:00,Closed,2025-04-10T00:00:00,P1106,2da03876-ace3-4c97-98bc-61678774639c,https://data.epa.ie/leap/api/v1/LicenseeReturns/byid?lr_id=73553f3c-3e16-f011-a373-0050568a2d1a
Electricity Supply Board (Aghada) - P0561,Requests for Approval and Site Reports,ESB Aghada P0561-05 ODS and F-Gas Maintenance and Leak Check Records,https://leap.epa.ie/licence-profile/P0561/compliance/return/7603c52f-a816-f011-a373-0050568a2d1a,2025-07-22T00:00:00+00:00,Closed,2025-04-11T00:00:00,P0561,94eeb25b-3d0a-402a-81ac-5a183cdbeb56,https://data.epa.ie/leap/api/v1/LicenseeReturns/byid?lr_id=7603c52f-a816-f011-a373-0050568a2d1a
Hi-Volt Ireland Limited - W0267,Site Updates/Notifications,tfs application number for oil filters,https://leap.epa.ie/licence-profile/W0267/compliance/return/7fa99fa5-6462-f011-a373-0050568a2d1a,2025-07-22T00:00:00+00:00,Closed,2025-07-16T00:00:00,W0267,a188b980-cf45-4a01-bb07-06f9fa78a1c2,https://data.epa.ie/leap/api/v1/LicenseeReturns/byid?lr_id=7fa99fa5-6462-f011-a373-0050568a2d1a
Wexport Limited - P0091,Site Updates/Notifications,Proposed Installation of Backup generators for IT rooms - Only for use in power outages,https://leap.epa.ie/licence-profile/P0091/compliance/return/813c4057-605d-f011-a373-0050568a2d1a,2025-07-22T00:00:00+00:00,Closed,2025-07-10T00:00:00,P0091,c1238cbc-2056-4df5-8942-ad1706e3b7cf,https://data.epa.ie/leap/api/v1/LicenseeReturns/byid?lr_id=813c4057-605d-f011-a373-0050568a2d1a
Moyvalley Meats (IRL) - P0192,Site Updates/Notifications,Update on the sludge press,https://leap.epa.ie/licence-profile/P0192/compliance/return/87b32734-bd63-f011-a373-0050568a2d1a,2025-07-22T00:00:00+00:00,Closed,2025-07-18T00:00:00,P0192,16676a48-ed36-4471-bfb7-450165fc92d6,https://data.epa.ie/leap/api/v1/LicenseeReturns/byid?lr_id=87b32734-bd63-f011-a373-0050568a2d1a
Guerbet Ireland Unlimited Company - P0050,Site Updates/Notifications,ODS and F-Gas Maintenance and Leak Check Records 2024,https://leap.epa.ie/licence-profile/P0050/compliance/return/8b2652bf-a516-f011-a373-0050568a2d1a,2025-07-22T00:00:00+00:00,Closed,2025-04-11T00:00:00,P0050,ef9f7457-a43a-4fd3-bbdc-12082f22b1dc,https://data.epa.ie/leap/api/v1/LicenseeReturns/byid?lr_id=8b2652bf-a516-f011-a373-0050568a2d1a
Forest Laboratories Ireland Limited - P0306,Site Updates/Notifications,ODS and F-gas Maintenance and leak check record,https://leap.epa.ie/licence-profile/P0306/compliance/return/911ec6a2-be16-f011-a373-0050568a2d1a,2025-07-22T00:00:00+00:00,Closed,2025-04-11T00:00:00,P0306,cc43e214-bf6b-48f5-8cc5-fa67457b2e25,https://data.epa.ie/leap/api/v1/LicenseeReturns/byid?lr_id=911ec6a2-be16-f011-a373-0050568a2d1a
Anglo Beef Processors Ireland Unlimited Company t/a ABP Cahir - P0204,Site Updates/Notifications,FGAS inventory 2025,https://leap.epa.ie/licence-profile/P0204/compliance/return/92787d5a-1516-f011-a373-0050568a2d1a,2025-07-22T00:00:00+00:00,Closed,2025-04-10T00:00:00,P0204,62a4c23c-8fa0-4d5c-9aff-1f027bfbd592,https://data.epa.ie/leap/api/v1/LicenseeReturns/byid?lr_id=92787d5a-1516-f011-a373-0050568a2d1a
Alert Packaging Limited - P0366,Site Updates/Notifications,Licensee Public Response - SV32776,https://leap.epa.ie/licence-profile/P0366/compliance/return/94818560-e866-f011-a373-0050568a2d1a,2025-07-22T00:00:00+00:00,Open,2025-07-22T00:00:00,P0366,359b4db8-d712-4f91-bbbb-25f7d0633ca6,https://data.epa.ie/leap/api/v1/LicenseeReturns/byid?lr_id=94818560-e866-f011-a373-0050568a2d1a
Henkel Ireland Operations and Research Limited (Ballyfermot) - P0078,Monitoring Returns,2025 Q2 Emissions to water,https://leap.epa.ie/licence-profile/P0078/compliance/return/969ee123-e463-f011-a373-0050568a2d1a,2025-07-22T00:00:00+00:00,Closed,2025-07-18T00:00:00,P0078,e5130308-0fc0-4f69-961f-afb6e1661450,https://data.epa.ie/leap/api/v1/LicenseeReturns/byid?lr_id=969ee123-e463-f011-a373-0050568a2d1a
JANSSEN SCIENCES IRELAND UC - P0778,Site Updates/Notifications,Revised Timeline in relation to LR083908,https://leap.epa.ie/licence-profile/P0778/compliance/return/97efe678-4f5e-f011-a373-0050568a2d1a,2025-07-22T00:00:00+00:00,Closed,2025-07-11T00:00:00,P0778,ff8e8bb5-cf35-4fb1-a789-af7571da741d,https://data.epa.ie/leap/api/v1/LicenseeReturns/byid?lr_id=97efe678-4f5e-f011-a373-0050568a2d1a
Earrai Coillte Chonnacht Cuideachta Neamhtheoranta - P0355,Monitoring Returns,Noise Monitoring 2024,https://leap.epa.ie/licence-profile/P0355/compliance/return/997600d5-d566-f011-a373-0050568a2d1a,2025-07-22T00:00:00+00:00,Open,2025-07-22T00:00:00,P0355,bc8cc233-083b-45ce-9d6d-ccddf9efb7fa,https://data.epa.ie/leap/api/v1/LicenseeReturns/byid?lr_id=997600d5-d566-f011-a373-0050568a2d1a
Masonite Ireland - P0021,Site Updates/Notifications,Summer shutdown period,https://leap.epa.ie/licence-profile/P0021/compliance/return/aaa398a7-c363-f011-a373-0050568a2d1a,2025-07-22T00:00:00+00:00,Closed,2025-07-18T00:00:00,P0021,2e67f682-f839-42e2-a4d5-7b87c6b1b6fa,https://data.epa.ie/leap/api/v1/LicenseeReturns/byid?lr_id=aaa398a7-c363-f011-a373-0050568a2d1a
Earrai Coillte Chonnacht Cuideachta Neamhtheoranta - P0355,Monitoring Returns,Water Results May 2025,https://leap.epa.ie/licence-profile/P0355/compliance/return/acb74e50-d566-f011-a373-0050568a2d1a,2025-07-22T00:00:00+00:00,Closed,2025-07-22T00:00:00,P0355,bc8cc233-083b-45ce-9d6d-ccddf9efb7fa,https://data.epa.ie/leap/api/v1/LicenseeReturns/byid?lr_id=acb74e50-d566-f011-a373-0050568a2d1a
Johnson & Johnson Vision Care Ireland Unlimited Company - P0818,Site Updates/Notifications,response to NC032174 / SV30886 air monitoring report,https://leap.epa.ie/licence-profile/P0818/compliance/return/b91ffda4-bc4a-f011-a373-0050568a2d1a,2025-07-22T00:00:00+00:00,Closed,2025-06-16T00:00:00,P0818,c384e292-8ae1-44cd-a0f3-80d28c31c889,https://data.epa.ie/leap/api/v1/LicenseeReturns/byid?lr_id=b91ffda4-bc4a-f011-a373-0050568a2d1a
Kepak Longford Unlimited Company - P1084,Site Updates/Notifications,ODS and F-Gas Maintenance and Leak Check Records,https://leap.epa.ie/licence-profile/P1084/compliance/return/baeb7540-be16-f011-a373-0050568a2d1a,2025-07-22T00:00:00+00:00,Closed,2025-04-11T00:00:00,P1084,acf675a7-2b7e-4f74-92ab-710651a70335,https://data.epa.ie/leap/api/v1/LicenseeReturns/byid?lr_id=baeb7540-be16-f011-a373-0050568a2d1a
Kepak Clonee t/a Kepak Ballybay - P0803,Site Updates/Notifications,ODS and F-Gas Maintenance and Leak Check Records,https://leap.epa.ie/licence-profile/P0803/compliance/return/bb447107-2516-f011-a373-0050568a2d1a,2025-07-22T00:00:00+00:00,Closed,2025-04-10T00:00:00,P0803,e7300aeb-e8ca-4da8-adc3-11decfcc50fc,https://data.epa.ie/leap/api/v1/LicenseeReturns/byid?lr_id=bb447107-2516-f011-a373-0050568a2d1a
ERAS ECO Ltd - W0211,Site Updates/Notifications,Smoke test,https://leap.epa.ie/licence-profile/W0211/compliance/return/c1e55336-e546-f011-a373-0050568a2d1a,2025-07-22T00:00:00+00:00,Closed,2025-06-11T00:00:00,W0211,8851c993-adac-4688-93b4-13c9820afc14,https://data.epa.ie/leap/api/v1/LicenseeReturns/byid?lr_id=c1e55336-e546-f011-a373-0050568a2d1a
Boston Scientific Limited - P0725,Site Updates/Notifications,ODS and F-Gas Maintenance & Leak Check Records - Boston Scientific Galway,https://leap.epa.ie/licence-profile/P0725/compliance/return/c58dd2b9-bf16-f011-a373-0050568a2d1a,2025-07-22T00:00:00+00:00,Closed,2025-04-11T00:00:00,P0725,ab26e693-9cc9-48be-a506-87ce86e1f38e,https://data.epa.ie/leap/api/v1/LicenseeReturns/byid?lr_id=c58dd2b9-bf16-f011-a373-0050568a2d1a
Sk Biotek Ireland Limited - P0014,Site Updates/Notifications,"ODS and F-Gas Maintenance and Leak Check Records, leak check records for a selection of equipment AN",https://leap.epa.ie/licence-profile/P0014/compliance/return/c7724f34-2b16-f011-a373-0050568a2d1a,2025-07-22T00:00:00+00:00,Closed,2025-04-10T00:00:00,P0014,4814da41-5cdb-4dcc-a85c-795e3003b2db,https://data.epa.ie/leap/api/v1/LicenseeReturns/byid?lr_id=c7724f34-2b16-f011-a373-0050568a2d1a
Dawn Meats Ireland Unlimited Company - P0811,Site Updates/Notifications,ODS and F-Gas Maintenance and Leak Check Records,https://leap.epa.ie/licence-profile/P0811/compliance/return/c907e9ee-b416-f011-a373-0050568a2d1a,2025-07-22T00:00:00+00:00,Closed,2025-04-11T00:00:00,P0811,49e1c863-0ced-458c-ba11-f458f97a2e5b,https://data.epa.ie/leap/api/v1/LicenseeReturns/byid?lr_id=c907e9ee-b416-f011-a373-0050568a2d1a
Irish Pioneer Works (Fabricators) Limited - P0407,Monitoring Returns,Quarter 1 2025 air emissions from Galvanizing Scrubber stack,https://leap.epa.ie/licence-profile/P0407/compliance/return/ca83794e-5a11-f011-a373-0050568a2d1a,2025-07-22T00:00:00+00:00,Closed,2025-04-04T00:00:00,P0407,bebdf539-5240-4ede-a0fd-398cb98a7971,https://data.epa.ie/leap/api/v1/LicenseeReturns/byid?lr_id=ca83794e-5a11-f011-a373-0050568a2d1a
Shannonvale - A0403,Site Updates/Notifications,Ambient sampling,https://leap.epa.ie/licence-profile/A0403/compliance/return/d771e95f-1b67-f011-a373-0050568a2d1a,2025-07-22T00:00:00+00:00,Open,2025-07-22T00:00:00,A0403,0354a063-cf2e-4e5b-a465-7f1b0c0173cd,https://data.epa.ie/leap/api/v1/LicenseeReturns/byid?lr_id=d771e95f-1b67-f011-a373-0050568a2d1a
Element Six Limited - P0533,Site Updates/Notifications,F Gas Survey 2025,https://leap.epa.ie/licence-profile/P0533/compliance/return/d98df1a9-b016-f011-a373-0050568a2d1a,2025-07-22T00:00:00+00:00,Closed,2025-04-11T00:00:00,P0533,a64bac71-f87b-4ecf-9fda-448da165f291,https://data.epa.ie/leap/api/v1/LicenseeReturns/byid?lr_id=d98df1a9-b016-f011-a373-0050568a2d1a
Masonite Ireland - P0021,Monitoring Returns,Masonite Biannually Sludge Analysis Round 1 2025,https://leap.epa.ie/licence-profile/P0021/compliance/return/debf37f5-c163-f011-a373-0050568a2d1a,2025-07-22T00:00:00+00:00,Closed,2025-07-18T00:00:00,P0021,2e67f682-f839-42e2-a4d5-7b87c6b1b6fa,https://data.epa.ie/leap/api/v1/LicenseeReturns/byid?lr_id=debf37f5-c163-f011-a373-0050568a2d1a
Earrai Coillte Chonnacht Cuideachta Neamhtheoranta - P0355,Monitoring Returns,Water Results April 2025,https://leap.epa.ie/licence-profile/P0355/compliance/return/dfacbb3b-d566-f011-a373-0050568a2d1a,2025-07-22T00:00:00+00:00,Closed,2025-07-22T00:00:00,P0355,bc8cc233-083b-45ce-9d6d-ccddf9efb7fa,https://data.epa.ie/leap/api/v1/LicenseeReturns/byid?lr_id=dfacbb3b-d566-f011-a373-0050568a2d1a
Ormonde Organics Limited (Portlaw) - W0287,Site Updates/Notifications,Licensee Public Response - SV31354,https://leap.epa.ie/licence-profile/W0287/compliance/return/e3141a5f-3662-f011-a373-0050568a2d1a,2025-07-22T00:00:00+00:00,Closed,2025-07-16T00:00:00,W0287,6ad3c482-80ad-e611-8d41-0050568a69e2,https://data.epa.ie/leap/api/v1/LicenseeReturns/byid?lr_id=e3141a5f-3662-f011-a373-0050568a2d1a
Astellas Ireland Company Limited - P0007,Site Updates/Notifications,ODS & F-gas Maintenance & Leak Check Records,https://leap.epa.ie/licence-profile/P0007/compliance/return/ebcfae27-c216-f011-a373-0050568a2d1a,2025-07-22T00:00:00+00:00,Closed,2025-04-11T00:00:00,P0007,70af4f9e-968f-4979-b8b4-1902cd92e4f4,https://data.epa.ie/leap/api/v1/LicenseeReturns/byid?lr_id=ebcfae27-c216-f011-a373-0050568a2d1a
Arrow Group - P0812,Site Updates/Notifications,RFI RI022639,https://leap.epa.ie/licence-profile/P0812/compliance/return/f70649a6-ff66-f011-a373-0050568a2d1a,2025-07-22T00:00:00+00:00,Open,2025-07-22T00:00:00,P0812,7fcd1011-168f-44a5-88a4-7c7a6749300f,https://data.epa.ie/leap/api/v1/LicenseeReturns/byid?lr_id=f70649a6-ff66-f011-a373-0050568a2d1a
SSE Generation Ireland Limited (Rhode) - P0694,Requests for Approval and Site Reports,ODS and F-Gas Maintenance and Leak Check Records 2024,https://leap.epa.ie/licence-profile/P0694/compliance/return/fc18005c-1616-f011-a373-0050568a2d1a,2025-07-22T00:00:00+00:00,Closed,2025-04-10T00:00:00,P0694,bd04a887-4f07-474a-9d0f-0cd3f62d7948,https://data.epa.ie/leap/api/v1/LicenseeReturns/byid?lr_id=fc18005c-1616-f011-a373-0050568a2d1a
Kepak Cork - P0595,Site Updates/Notifications,ODS and F-Gas Maintenance and Leak Check Records,https://leap.epa.ie/licence-profile/P0595/compliance/return/fdaf51a6-c316-f011-a373-0050568a2d1a,2025-07-22T00:00:00+00:00,Closed,2025-04-11T00:00:00,P0595,111c398f-0328-4313-8814-14ed512920b2,https://data.epa.ie/leap/api/v1/LicenseeReturns/byid?lr_id=fdaf51a6-c316-f011-a373-0050568a2d1a
JANSSEN SCIENCES IRELAND UC - P0778,Requests for Approval and Site Reports,A3-142 Frequency of Monitoring Request,https://leap.epa.ie/licence-profile/P0778/compliance/return/fdee77dd-955c-f011-a373-0050568a2d1a,2025-07-22T00:00:00+00:00,Closed,2025-07-09T00:00:00,P0778,ff8e8bb5-cf35-4fb1-a789-af7571da741d,https://data.epa.ie/leap/api/v1/LicenseeReturns/byid?lr_id=fdee77dd-955c-f011-a373-0050568a2d1a
James and Nuala Gleeson - P0411,Non Compliance,,https://leap.epa.ie/licence-profile/P0411/compliance/non-compliance/2fa001e6-3566-f011-a373-0050568a2d1a,2025-07-22T00:00:00+00:00,Issued,2025-07-22T00:00:00,P0411,b6fe9bdb-2b51-4270-bd72-94578cb0746f,https://data.epa.ie/leap/api/v1/NonCompliance/byid?nc_id=2fa001e6-3566-f011-a373-0050568a2d1a
Kerry Pig Producers Limited - P0727,Non Compliance,,https://leap.epa.ie/licence-profile/P0727/compliance/non-compliance/724c0e4e-e063-f011-a373-0050568a2d1a,2025-07-22T00:00:00+00:00,Issued,2025-07-22T00:00:00,P0727,f9edf7ef-4654-4367-824f-dd645aa39d20,https://data.epa.ie/leap/api/v1/NonCompliance/byid?nc_id=724c0e4e-e063-f011-a373-0050568a2d1a
Kerry Pig Producers Limited - P0727,Non Compliance,,https://leap.epa.ie/licence-profile/P0727/compliance/non-compliance/842df7ef-dd63-f011-a373-0050568a2d1a,2025-07-22T00:00:00+00:00,Issued,2025-07-22T00:00:00,P0727,f9edf7ef-4654-4367-824f-dd645aa39d20,https://data.epa.ie/leap/api/v1/NonCompliance/byid?nc_id=842df7ef-dd63-f011-a373-0050568a2d1a
Info-Lab Limited - P0141,Non Compliance,,https://leap.epa.ie/licence-profile/P0141/compliance/non-compliance/c68481bf-4362-f011-a373-0050568a2d1a,2025-07-22T00:00:00+00:00,Issued,2025-07-22T00:00:00,P0141,158b2df1-fceb-4ca5-9de8-3f36b9f28bc8,https://data.epa.ie/leap/api/v1/NonCompliance/byid?nc_id=c68481bf-4362-f011-a373-0050568a2d1a
Kerry Pig Producers Limited - P0727,Non Compliance,,https://leap.epa.ie/licence-profile/P0727/compliance/non-compliance/e03ac130-df63-f011-a373-0050568a2d1a,2025-07-22T00:00:00+00:00,Issued,2025-07-22T00:00:00,P0727,f9edf7ef-4654-4367-824f-dd645aa39d20,https://data.epa.ie/leap/api/v1/NonCompliance/byid?nc_id=e03ac130-df63-f011-a373-0050568a2d1a
James and Nuala Gleeson - P0411,Non Compliance,,https://leap.epa.ie/licence-profile/P0411/compliance/non-compliance/fb9566d8-3466-f011-a373-0050568a2d1a,2025-07-22T00:00:00+00:00,Issued,2025-07-22T00:00:00,P0411,b6fe9bdb-2b51-4270-bd72-94578cb0746f,https://data.epa.ie/leap/api/v1/NonCompliance/byid?nc_id=fb9566d8-3466-f011-a373-0050568a2d1a
Aughinish Alumina Limited - P0035,Site Visit,,https://leap.epa.ie/licence-profile/P0035/compliance/sitevisit/016ea7ab-e05b-f011-a373-0050568a2d1a,2025-07-22T00:00:00+00:00,Closed,2025-06-17T00:00:00,P0035,d1e6c8d5-9eb1-4ef3-80ca-36749fa01321,https://data.epa.ie/leap/api/v1/SiteVisit/byid?sv_id=016ea7ab-e05b-f011-a373-0050568a2d1a
Electricity Supply Board (Moneypoint) - P0605,Site Visit,,https://leap.epa.ie/licence-profile/P0605/compliance/sitevisit/0268bb3f-4853-f011-a373-0050568a2d1a,2025-07-22T00:00:00+00:00,Closed,2025-06-18T00:00:00,P0605,d7347f12-ed09-4cff-b9e0-6b40203819d8,https://data.epa.ie/leap/api/v1/SiteVisit/byid?sv_id=0268bb3f-4853-f011-a373-0050568a2d1a
Padraig Thornton Waste Disposal Ltd - W0206,Site Visit,,https://leap.epa.ie/licence-profile/W0206/compliance/sitevisit/a504f3ba-dcbd-ef11-a324-0050568a66b2,2025-07-22T00:00:00+00:00,Closed,2025-07-10T00:00:00,W0206,a3942836-5326-403b-98d0-ef21fd454fc5,https://data.epa.ie/leap/api/v1/SiteVisit/byid?sv_id=a504f3ba-dcbd-ef11-a324-0050568a66b2
Irish Distillers Limited - P0442,Site Visit,,https://leap.epa.ie/licence-profile/P0442/compliance/sitevisit/b702f3ba-dcbd-ef11-a324-0050568a66b2,2025-07-22T00:00:00+00:00,Closed,2025-06-26T00:00:00,P0442,8e66dbf7-8c5f-496c-89ce-79b6dfded6c9,https://data.epa.ie/leap/api/v1/SiteVisit/byid?sv_id=b702f3ba-dcbd-ef11-a324-0050568a66b2
Dublin Products Limited - P0041,Site Visit,,https://leap.epa.ie/licence-profile/P0041/compliance/sitevisit/cb01f3ba-dcbd-ef11-a324-0050568a66b2,2025-07-22T00:00:00+00:00,Closed,2025-06-24T00:00:00,P0041,b9b90c4e-d583-4edf-bf6a-008d367d426b,https://data.epa.ie/leap/api/v1/SiteVisit/byid?sv_id=cb01f3ba-dcbd-ef11-a324-0050568a66b2
A. W. Ennis Unlimited Company - P1019,Site Visit,,https://leap.epa.ie/licence-profile/P1019/compliance/sitevisit/d6471439-b6bb-ef11-a324-0050568a66b2,2025-07-22T00:00:00+00:00,Closed,2025-05-27T00:00:00,P1019,aaff65ca-0066-e611-9a1d-0050568a69e2,https://data.epa.ie/leap/api/v1/SiteVisit/byid?sv_id=d6471439-b6bb-ef11-a324-0050568a66b2
James and Nuala Gleeson - P0411,Site Visit,,https://leap.epa.ie/licence-profile/P0411/compliance/sitevisit/e2f89a13-a6d1-ef11-a325-0050568a66b2,2025-07-22T00:00:00+00:00,Closed,2025-06-19T00:00:00,P0411,b6fe9bdb-2b51-4270-bd72-94578cb0746f,https://data.epa.ie/leap/api/v1/SiteVisit/byid?sv_id=e2f89a13-a6d1-ef11-a325-0050568a66b2
Ballynagran Residual Landfill - W0165,Complaint,"W0165-02, 14/07/2025, Waste Odour",https://leap.epa.ie/licence-profile/W0165/compliance/complaint/02adfc3b-8b60-f011-a373-0050568a2d1a,2025-07-21T00:00:00+00:00,Closed,2025-07-14T00:00:00,W0165,7207345b-6c69-4fa6-9401-b0a8e715d64c,https://data.epa.ie/leap/api/v1/Complaint/byid?complaint_id=02adfc3b-8b60-f011-a373-0050568a2d1a
Ardee - D0117,Complaint,COM021342 - Web Submission,https://leap.epa.ie/licence-profile/D0117/compliance/complaint/2f9f6fff-1766-f011-a373-0050568a2d1a,2025-07-21T00:00:00+00:00,Open,2025-07-21T00:00:00,D0117,19147670-f2d6-4cb1-bad3-8544800149d0,https://data.epa.ie/leap/api/v1/Complaint/byid?complaint_id=2f9f6fff-1766-f011-a373-0050568a2d1a
Irish Cement Limited (Limerick) - P0029,Complaint,"P0029-06, 21/07/2025, Noise Complaint",https://leap.epa.ie/licence-profile/P0029/compliance/complaint/74451498-ff66-f011-a373-0050568a2d1a,2025-07-21T00:00:00+00:00,Open,2025-07-21T00:00:00,P0029,a20c2008-1c83-446a-957a-1d1c34b9b5f2,https://data.epa.ie/leap/api/v1/Complaint/byid?complaint_id=74451498-ff66-f011-a373-0050568a2d1a
Anglo Beef Processors Ireland Unlimited Company trading as ABP Waterford - P0205,Complaint,"P0205-02, 18/07/25, Odour",https://leap.epa.ie/licence-profile/P0205/compliance/complaint/b6630a1b-f066-f011-a373-0050568a2d1a,2025-07-21T00:00:00+00:00,Open,2025-07-21T00:00:00,P0205,e45b9e00-8ace-4157-b3e3-7a5d07ddea3a,https://data.epa.ie/leap/api/v1/Complaint/byid?complaint_id=b6630a1b-f066-f011-a373-0050568a2d1a
Annagassan Sewerage Scheme - A0086,Complaint,COM021341 - Web Submission,https://leap.epa.ie/licence-profile/A0086/compliance/complaint/f6323ee8-1266-f011-a373-0050568a2d1a,2025-07-21T00:00:00+00:00,Open,2025-07-21T00:00:00,A0086,0adbc3e3-2c50-42e7-8b9f-1dc0e7be5d8f,https://data.epa.ie/leap/api/v1/Complaint/byid?complaint_id=f6323ee8-1266-f011-a373-0050568a2d1a
Buncrana - D0125,Incident,Uncontrolled Release,https://leap.epa.ie/licence-profile/D0125/compliance/incident/139a9946-8e56-f011-a373-0050568a2d1a,2025-07-21T00:00:00+00:00,Closed,2025-07-01T00:00:00,D0125,7355d03c-0663-4366-a779-811726a9428e,https://data.epa.ie/leap/api/v1/Incident/byid?incident_id=139a9946-8e56-f011-a373-0050568a2d1a
Milford - D0342,Incident,shock load to the WWTP,https://leap.epa.ie/licence-profile/D0342/compliance/incident/225c1cac-3b57-f011-a373-0050568a2d1a,2025-07-21T00:00:00+00:00,Closed,2025-07-02T00:00:00,D0342,ef421854-cf5e-49a3-965c-7ebbb1c7d74d,https://data.epa.ie/leap/api/v1/Incident/byid?incident_id=225c1cac-3b57-f011-a373-0050568a2d1a
Balleally Landfill - W0009,Incident,Breach of ELV,https://leap.epa.ie/licence-profile/W0009/compliance/incident/47b1711d-5963-f011-a373-0050568a2d1a,2025-07-21T00:00:00+00:00,Closed,2025-07-17T00:00:00,W0009,136a8b2d-1990-4539-aef5-0c1a713ec64e,https://data.epa.ie/leap/api/v1/Incident/byid?incident_id=47b1711d-5963-f011-a373-0050568a2d1a
Carney - A0545,Incident,Monitoring Equipment Issues,https://leap.epa.ie/licence-profile/A0545/compliance/incident/4a15f6c2-b151-f011-a373-0050568a2d1a,2025-07-21T00:00:00+00:00,Closed,2025-06-25T00:00:00,A0545,6f625484-a0a8-e511-987f-0050568a69e2,https://data.epa.ie/leap/api/v1/Incident/byid?incident_id=4a15f6c2-b151-f011-a373-0050568a2d1a
PDM Timber Treatment Limited - P0325,Incident,Uncontrolled Release,https://leap.epa.ie/licence-profile/P0325/compliance/incident/5838f5b3-4266-f011-a373-0050568a2d1a,2025-07-21T00:00:00+00:00,Open,2025-07-21T00:00:00,P0325,9a5dfee4-003a-4c50-9ade-d074dff60ab8,https://data.epa.ie/leap/api/v1/Incident/byid?incident_id=5838f5b3-4266-f011-a373-0050568a2d1a
Roche Ireland Limited - P0012,Incident,Odour,https://leap.epa.ie/licence-profile/P0012/compliance/incident/620567a6-4c62-f011-a373-0050568a2d1a,2025-07-21T00:00:00+00:00,Closed,2025-07-16T00:00:00,P0012,a45f794a-3739-4e72-b6ea-1dea48efc0fe,https://data.epa.ie/leap/api/v1/Incident/byid?incident_id=620567a6-4c62-f011-a373-0050568a2d1a
Moyvalley Meats (IRL) - P0192,Incident,Trigger Level Reached,https://leap.epa.ie/licence-profile/P0192/compliance/incident/7afc73a8-6d5d-f011-a373-0050568a2d1a,2025-07-21T00:00:00+00:00,Closed,2025-07-10T00:00:00,P0192,16676a48-ed36-4471-bfb7-450165fc92d6,https://data.epa.ie/leap/api/v1/Incident/byid?incident_id=7afc73a8-6d5d-f011-a373-0050568a2d1a
Corduff FlexGen - P1138,Incident,Trigger Level Reached,https://leap.epa.ie/licence-profile/P1138/compliance/incident/93f73711-4366-f011-a373-0050568a2d1a,2025-07-21T00:00:00+00:00,Open,2025-07-21T00:00:00,P1138,709c99e3-6beb-468b-9a02-8a55e4bda732,https://data.epa.ie/leap/api/v1/Incident/byid?incident_id=93f73711-4366-f011-a373-0050568a2d1a
Cooksgrove Limited t/a Euro Farm Foods - P0822,Incident,TOTAL SUSPENDED SOLIDS 19 mg/l EXCEEDS ELV 10.07.25,https://leap.epa.ie/licence-profile/P0822/compliance/incident/adf349f8-1666-f011-a373-0050568a2d1a,2025-07-21T00:00:00+00:00,Open,2025-07-21T00:00:00,P0822,334cf098-0009-42c7-a753-2d5b63f39915,https://data.epa.ie/leap/api/v1/Incident/byid?incident_id=adf349f8-1666-f011-a373-0050568a2d1a
Bord Na Móna Recycling Limited - W0104,Incident,Breach of ELV,https://leap.epa.ie/licence-profile/W0104/compliance/incident/ca3bb766-6a61-f011-a373-0050568a2d1a,2025-07-21T00:00:00+00:00,Closed,2025-07-15T00:00:00,W0104,9edd1e60-f193-4c3a-89a5-bea69f6fc380,https://data.epa.ie/leap/api/v1/Incident/byid?incident_id=ca3bb766-6a61-f011-a373-0050568a2d1a
Athlone - D0007,Incident,Abatement equipment off-line,https://leap.epa.ie/licence-profile/D0007/compliance/incident/e0e8c861-0966-f011-a373-0050568a2d1a,2025-07-21T00:00:00+00:00,Open,2025-07-21T00:00:00,D0007,3bf57336-1449-465b-bec9-4c66436c2922,https://data.epa.ie/leap/api/v1/Incident/byid?incident_id=e0e8c861-0966-f011-a373-0050568a2d1a
Balleally Landfill - W0009,Incident,Breach of ELV,https://leap.epa.ie/licence-profile/W0009/compliance/incident/e82455fe-515b-f011-a373-0050568a2d1a,2025-07-21T00:00:00+00:00,Closed,2025-07-07T00:00:00,W0009,136a8b2d-1990-4539-aef5-0c1a713ec64e,https://data.epa.ie/leap/api/v1/Incident/byid?incident_id=e82455fe-515b-f011-a373-0050568a2d1a
Bundoran - D0130,Incident,Uncontrolled Release,https://leap.epa.ie/licence-profile/D0130/compliance/incident/eab211c4-f463-f011-a373-0050568a2d1a,2025-07-21T00:00:00+00:00,Closed,2025-07-18T00:00:00,D0130,58cffc84-c165-47f0-b5cf-aa03ad2906fa,https://data.epa.ie/leap/api/v1/Incident/byid?incident_id=eab211c4-f463-f011-a373-0050568a2d1a
Buncrana - D0125,Incident,Uncontrolled Release,https://leap.epa.ie/licence-profile/D0125/compliance/incident/ecfcd54b-6a61-f011-a373-0050568a2d1a,2025-07-21T00:00:00+00:00,Closed,2025-07-15T00:00:00,D0125,7355d03c-0663-4366-a779-811726a9428e,https://data.epa.ie/leap/api/v1/Incident/byid?incident_id=ecfcd54b-6a61-f011-a373-0050568a2d1a
Rathangan - D0175,Incident,Uncontrolled Release,https://leap.epa.ie/licence-profile/D0175/compliance/incident/ffe856b2-6861-f011-a373-0050568a2d1a,2025-07-21T00:00:00+00:00,Closed,2025-07-15T00:00:00,D0175,02131887-10d8-4580-8eab-ae540d3b567c,https://data.epa.ie/leap/api/v1/Incident/byid?incident_id=ffe856b2-6861-f011-a373-0050568a2d1a
Sigma-Aldrich Ireland Limited - P0089,Site Updates/Notifications,Annual Summer Maintenance Shutdown 2025,https://leap.epa.ie/licence-profile/P0089/compliance/return/00f17d44-5a61-f011-a373-0050568a2d1a,2025-07-21T00:00:00+00:00,Closed,2025-07-15T00:00:00,P0089,661072a9-52f4-4501-9aa9-83d62658a278,https://data.epa.ie/leap/api/v1/LicenseeReturns/byid?lr_id=00f17d44-5a61-f011-a373-0050568a2d1a
Ted O'Donoghue and Sons Limited - W0214,Site Updates/Notifications,Site Visit Reference No. SV29219,https://leap.epa.ie/licence-profile/W0214/compliance/return/0c749d72-ccdf-ef11-a372-0050568a2d1a,2025-07-21T00:00:00+00:00,Closed,2025-01-31T00:00:00,W0214,997c85fb-3752-42b9-99aa-00f5d0c4fad8,https://data.epa.ie/leap/api/v1/LicenseeReturns/byid?lr_id=0c749d72-ccdf-ef11-a372-0050568a2d1a
Henkel Ireland Operations and Research Ireland Limited (Tallaght) - P0079,Site Updates/Notifications,2025 Summer shutdown,https://leap.epa.ie/licence-profile/P0079/compliance/return/17d4151e-cb63-f011-a373-0050568a2d1a,2025-07-21T00:00:00+00:00,Closed,2025-07-18T00:00:00,P0079,af2d8f84-1b57-424a-a46a-a029fa9d4cda,https://data.epa.ie/leap/api/v1/LicenseeReturns/byid?lr_id=17d4151e-cb63-f011-a373-0050568a2d1a
Waste Recovery Services (Fermoy) Limited - W0107,Requests for Approval and Site Reports,Civil Works Re - Drawing for New Kerb,https://leap.epa.ie/licence-profile/W0107/compliance/return/257c469f-8c52-f011-a373-0050568a2d1a,2025-07-21T00:00:00+00:00,Closed,2025-06-26T00:00:00,W0107,88b52f89-872b-4046-a2ab-d219d6985f1e,https://data.epa.ie/leap/api/v1/LicenseeReturns/byid?lr_id=257c469f-8c52-f011-a373-0050568a2d1a
Chemifloc Limited - P0076,Monitoring Returns,S1 monitoring for April 2025 - June 2025 inclusive,https://leap.epa.ie/licence-profile/P0076/compliance/return/2af8a06f-1166-f011-a373-0050568a2d1a,2025-07-21T00:00:00+00:00,Open,2025-07-21T00:00:00,P0076,55500f73-0ba0-4716-8d23-365670e0dc31,https://data.epa.ie/leap/api/v1/LicenseeReturns/byid?lr_id=2af8a06f-1166-f011-a373-0050568a2d1a
Eli Lilly Kinsale Limited - P0009,Requests for Approval and Site Reports,Records of Decommissioned F-Gas Equipment 2024,https://leap.epa.ie/licence-profile/P0009/compliance/return/3db4f2ab-c416-f011-a373-0050568a2d1a,2025-07-21T00:00:00+00:00,Closed,2025-04-11T00:00:00,P0009,9749c6a2-a309-4de2-af1c-37bb5381d391,https://data.epa.ie/leap/api/v1/LicenseeReturns/byid?lr_id=3db4f2ab-c416-f011-a373-0050568a2d1a
Raffeen Landfill Site - W0023,Requests for Approval and Site Reports,Interim Report Addressing Open EPA Action Item (CI 002134),https://leap.epa.ie/licence-profile/W0023/compliance/return/544a8843-bb2c-f011-a373-0050568a2d1a,2025-07-21T00:00:00+00:00,Closed,2025-05-09T00:00:00,W0023,64dac35e-634e-46e9-83d8-5e9356e64442,https://data.epa.ie/leap/api/v1/LicenseeReturns/byid?lr_id=544a8843-bb2c-f011-a373-0050568a2d1a
Anglo Beef Processors Ireland T/A ABP Bandon - P0188,Requests for Approval and Site Reports,Reduction BOD frequency testing 210725,https://leap.epa.ie/licence-profile/P0188/compliance/return/55c4170b-1c66-f011-a373-0050568a2d1a,2025-07-21T00:00:00+00:00,Open,2025-07-21T00:00:00,P0188,72147da0-7a53-4948-9175-13ea104f48e0,https://data.epa.ie/leap/api/v1/LicenseeReturns/byid?lr_id=55c4170b-1c66-f011-a373-0050568a2d1a
Minister for Defence - W0289,Monitoring Returns,Marine Surface Water Returns for 2024,https://leap.epa.ie/licence-profile/W0289/compliance/return/568fe247-a8ee-ef11-a373-0050568a2d1a,2025-07-21T00:00:00+00:00,Closed,2025-02-19T00:00:00,W0289,58ad3a6d-832b-49fb-956f-53d01802fa65,https://data.epa.ie/leap/api/v1/LicenseeReturns/byid?lr_id=568fe247-a8ee-ef11-a373-0050568a2d1a
Pfizer Ireland Pharmaceuticals Unlimited Company (Grange Castle) - P0652,Requests for Approval and Site Reports,Proposed Environmental Assessment for a new product PF-07275315,https://leap.epa.ie/licence-profile/P0652/compliance/return/600c2a6d-1a66-f011-a373-0050568a2d1a,2025-07-21T00:00:00+00:00,Open,2025-07-21T00:00:00,P0652,52836abc-c980-4735-818e-6ee1bcfd6152,https://data.epa.ie/leap/api/v1/LicenseeReturns/byid?lr_id=600c2a6d-1a66-f011-a373-0050568a2d1a
Anglo Beef Processors Ireland Unlimited Company trading as ABP Waterford - P0205,Monitoring Returns,effluent return 2024,https://leap.epa.ie/licence-profile/P0205/compliance/return/612e54a8-c7df-ef11-a372-0050568a2d1a,2025-07-21T00:00:00+00:00,Closed,2025-01-31T00:00:00,P0205,e45b9e00-8ace-4157-b3e3-7a5d07ddea3a,https://data.epa.ie/leap/api/v1/LicenseeReturns/byid?lr_id=612e54a8-c7df-ef11-a372-0050568a2d1a
Anglo Beef Processors Ireland t/a ABP Rathkeale - P0191,Requests for Approval and Site Reports,BOD frequency reduction 210725,https://leap.epa.ie/licence-profile/P0191/compliance/return/6eab8aae-1a66-f011-a373-0050568a2d1a,2025-07-21T00:00:00+00:00,Open,2025-07-21T00:00:00,P0191,aba10b31-0390-406d-a047-a72e2a269542,https://data.epa.ie/leap/api/v1/LicenseeReturns/byid?lr_id=6eab8aae-1a66-f011-a373-0050568a2d1a
Anglo Beef Processors Ireland Unlimited Company trading as ABP Waterford - P0205,Site Updates/Notifications,letter re pipeline repairs,https://leap.epa.ie/licence-profile/P0205/compliance/return/751be16d-6ee8-ef11-a372-0050568a2d1a,2025-07-21T00:00:00+00:00,Closed,2025-02-11T00:00:00,P0205,e45b9e00-8ace-4157-b3e3-7a5d07ddea3a,https://data.epa.ie/leap/api/v1/LicenseeReturns/byid?lr_id=751be16d-6ee8-ef11-a372-0050568a2d1a
Newmarket Co-Operative Creameries Limited - P0793,Requests for Approval and Site Reports,ODS and F-Gas Maintenance and Leak Check Records,https://leap.epa.ie/licence-profile/P0793/compliance/return/7a596717-3819-f011-a373-0050568a2d1a,2025-07-21T00:00:00+00:00,Closed,2025-04-14T00:00:00,P0793,bfd7f520-0909-4fa5-a970-4c9653709eaa,https://data.epa.ie/leap/api/v1/LicenseeReturns/byid?lr_id=7a596717-3819-f011-a373-0050568a2d1a
Starrus Eco Holdings Limited - W0180,Site Updates/Notifications,Response to COMO21252,https://leap.epa.ie/licence-profile/W0180/compliance/return/7d37854f-ec63-f011-a373-0050568a2d1a,2025-07-21T00:00:00+00:00,Closed,2025-07-18T00:00:00,W0180,67713d7a-f254-4be1-9fb1-a1d3f64cf03a,https://data.epa.ie/leap/api/v1/LicenseeReturns/byid?lr_id=7d37854f-ec63-f011-a373-0050568a2d1a
Takeda Ireland Limited - P0693,Site Updates/Notifications,PFOA Site Update,https://leap.epa.ie/licence-profile/P0693/compliance/return/9100e989-3b57-f011-a373-0050568a2d1a,2025-07-21T00:00:00+00:00,Closed,2025-07-02T00:00:00,P0693,3bbf892b-2769-4a14-861f-c87dfd752765,https://data.epa.ie/leap/api/v1/LicenseeReturns/byid?lr_id=9100e989-3b57-f011-a373-0050568a2d1a
Thermo Fisher Scientific Cork Limited - P0004,Requests for Approval and Site Reports,ODS and F-Gas Maintenance and Leak Check Records,https://leap.epa.ie/licence-profile/P0004/compliance/return/95cd64cf-aa16-f011-a373-0050568a2d1a,2025-07-21T00:00:00+00:00,Closed,2025-04-11T00:00:00,P0004,1a507022-d459-4a98-afb9-cc0587998ac1,https://data.epa.ie/leap/api/v1/LicenseeReturns/byid?lr_id=95cd64cf-aa16-f011-a373-0050568a2d1a
Takeda Ireland Limited - P0693,Site Updates/Notifications,Notification of Summer Shutdown Maintenance,https://leap.epa.ie/licence-profile/P0693/compliance/return/968394e0-0f63-f011-a373-0050568a2d1a,2025-07-21T00:00:00+00:00,Closed,2025-07-17T00:00:00,P0693,3bbf892b-2769-4a14-861f-c87dfd752765,https://data.epa.ie/leap/api/v1/LicenseeReturns/byid?lr_id=968394e0-0f63-f011-a373-0050568a2d1a
Shannonvale - A0403,Site Updates/Notifications,SV32301 pre site visit documentation,https://leap.epa.ie/licence-profile/A0403/compliance/return/96933281-2766-f011-a373-0050568a2d1a,2025-07-21T00:00:00+00:00,Open,2025-07-21T00:00:00,A0403,0354a063-cf2e-4e5b-a465-7f1b0c0173cd,https://data.epa.ie/leap/api/v1/LicenseeReturns/byid?lr_id=96933281-2766-f011-a373-0050568a2d1a
MC-Building Chemicals Müller and Partners. - P0464,Monitoring Returns,1st Period Surface Water Monitoring 2025,https://leap.epa.ie/licence-profile/P0464/compliance/return/b3eca646-1c58-f011-a373-0050568a2d1a,2025-07-21T00:00:00+00:00,Closed,2025-07-03T00:00:00,P0464,de2f870e-d4c2-4c0f-b4ae-5f99e603a590,https://data.epa.ie/leap/api/v1/LicenseeReturns/byid?lr_id=b3eca646-1c58-f011-a373-0050568a2d1a
Birds Eye Ireland Limited - P0805,Site Updates/Notifications,Shutdown 2025,https://leap.epa.ie/licence-profile/P0805/compliance/return/c2a754ae-d363-f011-a373-0050568a2d1a,2025-07-21T00:00:00+00:00,Closed,2025-07-18T00:00:00,P0805,350e6391-f47d-49d6-beaf-a4857949dab2,https://data.epa.ie/leap/api/v1/LicenseeReturns/byid?lr_id=c2a754ae-d363-f011-a373-0050568a2d1a
Chemifloc Limited - P0076,Monitoring Returns,"SW1, SW2 & SW3 Monitoring for April - June 2025 inclusive",https://leap.epa.ie/licence-profile/P0076/compliance/return/c70305b8-1366-f011-a373-0050568a2d1a,2025-07-21T00:00:00+00:00,Open,2025-07-21T00:00:00,P0076,55500f73-0ba0-4716-8d23-365670e0dc31,https://data.epa.ie/leap/api/v1/LicenseeReturns/byid?lr_id=c70305b8-1366-f011-a373-0050568a2d1a
Raffeen Landfill Site - W0023,Requests for Approval and Site Reports,CQA validation report - New Boreholes,https://leap.epa.ie/licence-profile/W0023/compliance/return/d07aafc4-a046-f011-a373-0050568a2d1a,2025-07-21T00:00:00+00:00,Closed,2025-06-11T00:00:00,W0023,64dac35e-634e-46e9-83d8-5e9356e64442,https://data.epa.ie/leap/api/v1/LicenseeReturns/byid?lr_id=d07aafc4-a046-f011-a373-0050568a2d1a
Kilkenny Cheese Limited - P1180,Site Updates/Notifications,Energy Efficiency Plan,https://leap.epa.ie/licence-profile/P1180/compliance/return/d07f5fdb-5c62-f011-a373-0050568a2d1a,2025-07-21T00:00:00+00:00,Closed,2025-07-16T00:00:00,P1180,9372871d-2362-4b79-9bad-3b762b4855ec,https://data.epa.ie/leap/api/v1/LicenseeReturns/byid?lr_id=d07f5fdb-5c62-f011-a373-0050568a2d1a
Kiernan Structural Steel Limited - P0855,Site Updates/Notifications,1.4 Air Monitoring Report,https://leap.epa.ie/licence-profile/P0855/compliance/return/dacfc8cc-3d66-f011-a373-0050568a2d1a,2025-07-21T00:00:00+00:00,Open,2025-07-21T00:00:00,P0855,5366c821-c928-4d44-8c26-f4281cb22ce2,https://data.epa.ie/leap/api/v1/LicenseeReturns/byid?lr_id=dacfc8cc-3d66-f011-a373-0050568a2d1a
Bord Na Móna Recycling Limited - W0131,Site Updates/Notifications,Response to SV31732 - 2.3,https://leap.epa.ie/licence-profile/W0131/compliance/return/e219f174-aa5c-f011-a373-0050568a2d1a,2025-07-21T00:00:00+00:00,Closed,2025-07-09T00:00:00,W0131,b71df142-95a8-4097-97c0-a45c83464ec2,https://data.epa.ie/leap/api/v1/LicenseeReturns/byid?lr_id=e219f174-aa5c-f011-a373-0050568a2d1a
Murray Timber (Ballon) Limited - P0556,Monitoring Returns,Boiler Emissions Report 2025,https://leap.epa.ie/licence-profile/P0556/compliance/return/e4399236-ef58-f011-a373-0050568a2d1a,2025-07-21T00:00:00+00:00,Closed,2025-07-04T00:00:00,P0556,0e3dab79-0702-4104-87a5-5688038dc863,https://data.epa.ie/leap/api/v1/LicenseeReturns/byid?lr_id=e4399236-ef58-f011-a373-0050568a2d1a
Eli Lilly Kinsale Limited - P0009,Requests for Approval and Site Reports,Sample Records of F-Gas Leak Testing 2024,https://leap.epa.ie/licence-profile/P0009/compliance/return/e4d95428-c816-f011-a373-0050568a2d1a,2025-07-21T00:00:00+00:00,Closed,2025-04-11T00:00:00,P0009,9749c6a2-a309-4de2-af1c-37bb5381d391,https://data.epa.ie/leap/api/v1/LicenseeReturns/byid?lr_id=e4d95428-c816-f011-a373-0050568a2d1a
Anglo Beef Processors Ireland Unlimited Company trading as ABP Waterford - P0205,Site Updates/Notifications,balance tank,https://leap.epa.ie/licence-profile/P0205/compliance/return/e5cf2db2-abd8-ef11-a36f-0050568a2d1a,2025-07-21T00:00:00+00:00,Closed,2025-01-22T00:00:00,P0205,e45b9e00-8ace-4157-b3e3-7a5d07ddea3a,https://data.epa.ie/leap/api/v1/LicenseeReturns/byid?lr_id=e5cf2db2-abd8-ef11-a36f-0050568a2d1a
Glennon Brothers Timber Limited - P0327,Monitoring Returns,Bi-Annual Report 2025 - P0327-01,https://leap.epa.ie/licence-profile/P0327/compliance/return/f233f02c-5a62-f011-a373-0050568a2d1a,2025-07-21T00:00:00+00:00,Closed,2025-07-16T00:00:00,P0327,18a79201-5a2d-46b3-b615-5a3216d34b85,https://data.epa.ie/leap/api/v1/LicenseeReturns/byid?lr_id=f233f02c-5a62-f011-a373-0050568a2d1a
Merck Millipore Limited - P0571,Requests for Approval and Site Reports,F-gas Decommissioning Records,https://leap.epa.ie/licence-profile/P0571/compliance/return/f422be55-d116-f011-a373-0050568a2d1a,2025-07-21T00:00:00+00:00,Closed,2025-04-11T00:00:00,P0571,b6c708e3-93c0-41c2-a1dc-5d12732e786c,https://data.epa.ie/leap/api/v1/LicenseeReturns/byid?lr_id=f422be55-d116-f011-a373-0050568a2d1a
Johnson & Johnson Vision Care Ireland Unlimited Company - P0818,Requests for Approval and Site Reports,Decommisioning of Chiller 1 July 2024,https://leap.epa.ie/licence-profile/P0818/compliance/return/f8b56ffc-ed16-f011-a373-0050568a2d1a,2025-07-21T00:00:00+00:00,Closed,2025-04-11T00:00:00,P0818,c384e292-8ae1-44cd-a0f3-80d28c31c889,https://data.epa.ie/leap/api/v1/LicenseeReturns/byid?lr_id=f8b56ffc-ed16-f011-a373-0050568a2d1a
Knockharley Landfill - W0146,Meeting,,https://leap.epa.ie/licence-profile/W0146/compliance/return/06d10f79-ce24-4e0b-aad0-64f5dfa0c0b5,2025-07-21T00:00:00+00:00,Closed,2025-07-21T00:00:00,W0146,8a684cb8-e7fb-4d81-b843-20ffd7f4aeeb,https://data.epa.ie/leap/api/v1/MeetingCorrespondence/meetingbyid?meeting_id=06d10f79-ce24-4e0b-aad0-64f5dfa0c0b5
Knockharley Landfill - W0146,Meeting,,https://leap.epa.ie/licence-profile/W0146/compliance/return/147123eb-7acf-4e33-9c44-7c8e684dad32,2025-07-21T00:00:00+00:00,Closed,2025-07-21T00:00:00,W0146,8a684cb8-e7fb-4d81-b843-20ffd7f4aeeb,https://data.epa.ie/leap/api/v1/MeetingCorrespondence/meetingbyid?meeting_id=147123eb-7acf-4e33-9c44-7c8e684dad32
Knockharley Landfill - W0146,Meeting,,https://leap.epa.ie/licence-profile/W0146/compliance/return/1486865a-6c4d-4120-bb8c-1e0623981c83,2025-07-21T00:00:00+00:00,Closed,2025-07-21T00:00:00,W0146,8a684cb8-e7fb-4d81-b843-20ffd7f4aeeb,https://data.epa.ie/leap/api/v1/MeetingCorrespondence/meetingbyid?meeting_id=1486865a-6c4d-4120-bb8c-1e0623981c83
Knockharley Landfill - W0146,Meeting,,https://leap.epa.ie/licence-profile/W0146/compliance/return/1adda4f0-2d3a-4383-b808-f2bc21a302ed,2025-07-21T00:00:00+00:00,Closed,2025-07-21T00:00:00,W0146,8a684cb8-e7fb-4d81-b843-20ffd7f4aeeb,https://data.epa.ie/leap/api/v1/MeetingCorrespondence/meetingbyid?meeting_id=1adda4f0-2d3a-4383-b808-f2bc21a302ed
Knockharley Landfill - W0146,Meeting,,https://leap.epa.ie/licence-profile/W0146/compliance/return/233e78ce-e187-475f-8903-2a2ab80d169f,2025-07-21T00:00:00+00:00,Closed,2025-07-21T00:00:00,W0146,8a684cb8-e7fb-4d81-b843-20ffd7f4aeeb,https://data.epa.ie/leap/api/v1/MeetingCorrespondence/meetingbyid?meeting_id=233e78ce-e187-475f-8903-2a2ab80d169f
Knockharley Landfill - W0146,Meeting,,https://leap.epa.ie/licence-profile/W0146/compliance/return/28521684-c463-4275-a9d0-f3c3e5c27861,2025-07-21T00:00:00+00:00,Closed,2025-07-21T00:00:00,W0146,8a684cb8-e7fb-4d81-b843-20ffd7f4aeeb,https://data.epa.ie/leap/api/v1/MeetingCorrespondence/meetingbyid?meeting_id=28521684-c463-4275-a9d0-f3c3e5c27861
Knockharley Landfill - W0146,Meeting,,https://leap.epa.ie/licence-profile/W0146/compliance/return/335b60e4-81ae-43bf-b1f5-0c789d4e851d,2025-07-21T00:00:00+00:00,Closed,2025-07-21T00:00:00,W0146,8a684cb8-e7fb-4d81-b843-20ffd7f4aeeb,https://data.epa.ie/leap/api/v1/MeetingCorrespondence/meetingbyid?meeting_id=335b60e4-81ae-43bf-b1f5-0c789d4e851d
Knockharley Landfill - W0146,Meeting,,https://leap.epa.ie/licence-profile/W0146/compliance/return/3cafa315-8017-46d8-8139-2d82e0aa8fab,2025-07-21T00:00:00+00:00,Closed,2025-07-21T00:00:00,W0146,8a684cb8-e7fb-4d81-b843-20ffd7f4aeeb,https://data.epa.ie/leap/api/v1/MeetingCorrespondence/meetingbyid?meeting_id=3cafa315-8017-46d8-8139-2d82e0aa8fab
Knockharley Landfill - W0146,Meeting,,https://leap.epa.ie/licence-profile/W0146/compliance/return/42600506-bf6f-4a5d-8461-482ca44ba4ce,2025-07-21T00:00:00+00:00,Closed,2025-07-21T00:00:00,W0146,8a684cb8-e7fb-4d81-b843-20ffd7f4aeeb,https://data.epa.ie/leap/api/v1/MeetingCorrespondence/meetingbyid?meeting_id=42600506-bf6f-4a5d-8461-482ca44ba4ce
Knockharley Landfill - W0146,Meeting,,https://leap.epa.ie/licence-profile/W0146/compliance/return/42a7f6c8-bdef-41bd-a5f6-5a075276390b,2025-07-21T00:00:00+00:00,Closed,2025-07-21T00:00:00,W0146,8a684cb8-e7fb-4d81-b843-20ffd7f4aeeb,https://data.epa.ie/leap/api/v1/MeetingCorrespondence/meetingbyid?meeting_id=42a7f6c8-bdef-41bd-a5f6-5a075276390b
Knockharley Landfill - W0146,Meeting,,https://leap.epa.ie/licence-profile/W0146/compliance/return/48d673c0-9da0-4cfc-9482-6e601f93cbca,2025-07-21T00:00:00+00:00,Closed,2025-07-21T00:00:00,W0146,8a684cb8-e7fb-4d81-b843-20ffd7f4aeeb,https://data.epa.ie/leap/api/v1/MeetingCorrespondence/meetingbyid?meeting_id=48d673c0-9da0-4cfc-9482-6e601f93cbca
Knockharley Landfill - W0146,Meeting,,https://leap.epa.ie/licence-profile/W0146/compliance/return/51c0cd39-b8aa-4f53-a351-0e1fe7e7fdf4,2025-07-21T00:00:00+00:00,Closed,2025-07-21T00:00:00,W0146,8a684cb8-e7fb-4d81-b843-20ffd7f4aeeb,https://data.epa.ie/leap/api/v1/MeetingCorrespondence/meetingbyid?meeting_id=51c0cd39-b8aa-4f53-a351-0e1fe7e7fdf4
Knockharley Landfill - W0146,Meeting,,https://leap.epa.ie/licence-profile/W0146/compliance/return/53fa72e7-d140-455a-b70c-9c707dc01bef,2025-07-21T00:00:00+00:00,Closed,2025-07-21T00:00:00,W0146,8a684cb8-e7fb-4d81-b843-20ffd7f4aeeb,https://data.epa.ie/leap/api/v1/MeetingCorrespondence/meetingbyid?meeting_id=53fa72e7-d140-455a-b70c-9c707dc01bef
Knockharley Landfill - W0146,Meeting,,https://leap.epa.ie/licence-profile/W0146/compliance/return/5c128070-9865-46c1-999c-517731c9001b,2025-07-21T00:00:00+00:00,Closed,2025-07-21T00:00:00,W0146,8a684cb8-e7fb-4d81-b843-20ffd7f4aeeb,https://data.epa.ie/leap/api/v1/MeetingCorrespondence/meetingbyid?meeting_id=5c128070-9865-46c1-999c-517731c9001b
Knockharley Landfill - W0146,Meeting,,https://leap.epa.ie/licence-profile/W0146/compliance/return/5f77fb36-f857-4712-a920-ee930089fc1b,2025-07-21T00:00:00+00:00,Closed,2025-07-21T00:00:00,W0146,8a684cb8-e7fb-4d81-b843-20ffd7f4aeeb,https://data.epa.ie/leap/api/v1/MeetingCorrespondence/meetingbyid?meeting_id=5f77fb36-f857-4712-a920-ee930089fc1b
Knockharley Landfill - W0146,Meeting,,https://leap.epa.ie/licence-profile/W0146/compliance/return/66ae8d3d-af31-4dba-a7df-9a11d99dfee9,2025-07-21T00:00:00+00:00,Closed,2025-07-21T00:00:00,W0146,8a684cb8-e7fb-4d81-b843-20ffd7f4aeeb,https://data.epa.ie/leap/api/v1/MeetingCorrespondence/meetingbyid?meeting_id=66ae8d3d-af31-4dba-a7df-9a11d99dfee9
Knockharley Landfill - W0146,Meeting,,https://leap.epa.ie/licence-profile/W0146/compliance/return/67d060fd-310e-4558-a917-f67913a6ba17,2025-07-21T00:00:00+00:00,Closed,2025-07-21T00:00:00,W0146,8a684cb8-e7fb-4d81-b843-20ffd7f4aeeb,https://data.epa.ie/leap/api/v1/MeetingCorrespondence/meetingbyid?meeting_id=67d060fd-310e-4558-a917-f67913a6ba17
Knockharley Landfill - W0146,Meeting,,https://leap.epa.ie/licence-profile/W0146/compliance/return/6e0b18e2-40be-4b65-a3fa-f24e9ee09afc,2025-07-21T00:00:00+00:00,Closed,2025-07-21T00:00:00,W0146,8a684cb8-e7fb-4d81-b843-20ffd7f4aeeb,https://data.epa.ie/leap/api/v1/MeetingCorrespondence/meetingbyid?meeting_id=6e0b18e2-40be-4b65-a3fa-f24e9ee09afc
Knockharley Landfill - W0146,Meeting,,https://leap.epa.ie/licence-profile/W0146/compliance/return/6feb9f7b-9ca1-4487-9ff1-1630a74f4642,2025-07-21T00:00:00+00:00,Closed,2025-07-21T00:00:00,W0146,8a684cb8-e7fb-4d81-b843-20ffd7f4aeeb,https://data.epa.ie/leap/api/v1/MeetingCorrespondence/meetingbyid?meeting_id=6feb9f7b-9ca1-4487-9ff1-1630a74f4642
Knockharley Landfill - W0146,Meeting,,https://leap.epa.ie/licence-profile/W0146/compliance/return/71371df4-a36e-4de3-95fb-5562661b1680,2025-07-21T00:00:00+00:00,Closed,2025-07-21T00:00:00,W0146,8a684cb8-e7fb-4d81-b843-20ffd7f4aeeb,https://data.epa.ie/leap/api/v1/MeetingCorrespondence/meetingbyid?meeting_id=71371df4-a36e-4de3-95fb-5562661b1680
Knockharley Landfill - W0146,Meeting,,https://leap.epa.ie/licence-profile/W0146/compliance/return/89ab96dc-8932-4eff-bf8d-20a64fc20666,2025-07-21T00:00:00+00:00,Closed,2025-07-21T00:00:00,W0146,8a684cb8-e7fb-4d81-b843-20ffd7f4aeeb,https://data.epa.ie/leap/api/v1/MeetingCorrespondence/meetingbyid?meeting_id=89ab96dc-8932-4eff-bf8d-20a64fc20666
Knockharley Landfill - W0146,Meeting,,https://leap.epa.ie/licence-profile/W0146/compliance/return/8aa9e4f7-00ee-4952-93ce-68d70a909405,2025-07-21T00:00:00+00:00,Closed,2025-07-21T00:00:00,W0146,8a684cb8-e7fb-4d81-b843-20ffd7f4aeeb,https://data.epa.ie/leap/api/v1/MeetingCorrespondence/meetingbyid?meeting_id=8aa9e4f7-00ee-4952-93ce-68d70a909405
Knockharley Landfill - W0146,Meeting,,https://leap.epa.ie/licence-profile/W0146/compliance/return/8db75b2e-580a-4afd-a1f6-010d4f711696,2025-07-21T00:00:00+00:00,Closed,2025-07-21T00:00:00,W0146,8a684cb8-e7fb-4d81-b843-20ffd7f4aeeb,https://data.epa.ie/leap/api/v1/MeetingCorrespondence/meetingbyid?meeting_id=8db75b2e-580a-4afd-a1f6-010d4f711696
Knockharley Landfill - W0146,Meeting,,https://leap.epa.ie/licence-profile/W0146/compliance/return/97846c12-380d-464d-8248-1540a48f4026,2025-07-21T00:00:00+00:00,Closed,2025-07-21T00:00:00,W0146,8a684cb8-e7fb-4d81-b843-20ffd7f4aeeb,https://data.epa.ie/leap/api/v1/MeetingCorrespondence/meetingbyid?meeting_id=97846c12-380d-464d-8248-1540a48f4026
Knockharley Landfill - W0146,Meeting,,https://leap.epa.ie/licence-profile/W0146/compliance/return/9acfdc09-dd38-4d50-b9db-173681a95de4,2025-07-21T00:00:00+00:00,Closed,2025-07-21T00:00:00,W0146,8a684cb8-e7fb-4d81-b843-20ffd7f4aeeb,https://data.epa.ie/leap/api/v1/MeetingCorrespondence/meetingbyid?meeting_id=9acfdc09-dd38-4d50-b9db-173681a95de4
Knockharley Landfill - W0146,Meeting,,https://leap.epa.ie/licence-profile/W0146/compliance/return/9ae1b05c-8511-4d35-a4fd-e3aaed219911,2025-07-21T00:00:00+00:00,Closed,2025-07-21T00:00:00,W0146,8a684cb8-e7fb-4d81-b843-20ffd7f4aeeb,https://data.epa.ie/leap/api/v1/MeetingCorrespondence/meetingbyid?meeting_id=9ae1b05c-8511-4d35-a4fd-e3aaed219911
Knockharley Landfill - W0146,Meeting,,https://leap.epa.ie/licence-profile/W0146/compliance/return/a842d3be-b0a3-4948-98d7-711f325f4270,2025-07-21T00:00:00+00:00,Closed,2025-07-21T00:00:00,W0146,8a684cb8-e7fb-4d81-b843-20ffd7f4aeeb,https://data.epa.ie/leap/api/v1/MeetingCorrespondence/meetingbyid?meeting_id=a842d3be-b0a3-4948-98d7-711f325f4270
Knockharley Landfill - W0146,Meeting,,https://leap.epa.ie/licence-profile/W0146/compliance/return/a935c710-0745-4e62-b417-d8f8639bd171,2025-07-21T00:00:00+00:00,Closed,2025-07-21T00:00:00,W0146,8a684cb8-e7fb-4d81-b843-20ffd7f4aeeb,https://data.epa.ie/leap/api/v1/MeetingCorrespondence/meetingbyid?meeting_id=a935c710-0745-4e62-b417-d8f8639bd171
Knockharley Landfill - W0146,Meeting,,https://leap.epa.ie/licence-profile/W0146/compliance/return/b1dcddcc-418f-49c6-8a7d-6c9200f63f23,2025-07-21T00:00:00+00:00,Closed,2025-07-21T00:00:00,W0146,8a684cb8-e7fb-4d81-b843-20ffd7f4aeeb,https://data.epa.ie/leap/api/v1/MeetingCorrespondence/meetingbyid?meeting_id=b1dcddcc-418f-49c6-8a7d-6c9200f63f23
Knockharley Landfill - W0146,Meeting,,https://leap.epa.ie/licence-profile/W0146/compliance/return/b299a624-fd8e-43c4-864b-a6b1789fef29,2025-07-21T00:00:00+00:00,Closed,2025-07-21T00:00:00,W0146,8a684cb8-e7fb-4d81-b843-20ffd7f4aeeb,https://data.epa.ie/leap/api/v1/MeetingCorrespondence/meetingbyid?meeting_id=b299a624-fd8e-43c4-864b-a6b1789fef29
Knockharley Landfill - W0146,Meeting,,https://leap.epa.ie/licence-profile/W0146/compliance/return/b8e665ce-af72-45c5-a95a-1df1a728891e,2025-07-21T00:00:00+00:00,Closed,2025-07-21T00:00:00,W0146,8a684cb8-e7fb-4d81-b843-20ffd7f4aeeb,https://data.epa.ie/leap/api/v1/MeetingCorrespondence/meetingbyid?meeting_id=b8e665ce-af72-45c5-a95a-1df1a728891e
Knockharley Landfill - W0146,Meeting,,https://leap.epa.ie/licence-profile/W0146/compliance/return/bd9fc3d8-83fb-47b9-94b9-97353d2ac157,2025-07-21T00:00:00+00:00,Closed,2025-07-21T00:00:00,W0146,8a684cb8-e7fb-4d81-b843-20ffd7f4aeeb,https://data.epa.ie/leap/api/v1/MeetingCorrespondence/meetingbyid?meeting_id=bd9fc3d8-83fb-47b9-94b9-97353d2ac157
Knockharley Landfill - W0146,Meeting,,https://leap.epa.ie/licence-profile/W0146/compliance/return/de48fbc9-1947-4b40-8ad6-53c793d22eb8,2025-07-21T00:00:00+00:00,Closed,2025-07-21T00:00:00,W0146,8a684cb8-e7fb-4d81-b843-20ffd7f4aeeb,https://data.epa.ie/leap/api/v1/MeetingCorrespondence/meetingbyid?meeting_id=de48fbc9-1947-4b40-8ad6-53c793d22eb8
Knockharley Landfill - W0146,Meeting,,https://leap.epa.ie/licence-profile/W0146/compliance/return/de4cebbe-ee9d-41ff-8df6-f125d9ecd694,2025-07-21T00:00:00+00:00,Closed,2025-07-21T00:00:00,W0146,8a684cb8-e7fb-4d81-b843-20ffd7f4aeeb,https://data.epa.ie/leap/api/v1/MeetingCorrespondence/meetingbyid?meeting_id=de4cebbe-ee9d-41ff-8df6-f125d9ecd694
Knockharley Landfill - W0146,Meeting,,https://leap.epa.ie/licence-profile/W0146/compliance/return/ea581be7-5bf1-4f52-b060-8c71a49bff5e,2025-07-21T00:00:00+00:00,Closed,2025-07-21T00:00:00,W0146,8a684cb8-e7fb-4d81-b843-20ffd7f4aeeb,https://data.epa.ie/leap/api/v1/MeetingCorrespondence/meetingbyid?meeting_id=ea581be7-5bf1-4f52-b060-8c71a49bff5e
Knockharley Landfill - W0146,Meeting,,https://leap.epa.ie/licence-profile/W0146/compliance/return/ee3ce94e-92ba-48f2-8f12-079f95ed56ee,2025-07-21T00:00:00+00:00,Closed,2025-07-21T00:00:00,W0146,8a684cb8-e7fb-4d81-b843-20ffd7f4aeeb,https://data.epa.ie/leap/api/v1/MeetingCorrespondence/meetingbyid?meeting_id=ee3ce94e-92ba-48f2-8f12-079f95ed56ee
Knockharley Landfill - W0146,Meeting,,https://leap.epa.ie/licence-profile/W0146/compliance/return/f2ba2a1b-f21e-450c-8ec7-6d7088dce334,2025-07-21T00:00:00+00:00,Closed,2025-07-21T00:00:00,W0146,8a684cb8-e7fb-4d81-b843-20ffd7f4aeeb,https://data.epa.ie/leap/api/v1/MeetingCorrespondence/meetingbyid?meeting_id=f2ba2a1b-f21e-450c-8ec7-6d7088dce334
Knockharley Landfill - W0146,Meeting,,https://leap.epa.ie/licence-profile/W0146/compliance/return/f41a4249-7c3a-408b-8e96-559f6e28a171,2025-07-21T00:00:00+00:00,Closed,2025-07-21T00:00:00,W0146,8a684cb8-e7fb-4d81-b843-20ffd7f4aeeb,https://data.epa.ie/leap/api/v1/MeetingCorrespondence/meetingbyid?meeting_id=f41a4249-7c3a-408b-8e96-559f6e28a171
Knockharley Landfill - W0146,Meeting,,https://leap.epa.ie/licence-profile/W0146/compliance/return/f5ca3a34-6778-4d37-87c0-24b14f4716b6,2025-07-21T00:00:00+00:00,Closed,2025-07-21T00:00:00,W0146,8a684cb8-e7fb-4d81-b843-20ffd7f4aeeb,https://data.epa.ie/leap/api/v1/MeetingCorrespondence/meetingbyid?meeting_id=f5ca3a34-6778-4d37-87c0-24b14f4716b6
Knockharley Landfill - W0146,Meeting,,https://leap.epa.ie/licence-profile/W0146/compliance/return/f809f270-047e-4a2d-a7ef-d1037cc09fb3,2025-07-21T00:00:00+00:00,Closed,2025-07-21T00:00:00,W0146,8a684cb8-e7fb-4d81-b843-20ffd7f4aeeb,https://data.epa.ie/leap/api/v1/MeetingCorrespondence/meetingbyid?meeting_id=f809f270-047e-4a2d-a7ef-d1037cc09fb3
Knockharley Landfill - W0146,Meeting,,https://leap.epa.ie/licence-profile/W0146/compliance/return/fbda0296-7973-41c6-9c69-27eecd4c14d2,2025-07-21T00:00:00+00:00,Closed,2025-07-21T00:00:00,W0146,8a684cb8-e7fb-4d81-b843-20ffd7f4aeeb,https://data.epa.ie/leap/api/v1/MeetingCorrespondence/meetingbyid?meeting_id=fbda0296-7973-41c6-9c69-27eecd4c14d2
Smyths Daleside Limited - P1040,Non Compliance,,https://leap.epa.ie/licence-profile/P1040/compliance/non-compliance/0470478b-e563-f011-a373-0050568a2d1a,2025-07-21T00:00:00+00:00,Issued,2025-07-21T00:00:00,P1040,c127580f-5fd8-e811-a2db-0050568a66b2,https://data.epa.ie/leap/api/v1/NonCompliance/byid?nc_id=0470478b-e563-f011-a373-0050568a2d1a
Arran Chemical Company Limited - P0110,Non Compliance,,https://leap.epa.ie/licence-profile/P0110/compliance/non-compliance/0713525c-e463-f011-a373-0050568a2d1a,2025-07-21T00:00:00+00:00,Issued,2025-07-21T00:00:00,P0110,77e11786-8292-4f95-8724-32e3e816d005,https://data.epa.ie/leap/api/v1/NonCompliance/byid?nc_id=0713525c-e463-f011-a373-0050568a2d1a
Kepak Athleague - P0168,Non Compliance,,https://leap.epa.ie/licence-profile/P0168/compliance/non-compliance/27cddf67-ab60-f011-a373-0050568a2d1a,2025-07-21T00:00:00+00:00,Issued,2025-07-21T00:00:00,P0168,9747f926-2521-453e-8dbd-d39177b06596,https://data.epa.ie/leap/api/v1/NonCompliance/byid?nc_id=27cddf67-ab60-f011-a373-0050568a2d1a
Arrabawn Co-operative Society Limited - P0791,Non Compliance,,https://leap.epa.ie/licence-profile/P0791/compliance/non-compliance/3b04f53d-3d66-f011-a373-0050568a2d1a,2025-07-21T00:00:00+00:00,Issued,2025-07-21T00:00:00,P0791,1d9f7773-fd97-4aa8-9cb5-9654f20dcc81,https://data.epa.ie/leap/api/v1/NonCompliance/byid?nc_id=3b04f53d-3d66-f011-a373-0050568a2d1a
Alert Packaging Limited - P0366,Non Compliance,,https://leap.epa.ie/licence-profile/P0366/compliance/non-compliance/5d9b1b9e-435b-f011-a373-0050568a2d1a,2025-07-21T00:00:00+00:00,Issued,2025-07-21T00:00:00,P0366,359b4db8-d712-4f91-bbbb-25f7d0633ca6,https://data.epa.ie/leap/api/v1/NonCompliance/byid?nc_id=5d9b1b9e-435b-f011-a373-0050568a2d1a
ZOETIS BELGIUM S.A - P0015,Non Compliance,,https://leap.epa.ie/licence-profile/P0015/compliance/non-compliance/95af999a-4366-f011-a373-0050568a2d1a,2025-07-21T00:00:00+00:00,Issued,2025-07-21T00:00:00,P0015,4447b20a-0d78-4af0-8ceb-27fcdd0f6fe8,https://data.epa.ie/leap/api/v1/NonCompliance/byid?nc_id=95af999a-4366-f011-a373-0050568a2d1a
Kepak Athleague - P0168,Non Compliance,,https://leap.epa.ie/licence-profile/P0168/compliance/non-compliance/9e8cb944-ac60-f011-a373-0050568a2d1a,2025-07-21T00:00:00+00:00,Issued,2025-07-21T00:00:00,P0168,9747f926-2521-453e-8dbd-d39177b06596,https://data.epa.ie/leap/api/v1/NonCompliance/byid?nc_id=9e8cb944-ac60-f011-a373-0050568a2d1a
Alexion Pharma International Operations Unlimited Company - P1094,Non Compliance,,https://leap.epa.ie/licence-profile/P1094/compliance/non-compliance/cc7df6d3-dc63-f011-a373-0050568a2d1a,2025-07-21T00:00:00+00:00,Issued,2025-07-21T00:00:00,P1094,74fbf70e-0323-4db5-a304-f79f79034de5,https://data.epa.ie/leap/api/v1/NonCompliance/byid?nc_id=cc7df6d3-dc63-f011-a373-0050568a2d1a
John Ronan & Sons - P0225,Site Visit,,https://leap.epa.ie/licence-profile/P0225/compliance/sitevisit/017e715e-cd58-f011-a373-0050568a2d1a,2025-07-21T00:00:00+00:00,Closed,2025-05-27T00:00:00,P0225,1790d3d5-2c8e-4c78-bb3d-8f5047470ba5,https://data.epa.ie/leap/api/v1/SiteVisit/byid?sv_id=017e715e-cd58-f011-a373-0050568a2d1a
MEDITE Europe DAC - L0239,Site Visit,,https://leap.epa.ie/licence-profile/L0239/compliance/sitevisit/070a588e-144c-f011-a373-0050568a2d1a,2025-07-21T00:00:00+00:00,Closed,2025-06-30T00:00:00,L0239,d80baa9d-7fb7-e411-b3b4-0050568a69e2,https://data.epa.ie/leap/api/v1/SiteVisit/byid?sv_id=070a588e-144c-f011-a373-0050568a2d1a
Kepak Athleague - P0168,Site Visit,,https://leap.epa.ie/licence-profile/P0168/compliance/sitevisit/0cc49ef6-c55c-f011-a373-0050568a2d1a,2025-07-21T00:00:00+00:00,Closed,2025-07-08T00:00:00,P0168,9747f926-2521-453e-8dbd-d39177b06596,https://data.epa.ie/leap/api/v1/SiteVisit/byid?sv_id=0cc49ef6-c55c-f011-a373-0050568a2d1a
Arrabawn Co-operative Society Limited - P0791,Site Visit,,https://leap.epa.ie/licence-profile/P0791/compliance/sitevisit/27fee9c5-065c-f011-a373-0050568a2d1a,2025-07-21T00:00:00+00:00,Closed,2025-07-08T00:00:00,P0791,1d9f7773-fd97-4aa8-9cb5-9654f20dcc81,https://data.epa.ie/leap/api/v1/SiteVisit/byid?sv_id=27fee9c5-065c-f011-a373-0050568a2d1a
Anglo Beef Processors Ireland Unlimited Company t/a ABP Nenagh - P0184,Site Visit,,https://leap.epa.ie/licence-profile/P0184/compliance/sitevisit/2b02f3ba-dcbd-ef11-a324-0050568a66b2,2025-07-21T00:00:00+00:00,Closed,2025-06-26T00:00:00,P0184,d5ac40ab-6c8e-4e95-8415-77f1b88bf4ba,https://data.epa.ie/leap/api/v1/SiteVisit/byid?sv_id=2b02f3ba-dcbd-ef11-a324-0050568a66b2
Bord na Móna Energy Limited (Oweninny) - P0505,Site Visit,,https://leap.epa.ie/licence-profile/P0505/compliance/sitevisit/2df99a13-a6d1-ef11-a325-0050568a66b2,2025-07-21T00:00:00+00:00,Closed,2025-07-15T00:00:00,P0505,17615cbd-588f-44a8-8733-762c78d9dedc,https://data.epa.ie/leap/api/v1/SiteVisit/byid?sv_id=2df99a13-a6d1-ef11-a325-0050568a66b2
Alert Packaging Limited - P0366,Site Visit,,https://leap.epa.ie/licence-profile/P0366/compliance/sitevisit/35cd8e2e-1258-f011-a373-0050568a2d1a,2025-07-21T00:00:00+00:00,Closed,2025-07-01T00:00:00,P0366,359b4db8-d712-4f91-bbbb-25f7d0633ca6,https://data.epa.ie/leap/api/v1/SiteVisit/byid?sv_id=35cd8e2e-1258-f011-a373-0050568a2d1a
Johnson & Johnson Vision Care Ireland Unlimited Company - P0818,Site Visit,,https://leap.epa.ie/licence-profile/P0818/compliance/sitevisit/6503f3ba-dcbd-ef11-a324-0050568a66b2,2025-07-21T00:00:00+00:00,Closed,2025-05-20T00:00:00,P0818,c384e292-8ae1-44cd-a0f3-80d28c31c889,https://data.epa.ie/leap/api/v1/SiteVisit/byid?sv_id=6503f3ba-dcbd-ef11-a324-0050568a66b2
Mr Kevin Ahern - P0891,Site Visit,,https://leap.epa.ie/licence-profile/P0891/compliance/sitevisit/743f9c1f-a6d1-ef11-a325-0050568a66b2,2025-07-21T00:00:00+00:00,Closed,2025-07-16T00:00:00,P0891,02039d50-239f-444e-88af-183e4dae00a6,https://data.epa.ie/leap/api/v1/SiteVisit/byid?sv_id=743f9c1f-a6d1-ef11-a325-0050568a66b2
Intel Ireland Limited - P0207,Site Visit,,https://leap.epa.ie/licence-profile/P0207/compliance/sitevisit/a4629925-a6d1-ef11-a325-0050568a66b2,2025-07-21T00:00:00+00:00,Closed,2025-07-09T00:00:00,P0207,2c0af8b7-fb39-4182-bc57-f49fdcb25313,https://data.epa.ie/leap/api/v1/SiteVisit/byid?sv_id=a4629925-a6d1-ef11-a325-0050568a66b2
Murray Timber (Ballon) Limited - P0556,Site Visit,,https://leap.epa.ie/licence-profile/P0556/compliance/sitevisit/e502f3ba-dcbd-ef11-a324-0050568a66b2,2025-07-21T00:00:00+00:00,Closed,2025-06-09T00:00:00,P0556,0e3dab79-0702-4104-87a5-5688038dc863,https://data.epa.ie/leap/api/v1/SiteVisit/byid?sv_id=e502f3ba-dcbd-ef11-a324-0050568a66b2
Greystones - D0010,Complaint,Smell emanating from WWTP,https://leap.epa.ie/licence-profile/D0010/compliance/complaint/f155160d-1f66-f011-a373-0050568a2d1a,2025-07-20T00:00:00+00:00,Open,2025-07-20T00:00:00,D0010,be0e050e-e607-4daf-b829-5d979b2c6f71,https://data.epa.ie/leap/api/v1/Complaint/byid?complaint_id=f155160d-1f66-f011-a373-0050568a2d1a
Ringsend - D0034,Meeting,,https://leap.epa.ie/licence-profile/D0034/compliance/return/024c74cf-96c9-4dac-ad73-c73cf437228a,2025-07-20T00:00:00+00:00,Closed,2025-07-20T00:00:00,D0034,188b6e9c-77a4-4dd9-895c-17080f6af298,https://data.epa.ie/leap/api/v1/MeetingCorrespondence/meetingbyid?meeting_id=024c74cf-96c9-4dac-ad73-c73cf437228a
Ringsend - D0034,Meeting,,https://leap.epa.ie/licence-profile/D0034/compliance/return/0579c664-11c6-47ba-8a1b-90404c53f960,2025-07-20T00:00:00+00:00,Closed,2025-07-20T00:00:00,D0034,188b6e9c-77a4-4dd9-895c-17080f6af298,https://data.epa.ie/leap/api/v1/MeetingCorrespondence/meetingbyid?meeting_id=0579c664-11c6-47ba-8a1b-90404c53f960
Ringsend - D0034,Meeting,,https://leap.epa.ie/licence-profile/D0034/compliance/return/06f8f358-79f8-4c5b-80f4-08d303dc4256,2025-07-20T00:00:00+00:00,Closed,2025-07-20T00:00:00,D0034,188b6e9c-77a4-4dd9-895c-17080f6af298,https://data.epa.ie/leap/api/v1/MeetingCorrespondence/meetingbyid?meeting_id=06f8f358-79f8-4c5b-80f4-08d303dc4256
Ringsend - D0034,Meeting,,https://leap.epa.ie/licence-profile/D0034/compliance/return/0bbc17d8-371d-47fc-abec-dabb056ff70b,2025-07-20T00:00:00+00:00,Closed,2025-07-20T00:00:00,D0034,188b6e9c-77a4-4dd9-895c-17080f6af298,https://data.epa.ie/leap/api/v1/MeetingCorrespondence/meetingbyid?meeting_id=0bbc17d8-371d-47fc-abec-dabb056ff70b
Ringsend - D0034,Meeting,,https://leap.epa.ie/licence-profile/D0034/compliance/return/0cd36cee-5ab3-4fc0-baa7-4247aabf5331,2025-07-20T00:00:00+00:00,Closed,2025-07-20T00:00:00,D0034,188b6e9c-77a4-4dd9-895c-17080f6af298,https://data.epa.ie/leap/api/v1/MeetingCorrespondence/meetingbyid?meeting_id=0cd36cee-5ab3-4fc0-baa7-4247aabf5331
Ringsend - D0034,Meeting,,https://leap.epa.ie/licence-profile/D0034/compliance/return/123cd407-7cfb-4d48-976d-fec50a1b96bf,2025-07-20T00:00:00+00:00,Closed,2025-07-20T00:00:00,D0034,188b6e9c-77a4-4dd9-895c-17080f6af298,https://data.epa.ie/leap/api/v1/MeetingCorrespondence/meetingbyid?meeting_id=123cd407-7cfb-4d48-976d-fec50a1b96bf
Ringsend - D0034,Meeting,,https://leap.epa.ie/licence-profile/D0034/compliance/return/1290009a-c3e1-4e24-9ef5-82ea5279bfc5,2025-07-20T00:00:00+00:00,Closed,2025-07-20T00:00:00,D0034,188b6e9c-77a4-4dd9-895c-17080f6af298,https://data.epa.ie/leap/api/v1/MeetingCorrespondence/meetingbyid?meeting_id=1290009a-c3e1-4e24-9ef5-82ea5279bfc5
Ringsend - D0034,Meeting,,https://leap.epa.ie/licence-profile/D0034/compliance/return/153ae2fb-759c-43ba-89bd-97943be328dc,2025-07-20T00:00:00+00:00,Closed,2025-07-20T00:00:00,D0034,188b6e9c-77a4-4dd9-895c-17080f6af298,https://data.epa.ie/leap/api/v1/MeetingCorrespondence/meetingbyid?meeting_id=153ae2fb-759c-43ba-89bd-97943be328dc
Ringsend - D0034,Meeting,,https://leap.epa.ie/licence-profile/D0034/compliance/return/1607a736-4992-4834-9176-763fe3614512,2025-07-20T00:00:00+00:00,Closed,2025-07-20T00:00:00,D0034,188b6e9c-77a4-4dd9-895c-17080f6af298,https://data.epa.ie/leap/api/v1/MeetingCorrespondence/meetingbyid?meeting_id=1607a736-4992-4834-9176-763fe3614512
Ringsend - D0034,Meeting,,https://leap.epa.ie/licence-profile/D0034/compliance/return/174bd3b1-7358-42fe-956d-b97a31476ab6,2025-07-20T00:00:00+00:00,Closed,2025-07-20T00:00:00,D0034,188b6e9c-77a4-4dd9-895c-17080f6af298,https://data.epa.ie/leap/api/v1/MeetingCorrespondence/meetingbyid?meeting_id=174bd3b1-7358-42fe-956d-b97a31476ab6
Ringsend - D0034,Meeting,,https://leap.epa.ie/licence-profile/D0034/compliance/return/18898834-6339-4167-8c8d-1f586f4e92f5,2025-07-20T00:00:00+00:00,Closed,2025-07-20T00:00:00,D0034,188b6e9c-77a4-4dd9-895c-17080f6af298,https://data.epa.ie/leap/api/v1/MeetingCorrespondence/meetingbyid?meeting_id=18898834-6339-4167-8c8d-1f586f4e92f5
Ringsend - D0034,Meeting,,https://leap.epa.ie/licence-profile/D0034/compliance/return/19781b25-6039-43e8-ab4b-83e567bdd097,2025-07-20T00:00:00+00:00,Closed,2025-07-20T00:00:00,D0034,188b6e9c-77a4-4dd9-895c-17080f6af298,https://data.epa.ie/leap/api/v1/MeetingCorrespondence/meetingbyid?meeting_id=19781b25-6039-43e8-ab4b-83e567bdd097
Ringsend - D0034,Meeting,,https://leap.epa.ie/licence-profile/D0034/compliance/return/20fb168d-99d7-406c-857f-aaf70e0e1fcc,2025-07-20T00:00:00+00:00,Closed,2025-07-20T00:00:00,D0034,188b6e9c-77a4-4dd9-895c-17080f6af298,https://data.epa.ie/leap/api/v1/MeetingCorrespondence/meetingbyid?meeting_id=20fb168d-99d7-406c-857f-aaf70e0e1fcc
Ringsend - D0034,Meeting,,https://leap.epa.ie/licence-profile/D0034/compliance/return/241f8551-1624-4227-a058-b1e7ddc0f450,2025-07-20T00:00:00+00:00,Closed,2025-07-20T00:00:00,D0034,188b6e9c-77a4-4dd9-895c-17080f6af298,https://data.epa.ie/leap/api/v1/MeetingCorrespondence/meetingbyid?meeting_id=241f8551-1624-4227-a058-b1e7ddc0f450
Ringsend - D0034,Meeting,,https://leap.epa.ie/licence-profile/D0034/compliance/return/2824b3cd-81f0-4069-a33a-382152ef8df1,2025-07-20T00:00:00+00:00,Closed,2025-07-20T00:00:00,D0034,188b6e9c-77a4-4dd9-895c-17080f6af298,https://data.epa.ie/leap/api/v1/MeetingCorrespondence/meetingbyid?meeting_id=2824b3cd-81f0-4069-a33a-382152ef8df1
Ringsend - D0034,Meeting,,https://leap.epa.ie/licence-profile/D0034/compliance/return/29cd2fbe-8fa6-460e-a109-8f33f586e281,2025-07-20T00:00:00+00:00,Closed,2025-07-20T00:00:00,D0034,188b6e9c-77a4-4dd9-895c-17080f6af298,https://data.epa.ie/leap/api/v1/MeetingCorrespondence/meetingbyid?meeting_id=29cd2fbe-8fa6-460e-a109-8f33f586e281
Ringsend - D0034,Meeting,,https://leap.epa.ie/licence-profile/D0034/compliance/return/2de4ab51-56f9-4e40-8b65-2fc6aed49937,2025-07-20T00:00:00+00:00,Closed,2025-07-20T00:00:00,D0034,188b6e9c-77a4-4dd9-895c-17080f6af298,https://data.epa.ie/leap/api/v1/MeetingCorrespondence/meetingbyid?meeting_id=2de4ab51-56f9-4e40-8b65-2fc6aed49937
Ringsend - D0034,Meeting,,https://leap.epa.ie/licence-profile/D0034/compliance/return/2faa76ec-f712-4735-99b0-dc51ab55614c,2025-07-20T00:00:00+00:00,Closed,2025-07-20T00:00:00,D0034,188b6e9c-77a4-4dd9-895c-17080f6af298,https://data.epa.ie/leap/api/v1/MeetingCorrespondence/meetingbyid?meeting_id=2faa76ec-f712-4735-99b0-dc51ab55614c
Ringsend - D0034,Meeting,,https://leap.epa.ie/licence-profile/D0034/compliance/return/2ffd5d8e-34d2-456c-abe2-e61b887f7647,2025-07-20T00:00:00+00:00,Closed,2025-07-20T00:00:00,D0034,188b6e9c-77a4-4dd9-895c-17080f6af298,https://data.epa.ie/leap/api/v1/MeetingCorrespondence/meetingbyid?meeting_id=2ffd5d8e-34d2-456c-abe2-e61b887f7647
Ringsend - D0034,Meeting,,https://leap.epa.ie/licence-profile/D0034/compliance/return/34857fa4-1e73-42f7-b0fd-975b2b936ed8,2025-07-20T00:00:00+00:00,Closed,2025-07-20T00:00:00,D0034,188b6e9c-77a4-4dd9-895c-17080f6af298,https://data.epa.ie/leap/api/v1/MeetingCorrespondence/meetingbyid?meeting_id=34857fa4-1e73-42f7-b0fd-975b2b936ed8
Ringsend - D0034,Meeting,,https://leap.epa.ie/licence-profile/D0034/compliance/return/36437350-2ebc-45ff-a281-8dac33d028e8,2025-07-20T00:00:00+00:00,Closed,2025-07-20T00:00:00,D0034,188b6e9c-77a4-4dd9-895c-17080f6af298,https://data.epa.ie/leap/api/v1/MeetingCorrespondence/meetingbyid?meeting_id=36437350-2ebc-45ff-a281-8dac33d028e8
Ringsend - D0034,Meeting,,https://leap.epa.ie/licence-profile/D0034/compliance/return/371348eb-9bcb-4562-a4e2-950386347c8c,2025-07-20T00:00:00+00:00,Closed,2025-07-20T00:00:00,D0034,188b6e9c-77a4-4dd9-895c-17080f6af298,https://data.epa.ie/leap/api/v1/MeetingCorrespondence/meetingbyid?meeting_id=371348eb-9bcb-4562-a4e2-950386347c8c
Ringsend - D0034,Meeting,,https://leap.epa.ie/licence-profile/D0034/compliance/return/3b9ec60c-dd26-477f-84cd-8504d338084f,2025-07-20T00:00:00+00:00,Closed,2025-07-20T00:00:00,D0034,188b6e9c-77a4-4dd9-895c-17080f6af298,https://data.epa.ie/leap/api/v1/MeetingCorrespondence/meetingbyid?meeting_id=3b9ec60c-dd26-477f-84cd-8504d338084f
Ringsend - D0034,Meeting,,https://leap.epa.ie/licence-profile/D0034/compliance/return/3fced61b-3c76-4c7b-8f0c-ccd680556827,2025-07-20T00:00:00+00:00,Closed,2025-07-20T00:00:00,D0034,188b6e9c-77a4-4dd9-895c-17080f6af298,https://data.epa.ie/leap/api/v1/MeetingCorrespondence/meetingbyid?meeting_id=3fced61b-3c76-4c7b-8f0c-ccd680556827
Ringsend - D0034,Meeting,,https://leap.epa.ie/licence-profile/D0034/compliance/return/466f6913-bdba-4788-8974-4d96c478e3d0,2025-07-20T00:00:00+00:00,Closed,2025-07-20T00:00:00,D0034,188b6e9c-77a4-4dd9-895c-17080f6af298,https://data.epa.ie/leap/api/v1/MeetingCorrespondence/meetingbyid?meeting_id=466f6913-bdba-4788-8974-4d96c478e3d0
Ringsend - D0034,Meeting,,https://leap.epa.ie/licence-profile/D0034/compliance/return/4af88266-90c3-4e01-b057-980cb1698868,2025-07-20T00:00:00+00:00,Closed,2025-07-20T00:00:00,D0034,188b6e9c-77a4-4dd9-895c-17080f6af298,https://data.epa.ie/leap/api/v1/MeetingCorrespondence/meetingbyid?meeting_id=4af88266-90c3-4e01-b057-980cb1698868
Ringsend - D0034,Meeting,,https://leap.epa.ie/licence-profile/D0034/compliance/return/4d9e63a4-df04-4eea-8f29-3e4a60937c7d,2025-07-20T00:00:00+00:00,Closed,2025-07-20T00:00:00,D0034,188b6e9c-77a4-4dd9-895c-17080f6af298,https://data.epa.ie/leap/api/v1/MeetingCorrespondence/meetingbyid?meeting_id=4d9e63a4-df04-4eea-8f29-3e4a60937c7d
Ringsend - D0034,Meeting,,https://leap.epa.ie/licence-profile/D0034/compliance/return/4e82a92c-1014-4271-a033-d084a3a4156d,2025-07-20T00:00:00+00:00,Closed,2025-07-20T00:00:00,D0034,188b6e9c-77a4-4dd9-895c-17080f6af298,https://data.epa.ie/leap/api/v1/MeetingCorrespondence/meetingbyid?meeting_id=4e82a92c-1014-4271-a033-d084a3a4156d
Ringsend - D0034,Meeting,,https://leap.epa.ie/licence-profile/D0034/compliance/return/5056187c-55e9-4a0b-ae0d-87030e85e8c9,2025-07-20T00:00:00+00:00,Closed,2025-07-20T00:00:00,D0034,188b6e9c-77a4-4dd9-895c-17080f6af298,https://data.epa.ie/leap/api/v1/MeetingCorrespondence/meetingbyid?meeting_id=5056187c-55e9-4a0b-ae0d-87030e85e8c9
Ringsend - D0034,Meeting,,https://leap.epa.ie/licence-profile/D0034/compliance/return/520b58a8-4e91-48b4-8f81-1dd0165f8b8f,2025-07-20T00:00:00+00:00,Closed,2025-07-20T00:00:00,D0034,188b6e9c-77a4-4dd9-895c-17080f6af298,https://data.epa.ie/leap/api/v1/MeetingCorrespondence/meetingbyid?meeting_id=520b58a8-4e91-48b4-8f81-1dd0165f8b8f
Ringsend - D0034,Meeting,,https://leap.epa.ie/licence-profile/D0034/compliance/return/56dee02d-5f4c-420d-85a9-744f35fca064,2025-07-20T00:00:00+00:00,Closed,2025-07-20T00:00:00,D0034,188b6e9c-77a4-4dd9-895c-17080f6af298,https://data.epa.ie/leap/api/v1/MeetingCorrespondence/meetingbyid?meeting_id=56dee02d-5f4c-420d-85a9-744f35fca064
Ringsend - D0034,Meeting,,https://leap.epa.ie/licence-profile/D0034/compliance/return/58d422e2-cd7b-4b60-b45a-1eb12ccbe584,2025-07-20T00:00:00+00:00,Closed,2025-07-20T00:00:00,D0034,188b6e9c-77a4-4dd9-895c-17080f6af298,https://data.epa.ie/leap/api/v1/MeetingCorrespondence/meetingbyid?meeting_id=58d422e2-cd7b-4b60-b45a-1eb12ccbe584
Ringsend - D0034,Meeting,,https://leap.epa.ie/licence-profile/D0034/compliance/return/5a5f5751-4cd4-4c8c-9328-52268a2ca584,2025-07-20T00:00:00+00:00,Closed,2025-07-20T00:00:00,D0034,188b6e9c-77a4-4dd9-895c-17080f6af298,https://data.epa.ie/leap/api/v1/MeetingCorrespondence/meetingbyid?meeting_id=5a5f5751-4cd4-4c8c-9328-52268a2ca584
Ringsend - D0034,Meeting,,https://leap.epa.ie/licence-profile/D0034/compliance/return/606b916f-a498-449a-8ca4-0f63ea848ab4,2025-07-20T00:00:00+00:00,Closed,2025-07-20T00:00:00,D0034,188b6e9c-77a4-4dd9-895c-17080f6af298,https://data.epa.ie/leap/api/v1/MeetingCorrespondence/meetingbyid?meeting_id=606b916f-a498-449a-8ca4-0f63ea848ab4
Ringsend - D0034,Meeting,,https://leap.epa.ie/licence-profile/D0034/compliance/return/60831246-593c-4bbf-b364-990b3a35611f,2025-07-20T00:00:00+00:00,Closed,2025-07-20T00:00:00,D0034,188b6e9c-77a4-4dd9-895c-17080f6af298,https://data.epa.ie/leap/api/v1/MeetingCorrespondence/meetingbyid?meeting_id=60831246-593c-4bbf-b364-990b3a35611f
Ringsend - D0034,Meeting,,https://leap.epa.ie/licence-profile/D0034/compliance/return/6b154fde-952c-4700-8ea5-210d9289317a,2025-07-20T00:00:00+00:00,Closed,2025-07-20T00:00:00,D0034,188b6e9c-77a4-4dd9-895c-17080f6af298,https://data.epa.ie/leap/api/v1/MeetingCorrespondence/meetingbyid?meeting_id=6b154fde-952c-4700-8ea5-210d9289317a
Ringsend - D0034,Meeting,,https://leap.epa.ie/licence-profile/D0034/compliance/return/6cfc28a8-c8c1-4401-8661-7622b6411898,2025-07-20T00:00:00+00:00,Closed,2025-07-20T00:00:00,D0034,188b6e9c-77a4-4dd9-895c-17080f6af298,https://data.epa.ie/leap/api/v1/MeetingCorrespondence/meetingbyid?meeting_id=6cfc28a8-c8c1-4401-8661-7622b6411898
Ringsend - D0034,Meeting,,https://leap.epa.ie/licence-profile/D0034/compliance/return/6e745cea-5ce2-4794-a378-5514741d1ae4,2025-07-20T00:00:00+00:00,Closed,2025-07-20T00:00:00,D0034,188b6e9c-77a4-4dd9-895c-17080f6af298,https://data.epa.ie/leap/api/v1/MeetingCorrespondence/meetingbyid?meeting_id=6e745cea-5ce2-4794-a378-5514741d1ae4
Ringsend - D0034,Meeting,,https://leap.epa.ie/licence-profile/D0034/compliance/return/725c7467-de02-4c48-93b7-5693b72d655f,2025-07-20T00:00:00+00:00,Closed,2025-07-20T00:00:00,D0034,188b6e9c-77a4-4dd9-895c-17080f6af298,https://data.epa.ie/leap/api/v1/MeetingCorrespondence/meetingbyid?meeting_id=725c7467-de02-4c48-93b7-5693b72d655f
Ringsend - D0034,Meeting,,https://leap.epa.ie/licence-profile/D0034/compliance/return/7280122e-edc5-401d-82a2-aa562913bec8,2025-07-20T00:00:00+00:00,Closed,2025-07-20T00:00:00,D0034,188b6e9c-77a4-4dd9-895c-17080f6af298,https://data.epa.ie/leap/api/v1/MeetingCorrespondence/meetingbyid?meeting_id=7280122e-edc5-401d-82a2-aa562913bec8
Ringsend - D0034,Meeting,,https://leap.epa.ie/licence-profile/D0034/compliance/return/7737a882-b2dc-4f09-92f7-1815666322e8,2025-07-20T00:00:00+00:00,Closed,2025-07-20T00:00:00,D0034,188b6e9c-77a4-4dd9-895c-17080f6af298,https://data.epa.ie/leap/api/v1/MeetingCorrespondence/meetingbyid?meeting_id=7737a882-b2dc-4f09-92f7-1815666322e8
Ringsend - D0034,Meeting,,https://leap.epa.ie/licence-profile/D0034/compliance/return/7a55f74d-ac11-47cf-85dd-11ee7f32e114,2025-07-20T00:00:00+00:00,Closed,2025-07-20T00:00:00,D0034,188b6e9c-77a4-4dd9-895c-17080f6af298,https://data.epa.ie/leap/api/v1/MeetingCorrespondence/meetingbyid?meeting_id=7a55f74d-ac11-47cf-85dd-11ee7f32e114
Ringsend - D0034,Meeting,,https://leap.epa.ie/licence-profile/D0034/compliance/return/7b958352-8f2f-413b-8f31-0d7fb24f7307,2025-07-20T00:00:00+00:00,Closed,2025-07-20T00:00:00,D0034,188b6e9c-77a4-4dd9-895c-17080f6af298,https://data.epa.ie/leap/api/v1/MeetingCorrespondence/meetingbyid?meeting_id=7b958352-8f2f-413b-8f31-0d7fb24f7307
Ringsend - D0034,Meeting,,https://leap.epa.ie/licence-profile/D0034/compliance/return/7de647f3-65c5-4055-9b2b-78eefdac8cf9,2025-07-20T00:00:00+00:00,Closed,2025-07-20T00:00:00,D0034,188b6e9c-77a4-4dd9-895c-17080f6af298,https://data.epa.ie/leap/api/v1/MeetingCorrespondence/meetingbyid?meeting_id=7de647f3-65c5-4055-9b2b-78eefdac8cf9
Ringsend - D0034,Meeting,,https://leap.epa.ie/licence-profile/D0034/compliance/return/7f1bc708-170c-4bca-a11c-39d483f36e22,2025-07-20T00:00:00+00:00,Closed,2025-07-20T00:00:00,D0034,188b6e9c-77a4-4dd9-895c-17080f6af298,https://data.epa.ie/leap/api/v1/MeetingCorrespondence/meetingbyid?meeting_id=7f1bc708-170c-4bca-a11c-39d483f36e22
Ringsend - D0034,Meeting,,https://leap.epa.ie/licence-profile/D0034/compliance/return/7f32e9f4-538f-4af9-9939-7e4bea5a055a,2025-07-20T00:00:00+00:00,Closed,2025-07-20T00:00:00,D0034,188b6e9c-77a4-4dd9-895c-17080f6af298,https://data.epa.ie/leap/api/v1/MeetingCorrespondence/meetingbyid?meeting_id=7f32e9f4-538f-4af9-9939-7e4bea5a055a
Ringsend - D0034,Meeting,,https://leap.epa.ie/licence-profile/D0034/compliance/return/854aeda2-8213-44ac-a417-c23df9abf668,2025-07-20T00:00:00+00:00,Closed,2025-07-20T00:00:00,D0034,188b6e9c-77a4-4dd9-895c-17080f6af298,https://data.epa.ie/leap/api/v1/MeetingCorrespondence/meetingbyid?meeting_id=854aeda2-8213-44ac-a417-c23df9abf668
Ringsend - D0034,Meeting,,https://leap.epa.ie/licence-profile/D0034/compliance/return/8663a77a-cf7e-49fa-9e8b-e71d1b973a9b,2025-07-20T00:00:00+00:00,Closed,2025-07-20T00:00:00,D0034,188b6e9c-77a4-4dd9-895c-17080f6af298,https://data.epa.ie/leap/api/v1/MeetingCorrespondence/meetingbyid?meeting_id=8663a77a-cf7e-49fa-9e8b-e71d1b973a9b
Ringsend - D0034,Meeting,,https://leap.epa.ie/licence-profile/D0034/compliance/return/893969c3-d59b-4684-8d83-5fc396671497,2025-07-20T00:00:00+00:00,Closed,2025-07-20T00:00:00,D0034,188b6e9c-77a4-4dd9-895c-17080f6af298,https://data.epa.ie/leap/api/v1/MeetingCorrespondence/meetingbyid?meeting_id=893969c3-d59b-4684-8d83-5fc396671497
Ringsend - D0034,Meeting,,https://leap.epa.ie/licence-profile/D0034/compliance/return/8a3b1a41-538e-4112-aafb-f9b221c1fb33,2025-07-20T00:00:00+00:00,Closed,2025-07-20T00:00:00,D0034,188b6e9c-77a4-4dd9-895c-17080f6af298,https://data.epa.ie/leap/api/v1/MeetingCorrespondence/meetingbyid?meeting_id=8a3b1a41-538e-4112-aafb-f9b221c1fb33
Ringsend - D0034,Meeting,,https://leap.epa.ie/licence-profile/D0034/compliance/return/973e1c6b-563a-466e-8ad2-d0530c4eba78,2025-07-20T00:00:00+00:00,Closed,2025-07-20T00:00:00,D0034,188b6e9c-77a4-4dd9-895c-17080f6af298,https://data.epa.ie/leap/api/v1/MeetingCorrespondence/meetingbyid?meeting_id=973e1c6b-563a-466e-8ad2-d0530c4eba78
Ringsend - D0034,Meeting,,https://leap.epa.ie/licence-profile/D0034/compliance/return/9833e281-db77-43eb-8206-9870d2cc65e0,2025-07-20T00:00:00+00:00,Closed,2025-07-20T00:00:00,D0034,188b6e9c-77a4-4dd9-895c-17080f6af298,https://data.epa.ie/leap/api/v1/MeetingCorrespondence/meetingbyid?meeting_id=9833e281-db77-43eb-8206-9870d2cc65e0
Ringsend - D0034,Meeting,,https://leap.epa.ie/licence-profile/D0034/compliance/return/99bbbcba-301a-43ee-9924-a3f5f067e662,2025-07-20T00:00:00+00:00,Closed,2025-07-20T00:00:00,D0034,188b6e9c-77a4-4dd9-895c-17080f6af298,https://data.epa.ie/leap/api/v1/MeetingCorrespondence/meetingbyid?meeting_id=99bbbcba-301a-43ee-9924-a3f5f067e662
Ringsend - D0034,Meeting,,https://leap.epa.ie/licence-profile/D0034/compliance/return/9a6c470f-bdd8-4bae-b6b0-8d3bf7d1bd59,2025-07-20T00:00:00+00:00,Closed,2025-07-20T00:00:00,D0034,188b6e9c-77a4-4dd9-895c-17080f6af298,https://data.epa.ie/leap/api/v1/MeetingCorrespondence/meetingbyid?meeting_id=9a6c470f-bdd8-4bae-b6b0-8d3bf7d1bd59
Ringsend - D0034,Meeting,,https://leap.epa.ie/licence-profile/D0034/compliance/return/9afd3fea-73c2-4a10-8403-4f70a5697705,2025-07-20T00:00:00+00:00,Closed,2025-07-20T00:00:00,D0034,188b6e9c-77a4-4dd9-895c-17080f6af298,https://data.epa.ie/leap/api/v1/MeetingCorrespondence/meetingbyid?meeting_id=9afd3fea-73c2-4a10-8403-4f70a5697705
Ringsend - D0034,Meeting,,https://leap.epa.ie/licence-profile/D0034/compliance/return/9b32ede1-7ce7-4f38-bd66-b973c3146969,2025-07-20T00:00:00+00:00,Closed,2025-07-20T00:00:00,D0034,188b6e9c-77a4-4dd9-895c-17080f6af298,https://data.epa.ie/leap/api/v1/MeetingCorrespondence/meetingbyid?meeting_id=9b32ede1-7ce7-4f38-bd66-b973c3146969
Ringsend - D0034,Meeting,,https://leap.epa.ie/licence-profile/D0034/compliance/return/a1f8d149-f481-44c8-b1fc-b7f1fa20a4da,2025-07-20T00:00:00+00:00,Closed,2025-07-20T00:00:00,D0034,188b6e9c-77a4-4dd9-895c-17080f6af298,https://data.epa.ie/leap/api/v1/MeetingCorrespondence/meetingbyid?meeting_id=a1f8d149-f481-44c8-b1fc-b7f1fa20a4da
Ringsend - D0034,Meeting,,https://leap.epa.ie/licence-profile/D0034/compliance/return/a6a6c5bd-c1ed-4a8d-8721-18eabe00a0b0,2025-07-20T00:00:00+00:00,Closed,2025-07-20T00:00:00,D0034,188b6e9c-77a4-4dd9-895c-17080f6af298,https://data.epa.ie/leap/api/v1/MeetingCorrespondence/meetingbyid?meeting_id=a6a6c5bd-c1ed-4a8d-8721-18eabe00a0b0
Ringsend - D0034,Meeting,,https://leap.epa.ie/licence-profile/D0034/compliance/return/abad81a3-7b9e-4df0-86c6-d285aaaaa4ab,2025-07-20T00:00:00+00:00,Closed,2025-07-20T00:00:00,D0034,188b6e9c-77a4-4dd9-895c-17080f6af298,https://data.epa.ie/leap/api/v1/MeetingCorrespondence/meetingbyid?meeting_id=abad81a3-7b9e-4df0-86c6-d285aaaaa4ab
Ringsend - D0034,Meeting,,https://leap.epa.ie/licence-profile/D0034/compliance/return/afba54e9-9d40-4a0a-b626-6a1e12cb71d5,2025-07-20T00:00:00+00:00,Closed,2025-07-20T00:00:00,D0034,188b6e9c-77a4-4dd9-895c-17080f6af298,https://data.epa.ie/leap/api/v1/MeetingCorrespondence/meetingbyid?meeting_id=afba54e9-9d40-4a0a-b626-6a1e12cb71d5
Ringsend - D0034,Meeting,,https://leap.epa.ie/licence-profile/D0034/compliance/return/b0673f3c-3b3c-4a17-bacb-280cdcdd2455,2025-07-20T00:00:00+00:00,Closed,2025-07-20T00:00:00,D0034,188b6e9c-77a4-4dd9-895c-17080f6af298,https://data.epa.ie/leap/api/v1/MeetingCorrespondence/meetingbyid?meeting_id=b0673f3c-3b3c-4a17-bacb-280cdcdd2455
Ringsend - D0034,Meeting,,https://leap.epa.ie/licence-profile/D0034/compliance/return/b13819ed-28e0-4236-b008-1e20b1920744,2025-07-20T00:00:00+00:00,Closed,2025-07-20T00:00:00,D0034,188b6e9c-77a4-4dd9-895c-17080f6af298,https://data.epa.ie/leap/api/v1/MeetingCorrespondence/meetingbyid?meeting_id=b13819ed-28e0-4236-b008-1e20b1920744
Ringsend - D0034,Meeting,,https://leap.epa.ie/licence-profile/D0034/compliance/return/b7c0d6a6-65e0-432b-ad66-958c5907d0cc,2025-07-20T00:00:00+00:00,Closed,2025-07-20T00:00:00,D0034,188b6e9c-77a4-4dd9-895c-17080f6af298,https://data.epa.ie/leap/api/v1/MeetingCorrespondence/meetingbyid?meeting_id=b7c0d6a6-65e0-432b-ad66-958c5907d0cc
Ringsend - D0034,Meeting,,https://leap.epa.ie/licence-profile/D0034/compliance/return/bbcb5956-085b-4a2d-b1f0-896ae3ef99df,2025-07-20T00:00:00+00:00,Closed,2025-07-20T00:00:00,D0034,188b6e9c-77a4-4dd9-895c-17080f6af298,https://data.epa.ie/leap/api/v1/MeetingCorrespondence/meetingbyid?meeting_id=bbcb5956-085b-4a2d-b1f0-896ae3ef99df
Ringsend - D0034,Meeting,,https://leap.epa.ie/licence-profile/D0034/compliance/return/bbd0ea50-8ce6-4567-aac0-9dd2d0f22117,2025-07-20T00:00:00+00:00,Closed,2025-07-20T00:00:00,D0034,188b6e9c-77a4-4dd9-895c-17080f6af298,https://data.epa.ie/leap/api/v1/MeetingCorrespondence/meetingbyid?meeting_id=bbd0ea50-8ce6-4567-aac0-9dd2d0f22117
Ringsend - D0034,Meeting,,https://leap.epa.ie/licence-profile/D0034/compliance/return/c1ac34d6-ec3b-47a8-bce9-b235baab1877,2025-07-20T00:00:00+00:00,Closed,2025-07-20T00:00:00,D0034,188b6e9c-77a4-4dd9-895c-17080f6af298,https://data.epa.ie/leap/api/v1/MeetingCorrespondence/meetingbyid?meeting_id=c1ac34d6-ec3b-47a8-bce9-b235baab1877
Ringsend - D0034,Meeting,,https://leap.epa.ie/licence-profile/D0034/compliance/return/c56fad74-1168-4d67-8fe4-5bf95903038a,2025-07-20T00:00:00+00:00,Closed,2025-07-20T00:00:00,D0034,188b6e9c-77a4-4dd9-895c-17080f6af298,https://data.epa.ie/leap/api/v1/MeetingCorrespondence/meetingbyid?meeting_id=c56fad74-1168-4d67-8fe4-5bf95903038a
Ringsend - D0034,Meeting,,https://leap.epa.ie/licence-profile/D0034/compliance/return/c943f9f4-6479-4014-b66f-1fd696a81795,2025-07-20T00:00:00+00:00,Closed,2025-07-20T00:00:00,D0034,188b6e9c-77a4-4dd9-895c-17080f6af298,https://data.epa.ie/leap/api/v1/MeetingCorrespondence/meetingbyid?meeting_id=c943f9f4-6479-4014-b66f-1fd696a81795
Ringsend - D0034,Meeting,,https://leap.epa.ie/licence-profile/D0034/compliance/return/caa7da11-78e6-44fc-8a1f-7789e5b1ba25,2025-07-20T00:00:00+00:00,Closed,2025-07-20T00:00:00,D0034,188b6e9c-77a4-4dd9-895c-17080f6af298,https://data.epa.ie/leap/api/v1/MeetingCorrespondence/meetingbyid?meeting_id=caa7da11-78e6-44fc-8a1f-7789e5b1ba25
Ringsend - D0034,Meeting,,https://leap.epa.ie/licence-profile/D0034/compliance/return/cb970262-3b00-44c0-bfe1-bb363f8048b5,2025-07-20T00:00:00+00:00,Closed,2025-07-20T00:00:00,D0034,188b6e9c-77a4-4dd9-895c-17080f6af298,https://data.epa.ie/leap/api/v1/MeetingCorrespondence/meetingbyid?meeting_id=cb970262-3b00-44c0-bfe1-bb363f8048b5
Ringsend - D0034,Meeting,,https://leap.epa.ie/licence-profile/D0034/compliance/return/d1c4361a-1fb9-4b03-a199-9d4d626fe418,2025-07-20T00:00:00+00:00,Closed,2025-07-20T00:00:00,D0034,188b6e9c-77a4-4dd9-895c-17080f6af298,https://data.epa.ie/leap/api/v1/MeetingCorrespondence/meetingbyid?meeting_id=d1c4361a-1fb9-4b03-a199-9d4d626fe418
Ringsend - D0034,Meeting,,https://leap.epa.ie/licence-profile/D0034/compliance/return/d28e85c0-49ec-406c-ab68-588375ca2542,2025-07-20T00:00:00+00:00,Closed,2025-07-20T00:00:00,D0034,188b6e9c-77a4-4dd9-895c-17080f6af298,https://data.epa.ie/leap/api/v1/MeetingCorrespondence/meetingbyid?meeting_id=d28e85c0-49ec-406c-ab68-588375ca2542
Ringsend - D0034,Meeting,,https://leap.epa.ie/licence-profile/D0034/compliance/return/d7378ec1-9e3a-445a-abc8-9d8504bef042,2025-07-20T00:00:00+00:00,Closed,2025-07-20T00:00:00,D0034,188b6e9c-77a4-4dd9-895c-17080f6af298,https://data.epa.ie/leap/api/v1/MeetingCorrespondence/meetingbyid?meeting_id=d7378ec1-9e3a-445a-abc8-9d8504bef042
Ringsend - D0034,Meeting,,https://leap.epa.ie/licence-profile/D0034/compliance/return/dcacc6d3-801a-4d90-827d-eb776a52e1ca,2025-07-20T00:00:00+00:00,Closed,2025-07-20T00:00:00,D0034,188b6e9c-77a4-4dd9-895c-17080f6af298,https://data.epa.ie/leap/api/v1/MeetingCorrespondence/meetingbyid?meeting_id=dcacc6d3-801a-4d90-827d-eb776a52e1ca
Ringsend - D0034,Meeting,,https://leap.epa.ie/licence-profile/D0034/compliance/return/dcb6c075-0b28-4d54-a854-ef05f16339ad,2025-07-20T00:00:00+00:00,Closed,2025-07-20T00:00:00,D0034,188b6e9c-77a4-4dd9-895c-17080f6af298,https://data.epa.ie/leap/api/v1/MeetingCorrespondence/meetingbyid?meeting_id=dcb6c075-0b28-4d54-a854-ef05f16339ad
Ringsend - D0034,Meeting,,https://leap.epa.ie/licence-profile/D0034/compliance/return/e22baa45-a2fc-4710-9aca-bab2365db80a,2025-07-20T00:00:00+00:00,Closed,2025-07-20T00:00:00,D0034,188b6e9c-77a4-4dd9-895c-17080f6af298,https://data.epa.ie/leap/api/v1/MeetingCorrespondence/meetingbyid?meeting_id=e22baa45-a2fc-4710-9aca-bab2365db80a
Ringsend - D0034,Meeting,,https://leap.epa.ie/licence-profile/D0034/compliance/return/e51a1206-f3f2-468e-bb53-36ebef95dbc0,2025-07-20T00:00:00+00:00,Closed,2025-07-20T00:00:00,D0034,188b6e9c-77a4-4dd9-895c-17080f6af298,https://data.epa.ie/leap/api/v1/MeetingCorrespondence/meetingbyid?meeting_id=e51a1206-f3f2-468e-bb53-36ebef95dbc0
Ringsend - D0034,Meeting,,https://leap.epa.ie/licence-profile/D0034/compliance/return/e90df150-7ff6-4a4b-9567-30f5f2e1a90b,2025-07-20T00:00:00+00:00,Closed,2025-07-20T00:00:00,D0034,188b6e9c-77a4-4dd9-895c-17080f6af298,https://data.epa.ie/leap/api/v1/MeetingCorrespondence/meetingbyid?meeting_id=e90df150-7ff6-4a4b-9567-30f5f2e1a90b
Ringsend - D0034,Meeting,,https://leap.epa.ie/licence-profile/D0034/compliance/return/ec09dd54-ff22-4a94-817e-4eee96afb46b,2025-07-20T00:00:00+00:00,Closed,2025-07-20T00:00:00,D0034,188b6e9c-77a4-4dd9-895c-17080f6af298,https://data.epa.ie/leap/api/v1/MeetingCorrespondence/meetingbyid?meeting_id=ec09dd54-ff22-4a94-817e-4eee96afb46b
Ringsend - D0034,Meeting,,https://leap.epa.ie/licence-profile/D0034/compliance/return/f2495768-afb7-4989-8cb3-15ecb9a1f32d,2025-07-20T00:00:00+00:00,Closed,2025-07-20T00:00:00,D0034,188b6e9c-77a4-4dd9-895c-17080f6af298,https://data.epa.ie/leap/api/v1/MeetingCorrespondence/meetingbyid?meeting_id=f2495768-afb7-4989-8cb3-15ecb9a1f32d
Ringsend - D0034,Meeting,,https://leap.epa.ie/licence-profile/D0034/compliance/return/f415f362-d345-45d2-8a79-21bc52a670aa,2025-07-20T00:00:00+00:00,Closed,2025-07-20T00:00:00,D0034,188b6e9c-77a4-4dd9-895c-17080f6af298,https://data.epa.ie/leap/api/v1/MeetingCorrespondence/meetingbyid?meeting_id=f415f362-d345-45d2-8a79-21bc52a670aa
Ringsend - D0034,Meeting,,https://leap.epa.ie/licence-profile/D0034/compliance/return/f462e10d-c979-46e1-a544-09162f1eda53,2025-07-20T00:00:00+00:00,Closed,2025-07-20T00:00:00,D0034,188b6e9c-77a4-4dd9-895c-17080f6af298,https://data.epa.ie/leap/api/v1/MeetingCorrespondence/meetingbyid?meeting_id=f462e10d-c979-46e1-a544-09162f1eda53
Ringsend - D0034,Meeting,,https://leap.epa.ie/licence-profile/D0034/compliance/return/f70814a1-c11d-4e03-85ec-b7dfc6e6511b,2025-07-20T00:00:00+00:00,Closed,2025-07-20T00:00:00,D0034,188b6e9c-77a4-4dd9-895c-17080f6af298,https://data.epa.ie/leap/api/v1/MeetingCorrespondence/meetingbyid?meeting_id=f70814a1-c11d-4e03-85ec-b7dfc6e6511b
Ringsend - D0034,Meeting,,https://leap.epa.ie/licence-profile/D0034/compliance/return/f75c5677-2437-4c96-bd4c-b47d89018dff,2025-07-20T00:00:00+00:00,Closed,2025-07-20T00:00:00,D0034,188b6e9c-77a4-4dd9-895c-17080f6af298,https://data.epa.ie/leap/api/v1/MeetingCorrespondence/meetingbyid?meeting_id=f75c5677-2437-4c96-bd4c-b47d89018dff
Ringsend - D0034,Meeting,,https://leap.epa.ie/licence-profile/D0034/compliance/return/f761fd35-4290-4c66-87d6-9ebc90fcccbb,2025-07-20T00:00:00+00:00,Closed,2025-07-20T00:00:00,D0034,188b6e9c-77a4-4dd9-895c-17080f6af298,https://data.epa.ie/leap/api/v1/MeetingCorrespondence/meetingbyid?meeting_id=f761fd35-4290-4c66-87d6-9ebc90fcccbb
Balbriggan - D0023,Complaint,Odour at Waste Treatment Plant on Barnageeragh Road,https://leap.epa.ie/licence-profile/D0023/compliance/complaint/08b550e2-2366-f011-a373-0050568a2d1a,2025-07-19T00:00:00+00:00,Open,2025-07-19T00:00:00,D0023,be170d92-a967-4d47-bcfa-6ef7f147d8a9,https://data.epa.ie/leap/api/v1/Complaint/byid?complaint_id=08b550e2-2366-f011-a373-0050568a2d1a
Balbriggan - D0023,Complaint,"Smell at waste treatment plant skerries, Co Dublin",https://leap.epa.ie/licence-profile/D0023/compliance/complaint/dfc4c74e-2666-f011-a373-0050568a2d1a,2025-07-19T00:00:00+00:00,Open,2025-07-19T00:00:00,D0023,be170d92-a967-4d47-bcfa-6ef7f147d8a9,https://data.epa.ie/leap/api/v1/Complaint/byid?complaint_id=dfc4c74e-2666-f011-a373-0050568a2d1a
